video_id,segment_id,video_path,transcript,duration,channel
6RBn0IVd3J4,000000,data/iborotti/clips/6RBn0IVd3J4/000000/mouth.mp4,"Hakikatin önemsizleşmesi, post -truth, seçkinlerin hakikatinin önemsizleşmesidir gerçekten.",6.66,AVANGART
6RBn0IVd3J4,000001,data/iborotti/clips/6RBn0IVd3J4/000001/mouth.mp4,"Fakat seçkinler hala söylem konusunda baskın oldukları için, gerçekliğin bir pürüzsüz temsili olarak ürettikleri kendi hakikatlerini bir sosyal hakikat olarak dile getirmezler,",15.2,AVANGART
6RBn0IVd3J4,000002,data/iborotti/clips/6RBn0IVd3J4/000002/mouth.mp4,dı hakikat olarak dile getirirler.,2.46,AVANGART
6RBn0IVd3J4,000003,data/iborotti/clips/6RBn0IVd3J4/000003/mouth.mp4,"Şöyle diyebiliriz kutuplaşma için, bir toplumda en az iki farklı görüşün birbirleriyle işaretler sistemi bağlamında ve simgesel düzen kurma bağlamında yaptıkları adlandırmaların ve tanımlamaların",15.51,AVANGART
6RBn0IVd3J4,000004,data/iborotti/clips/6RBn0IVd3J4/000004/mouth.mp4,birbirleriyle hiç uyuşmaması ve buna rağmen birbirleri arasında bir bağlantı kurup acaba bir uzlaşma yapabilir miyiz diye düşünülmemesi karşı tarafı sadece olası görüşlerden bir başkası olarak,16.14,AVANGART
6RBn0IVd3J4,000005,data/iborotti/clips/6RBn0IVd3J4/000005/mouth.mp4,"değil, düşman olarak görmesi.",2.54,AVANGART
6RBn0IVd3J4,000006,data/iborotti/clips/6RBn0IVd3J4/000006/mouth.mp4,"Merhabalar, bugün kutuplaşma üzerine konuşacağız.",3.63,AVANGART
6RBn0IVd3J4,000007,data/iborotti/clips/6RBn0IVd3J4/000007/mouth.mp4,Kutuplaşma bayadır hayatımızda var olan bir kelime.,3.24,AVANGART
6RBn0IVd3J4,000008,data/iborotti/clips/6RBn0IVd3J4/000008/mouth.mp4,Belki de post -truth tartışmalarıyla ben onu hakikatin önemsizleşmesi olarak çevirmiştim.,4.46,AVANGART
6RBn0IVd3J4,000009,data/iborotti/clips/6RBn0IVd3J4/000009/mouth.mp4,Yalanın Siyaseti adlı kitabımda 2017'de.,2.38,AVANGART
6RBn0IVd3J4,000010,data/iborotti/clips/6RBn0IVd3J4/000010/mouth.mp4,"Popülizm, kutuplaşma, post -truth, post -modernizm bence bunlar el ele gelen bir işaretler sistemi.",7.3,AVANGART
6RBn0IVd3J4,000011,data/iborotti/clips/6RBn0IVd3J4/000011/mouth.mp4,Ve aynı zamanda yeni bir simgesel düzen.,3.34,AVANGART
6RBn0IVd3J4,000012,data/iborotti/clips/6RBn0IVd3J4/000012/mouth.mp4,"Bu işaretler sistemi arasında kutuplaşma,",3.22,AVANGART
6RBn0IVd3J4,000013,data/iborotti/clips/6RBn0IVd3J4/000013/mouth.mp4,biliyorsunuz çeşitli sözlükler yılın sözcüklerini seçiyorlar.,3.88,AVANGART
6RBn0IVd3J4,000014,data/iborotti/clips/6RBn0IVd3J4/000014/mouth.mp4,Webster sözlüğü de yılın sözcüğü olarak kutuplaşmayı seçti.,4.32,AVANGART
6RBn0IVd3J4,000015,data/iborotti/clips/6RBn0IVd3J4/000015/mouth.mp4,Açıkçası birazcık da geç kalınmış bir seçim gibi görünüyor.,4.06,AVANGART
6RBn0IVd3J4,000016,data/iborotti/clips/6RBn0IVd3J4/000016/mouth.mp4,Nedir bu kutuplaşma dediğimizde şöyle belki başlayabiliriz buna.,4.56,AVANGART
6RBn0IVd3J4,000017,data/iborotti/clips/6RBn0IVd3J4/000017/mouth.mp4,açıkçası postmodernite ile beraber rasyonelitenin geride kalması bizim tanım yapmamızı güçleştiriyor.,9.1,AVANGART
6RBn0IVd3J4,000018,data/iborotti/clips/6RBn0IVd3J4/000018/mouth.mp4,"Çünkü postmodernite modernizmin aksine rasyonelite yerine irrasyoneliteyi, serbestlileri, bağlar arasındaki gevşemeleri, atomize olmayı, ilişkiselliğin düşmesini, olgular yerine duyguların, algıların öne",15.66,AVANGART
6RBn0IVd3J4,000019,data/iborotti/clips/6RBn0IVd3J4/000019/mouth.mp4,"geçmesi gibi nedenlerden ötürü Rasyonaliteye bir kalkışma, bir ayaklanma gibi görünüyor.",7.4,AVANGART
6RBn0IVd3J4,000020,data/iborotti/clips/6RBn0IVd3J4/000020/mouth.mp4,Bu yüzden de rasyonalitenin temelinde yer alan şeylerden biri olan tanımlamayı ciddi bir şekilde dışarıda bırakıyor.,7.74,AVANGART
6RBn0IVd3J4,000021,data/iborotti/clips/6RBn0IVd3J4/000021/mouth.mp4,Peki şöyle düşünemez miyiz diye düşünebiliriz tabii.,3.16,AVANGART
6RBn0IVd3J4,000022,data/iborotti/clips/6RBn0IVd3J4/000022/mouth.mp4,"Biz rasyonelsek, irrasyonel olan bir şeyi tanımlayamaz mıyız hala?",5.0,AVANGART
6RBn0IVd3J4,000023,data/iborotti/clips/6RBn0IVd3J4/000023/mouth.mp4,Tanımlayamayabiliriz. En azından mutlak bir isabet sağlayamayabiliriz.,4.58,AVANGART
6RBn0IVd3J4,000024,data/iborotti/clips/6RBn0IVd3J4/000024/mouth.mp4,"Çünkü tanımda şu şöyledir, bu böyledir dediğimiz şeyler",5.34,AVANGART
6RBn0IVd3J4,000025,data/iborotti/clips/6RBn0IVd3J4/000025/mouth.mp4,daha stabil bir dünya tasarımı için geçerliyken bu yeni dünya tasarımında hiçbir şey o kadar dengede görünmediği için her an eski pozisyonunu terk edebiliyor.,12.2,AVANGART
6RBn0IVd3J4,000026,data/iborotti/clips/6RBn0IVd3J4/000026/mouth.mp4,Bu da tanımın bir boşa düşüp bir tekrar mümkün olmasını getiriyor.,5.52,AVANGART
6RBn0IVd3J4,000027,data/iborotti/clips/6RBn0IVd3J4/000027/mouth.mp4,Bunlara rağmen yine de bir tanım getirmeye çalışayım ama konuşma için de muhtemelen tanımın yeni açılımları da kendisini gösterecektir.,8.2,AVANGART
6RBn0IVd3J4,000028,data/iborotti/clips/6RBn0IVd3J4/000028/mouth.mp4,"Şöyle diyebiliriz kutuplaşma için, bir toplumda en az iki farklı görüşün birbirleriyle işaretler sistemi bağlamında ve simgesel düzen kurma bağlamında yani eşyalara, ilişkilere, olaylara,",15.6,AVANGART
6RBn0IVd3J4,000029,data/iborotti/clips/6RBn0IVd3J4/000029/mouth.mp4,"insanlara, durumlara ilişkin",2.42,AVANGART
6RBn0IVd3J4,000030,data/iborotti/clips/6RBn0IVd3J4/000030/mouth.mp4,yaptıkları adlandırmaların ve tanımlamaların birbirleriyle hiç uyuşmaması ve buna rağmen birbirleri arasında bir bağlantı kurup acaba bir uzlaşma yapabilir miyiz diye düşünülmemesi ve tarafların,16.2,AVANGART
6RBn0IVd3J4,000031,data/iborotti/clips/6RBn0IVd3J4/000031/mouth.mp4,kendi tanımlarına aşırı derecede sadık kalıp kendi görüşlerini ve yorumlarını şaşmaz olarak nitelemelerine rağmen,8.1,AVANGART
6RBn0IVd3J4,000032,data/iborotti/clips/6RBn0IVd3J4/000032/mouth.mp4,karşı tarafı sadece olası görüşlerden bir başkası olarak değil düşman olarak görmesi.,7.52,AVANGART
6RBn0IVd3J4,000033,data/iborotti/clips/6RBn0IVd3J4/000033/mouth.mp4,Böylece kutuplaşmada diyelim ki iki tane olsun daha kolay bir anlaşma zemini sağlamamız için ama daha çok da olabilir.,7.72,AVANGART
6RBn0IVd3J4,000034,data/iborotti/clips/6RBn0IVd3J4/000034/mouth.mp4,Ama genellikle iki kutupta yoğunlaşıyor bu iş hakikaten.,3.66,AVANGART
6RBn0IVd3J4,000035,data/iborotti/clips/6RBn0IVd3J4/000035/mouth.mp4,"iki kutubun dünya görüşleri olarak, dünyayı isimlendirme, anlamlandırma olarak kendi tezlerinin dışında kalan her tezi",9.54,AVANGART
6RBn0IVd3J4,000036,data/iborotti/clips/6RBn0IVd3J4/000036/mouth.mp4,"troll, sahtekar, düşman, hain, işbirlikçi veya kendi yapmak istediği dünyayı bozmaya çalışan bir terörist gibi algılaması.",12.22,AVANGART
6RBn0IVd3J4,000037,data/iborotti/clips/6RBn0IVd3J4/000037/mouth.mp4,Kutuplaşmada iki tane dünya tasarımı arasında hiçbir şekilde uzlaşı olmaz.,6.72,AVANGART
6RBn0IVd3J4,000038,data/iborotti/clips/6RBn0IVd3J4/000038/mouth.mp4,Uzlaşı kurmaya yönelik bir girişim de olmaz ve taraflar kendi görüşlerinden son derece eminken ve bunu bütün görüşlerin tamamıyla tüm yelpazesine yayarken karşı tarafın,16.22,AVANGART
6RBn0IVd3J4,000039,data/iborotti/clips/6RBn0IVd3J4/000039/mouth.mp4,tek bir düşüncesinin bile doğru olmadığına inanırlar.,3.6,AVANGART
6RBn0IVd3J4,000040,data/iborotti/clips/6RBn0IVd3J4/000040/mouth.mp4,Böylece taraflar kendi dünyalarını inşa ederken tersten de gidebilirler.,5.64,AVANGART
6RBn0IVd3J4,000041,data/iborotti/clips/6RBn0IVd3J4/000041/mouth.mp4,Yani karşı taraf böyle düşünüyorsa demek ki böyle düşünmeyebilirim.,4.48,AVANGART
6RBn0IVd3J4,000042,data/iborotti/clips/6RBn0IVd3J4/000042/mouth.mp4,Kutuplaşma özetle böyle. Peki nasıl oluşuyor bu kutuplaşma?,4.14,AVANGART
6RBn0IVd3J4,000043,data/iborotti/clips/6RBn0IVd3J4/000043/mouth.mp4,Biraz önce anahtar bazı sözcüklerden bahsettim.,2.92,AVANGART
6RBn0IVd3J4,000044,data/iborotti/clips/6RBn0IVd3J4/000044/mouth.mp4,"Ne dedim mesela? İşaretler sistemi dedim, simgesel düzen dedim, olgulara, nesnelere, ilişkilere, insanlara verilen adlandırmalar demiştim.",7.68,AVANGART
6RBn0IVd3J4,000045,data/iborotti/clips/6RBn0IVd3J4/000045/mouth.mp4,Bence mesele buralardan çıkıyor. Peki nasıl çıkıyor böyle bir mesele?,4.6,AVANGART
6RBn0IVd3J4,000046,data/iborotti/clips/6RBn0IVd3J4/000046/mouth.mp4,Adlandırma bence temel noktalardan bir tanesi burası.,3.4,AVANGART
6RBn0IVd3J4,000047,data/iborotti/clips/6RBn0IVd3J4/000047/mouth.mp4,Adlandırma ve ilişkiler arasında bağlantı kurma.,3.24,AVANGART
6RBn0IVd3J4,000048,data/iborotti/clips/6RBn0IVd3J4/000048/mouth.mp4,Ne oluyor burada? Bizler dünyayla yani kendimiz dışındaki ve kendimizi de dahil ederek çünkü kendimize de bir öteki gibi de bakarız zaman zaman veya içten birisi olarak baktığımızda da,11.84,AVANGART
6RBn0IVd3J4,000049,data/iborotti/clips/6RBn0IVd3J4/000049/mouth.mp4,"gördüğümüz, karşılaştığımız, duyularımıza çarpan şeyler sayısızdır.",5.6,AVANGART
6RBn0IVd3J4,000050,data/iborotti/clips/6RBn0IVd3J4/000050/mouth.mp4,Ve bu sayısız yani katrilyonlarca veri altında bizim zihnimiz birkaç veriyle aynı anda işlem yapmaya daha izin verir gibi,10.98,AVANGART
6RBn0IVd3J4,000051,data/iborotti/clips/6RBn0IVd3J4/000051/mouth.mp4,görünmektedir. Yani sayısız bir veri bolluğu karşısında birkaç veriyi işleyebilen bir zihinle ve duygu durumuyla karşı karşıyayız.,11.7,AVANGART
6RBn0IVd3J4,000052,data/iborotti/clips/6RBn0IVd3J4/000052/mouth.mp4,"Böyle olduğunda kişiler dünyadaki sayısız veri arasından seçim yaparak, algıda seçerek, daha baştan kendi önyargılarıyla içine doğduğu dünyada öğrendiği, kendisine enjekte edilen, dil aracılığıyla",16.0,AVANGART
6RBn0IVd3J4,000053,data/iborotti/clips/6RBn0IVd3J4/000053/mouth.mp4,kendisine yüklenen pek çok kısa yolu adlandırmayı kullanarak,5.7,AVANGART
6RBn0IVd3J4,000054,data/iborotti/clips/6RBn0IVd3J4/000054/mouth.mp4,yeni adlandırmaları buna göre tanımlar veya,4.14,AVANGART
6RBn0IVd3J4,000055,data/iborotti/clips/6RBn0IVd3J4/000055/mouth.mp4,yeni tanımlamalara adlandırma vermeyerek onları göz ardı.,5.1,AVANGART
6RBn0IVd3J4,000056,data/iborotti/clips/6RBn0IVd3J4/000056/mouth.mp4,Böyle bir dünyada kişiyi şöyle düşünmek gerekir.,3.72,AVANGART
6RBn0IVd3J4,000057,data/iborotti/clips/6RBn0IVd3J4/000057/mouth.mp4,Kişi bir tabula rasa olarak dünyaya gelir mi?,3.9,AVANGART
6RBn0IVd3J4,000058,data/iborotti/clips/6RBn0IVd3J4/000058/mouth.mp4,Boş bir levha olarak mı gelir? Felsefe derslerinden hatırlayacaksınızdır hepiniz.,4.58,AVANGART
6RBn0IVd3J4,000059,data/iborotti/clips/6RBn0IVd3J4/000059/mouth.mp4,Bazı görüşlere göre de biliyorsunuz her şeyi biliyor olarak geliyoruz felsefede.,4.34,AVANGART
6RBn0IVd3J4,000060,data/iborotti/clips/6RBn0IVd3J4/000060/mouth.mp4,Burada her şeyi unuttuğumuz için yavaş yavaş anımsıyoruz.,3.32,AVANGART
6RBn0IVd3J4,000061,data/iborotti/clips/6RBn0IVd3J4/000061/mouth.mp4,Söylediğimiz tanımın önemi yok. Önemli olan şu.,2.62,AVANGART
6RBn0IVd3J4,000062,data/iborotti/clips/6RBn0IVd3J4/000062/mouth.mp4,Biz bir birey olarak dünyadaki her şeyi en baştan kendi çektiğimiz veriye göre mi düzenliyoruz?,8.24,AVANGART
6RBn0IVd3J4,000063,data/iborotti/clips/6RBn0IVd3J4/000063/mouth.mp4,Hayır. Neden? Çünkü biz bir insan olarak doğduğumuzda son derece savunmasızızız.,6.26,AVANGART
6RBn0IVd3J4,000064,data/iborotti/clips/6RBn0IVd3J4/000064/mouth.mp4,"Yemek yemeyi bilmiyoruz, elimizi kolumuzu kullanmayı bilmiyoruz, yürüyemiyoruz, dünya hakkında hiçbir görüş oluşturamıyoruz.",7.06,AVANGART
6RBn0IVd3J4,000065,data/iborotti/clips/6RBn0IVd3J4/000065/mouth.mp4,"Kendi bedenimizi dahi kullanamıyoruz. Böyle bir durumda topluluk bize el vermezse ne beslenebiliyoruz, ne su içebiliyoruz,",8.68,AVANGART
6RBn0IVd3J4,000066,data/iborotti/clips/6RBn0IVd3J4/000066/mouth.mp4,"hiçbir şey yapamıyoruz. Ölüm mutlak ve belki de bir gün içinde, belki de maksimum birkaç gün içinde.",5.72,AVANGART
6RBn0IVd3J4,000067,data/iborotti/clips/6RBn0IVd3J4/000067/mouth.mp4,Bu yüzden bizim biyolojik zaten yetersizliğimiz nedeniyle biz hayata bir birey olarak başlayamıyoruz.,7.28,AVANGART
6RBn0IVd3J4,000068,data/iborotti/clips/6RBn0IVd3J4/000068/mouth.mp4,Biz hayata toplumun koruyup kolladığı bir fert olarak başlıyoruz.,4.92,AVANGART
6RBn0IVd3J4,000069,data/iborotti/clips/6RBn0IVd3J4/000069/mouth.mp4,Yani toplumun bir parçası olarak başlıyoruz hayata.,3.18,AVANGART
6RBn0IVd3J4,000070,data/iborotti/clips/6RBn0IVd3J4/000070/mouth.mp4,Aksi takdirde devam edemiyoruz. Toplumun bir parçası olarak başladığımızda ise,4.58,AVANGART
6RBn0IVd3J4,000071,data/iborotti/clips/6RBn0IVd3J4/000071/mouth.mp4,"her şeyin daha önce adlandırılmış, her şeyin daha önce işaret sistemi olarak oluşturulduğu bir simgesel düzenin yapılandığı bir dünyanın içine geliyoruz.",11.72,AVANGART
6RBn0IVd3J4,000072,data/iborotti/clips/6RBn0IVd3J4/000072/mouth.mp4,İçine doğduğumuz toplum bunların neredeyse hepsini halletmiş oluyor. Ve biz,4.6,AVANGART
6RBn0IVd3J4,000073,data/iborotti/clips/6RBn0IVd3J4/000073/mouth.mp4,bu simgesel işaretlerden oluşan düzeni dil aracılığıyla yavaş yavaş içine doğduğumuz toplumdaki kişiler aracılığıyla öğrenmeye başlıyoruz.,11.74,AVANGART
6RBn0IVd3J4,000074,data/iborotti/clips/6RBn0IVd3J4/000074/mouth.mp4,Yani bize bir enjeksiyon var.,2.46,AVANGART
6RBn0IVd3J4,000075,data/iborotti/clips/6RBn0IVd3J4/000075/mouth.mp4,Biz nesneleri sıfırdan adlandırmıyoruz.,2.66,AVANGART
6RBn0IVd3J4,000076,data/iborotti/clips/6RBn0IVd3J4/000076/mouth.mp4,"Belki de binlerce yıllık bir süre içinde adlandırılmış, koskoca inşa edilmiş bir yapının yapısını sökmeye çalışıyoruz.",9.34,AVANGART
6RBn0IVd3J4,000077,data/iborotti/clips/6RBn0IVd3J4/000077/mouth.mp4,Yani yeni bir yapı inşa etmekten çok,2.28,AVANGART
6RBn0IVd3J4,000078,data/iborotti/clips/6RBn0IVd3J4/000078/mouth.mp4,"içine doğduğumuz tarihsel, kültürel, biricik toplumun",4.58,AVANGART
6RBn0IVd3J4,000079,data/iborotti/clips/6RBn0IVd3J4/000079/mouth.mp4,"bin yıllar içinde, yüzyıllar içinde oluşturduğu yapının ne olduğunu anlamaya çalışıyoruz.",6.84,AVANGART
6RBn0IVd3J4,000080,data/iborotti/clips/6RBn0IVd3J4/000080/mouth.mp4,Ve bunu istemesek de maruz kalarak gerçekleştiriyoruz.,4.44,AVANGART
6RBn0IVd3J4,000081,data/iborotti/clips/6RBn0IVd3J4/000081/mouth.mp4,"Böylece bize adlandırmaları, ilişkalarını enjekte eden toplum da bunu kendi icat etmemiş oluyor.",7.92,AVANGART
6RBn0IVd3J4,000082,data/iborotti/clips/6RBn0IVd3J4/000082/mouth.mp4,Bunu icat edenlerin çoğu ölü.,2.24,AVANGART
6RBn0IVd3J4,000083,data/iborotti/clips/6RBn0IVd3J4/000083/mouth.mp4,"Sadece bir miktar belki geliştiriyorlar ve gelişen değişen şartlara göre, teknolojik yapıya göre, ilişki ağlarının yenilenmesine göre, üretim ilişkilerinin farklılaşmasına göre bu elbette bir miktar değişiyor. Fakat değişimin",15.54,AVANGART
6RBn0IVd3J4,000084,data/iborotti/clips/6RBn0IVd3J4/000084/mouth.mp4,"kendisi minör,",2.16,AVANGART
6RBn0IVd3J4,000085,data/iborotti/clips/6RBn0IVd3J4/000085/mouth.mp4,büyük olan yapı majör.,2.24,AVANGART
6RBn0IVd3J4,000086,data/iborotti/clips/6RBn0IVd3J4/000086/mouth.mp4,"Bu yapı içinde kişiler, doğduğu toplum",4.14,AVANGART
6RBn0IVd3J4,000087,data/iborotti/clips/6RBn0IVd3J4/000087/mouth.mp4,"ne tür bir ifadelendirme kullanıyorsa, ne tür bir gramer kullanıyorsa, ne tür sözcükler kullanıyorsa onun içine enjekte olup o yapı içinde",9.42,AVANGART
6RBn0IVd3J4,000088,data/iborotti/clips/6RBn0IVd3J4/000088/mouth.mp4,hayatı anlamlandırmaya başlıyor. Ve veri seçerken de daha önce yapının yani daha önce toplumun kendisi için seçmiş olduğu verilere dikkat kesiliyor.,10.98,AVANGART
6RBn0IVd3J4,000089,data/iborotti/clips/6RBn0IVd3J4/000089/mouth.mp4,"Böylece mütedeyin bir ailede doğan kişi, mütedeyin özellikler gösterip, mütedeyin bir vokableriye sahip olup, mütedeyin bir işaretler sisteminin içinde, mütedeyin bir simgesel düzen içinde yaşıyor.",13.5,AVANGART
6RBn0IVd3J4,000090,data/iborotti/clips/6RBn0IVd3J4/000090/mouth.mp4,Ya simgesel düzenden ne kastediyorum mesela?,2.5,AVANGART
6RBn0IVd3J4,000091,data/iborotti/clips/6RBn0IVd3J4/000091/mouth.mp4,"Şöyle diyebiliriz, hiyerarşik bir toplumsal düzen olabilir.",4.64,AVANGART
6RBn0IVd3J4,000092,data/iborotti/clips/6RBn0IVd3J4/000092/mouth.mp4,"Mesela şöyle diyelim, mütedeyin bir kişi için en tepede Tanrı, Allah.",5.34,AVANGART
6RBn0IVd3J4,000093,data/iborotti/clips/6RBn0IVd3J4/000093/mouth.mp4,Bu büyük kapsayıcı Tanrı 'nın altında yaratılmış olan varlıklar.,6.18,AVANGART
6RBn0IVd3J4,000094,data/iborotti/clips/6RBn0IVd3J4/000094/mouth.mp4,"Bu varlıklar arasında, farklı dinlere inananlar arasında mütedeyinin dini hangi dinse onun öncelikli diğerlerinin kafir olduğu, seküler anlayışın işaretlendirmelerinin onun için tedirgin edici ve yanlış ve küfre yönelik",15.96,AVANGART
6RBn0IVd3J4,000096,data/iborotti/clips/6RBn0IVd3J4/000096/mouth.mp4,"Yine bilim insanından çok belki din insanlarının öncelikli olduğu, belki eşitliğin değil",8.44,AVANGART
6RBn0IVd3J4,000097,data/iborotti/clips/6RBn0IVd3J4/000097/mouth.mp4,daha hiyerarşik bir yapının bulunduğu bir yer görürken her zaman böyle olması gerekmez bu arada.,6.6,AVANGART
6RBn0IVd3J4,000098,data/iborotti/clips/6RBn0IVd3J4/000098/mouth.mp4,"Mütedeyin olmayan bir aileye doğan, bir topluma doğan kişinin ise seçtiği sözcüklerin, işaret sisteminin, simgesel düzenin ona göre değişmesi.",9.28,AVANGART
6RBn0IVd3J4,000099,data/iborotti/clips/6RBn0IVd3J4/000099/mouth.mp4,"En tepede başka bir varlığa yer açılması, Tanrı 'nın başka bir varlıkla yer değiştirmesi.",6.32,AVANGART
6RBn0IVd3J4,000100,data/iborotti/clips/6RBn0IVd3J4/000100/mouth.mp4,"Bu demokrasi olabilir, toplum olabilir, bireyin kendisi olabilir, özgürlük olabilir, hiç olabilir, hiççilik bağlamında hiçbir şey olabilir.",8.86,AVANGART
6RBn0IVd3J4,000101,data/iborotti/clips/6RBn0IVd3J4/000101/mouth.mp4,"Fakat önemli olan şu, aynı dünyayı yaşarken iki tarafta aynı şeyleri veri seti olarak karşılarken bedeniyle farklı şeyleri seçmesi ve sayısız veri arasında birkaç tane şeyi seçip ona göre bir",15.92,AVANGART
6RBn0IVd3J4,000102,data/iborotti/clips/6RBn0IVd3J4/000102/mouth.mp4,işaretler sistemi oluşturup bunu dilsel olarak ifade etmeye başlaması ve dünyayı bir süre sonra konuştukları bu dil aracılığıyla deşifre ettiklerinden,13.04,AVANGART
6RBn0IVd3J4,000103,data/iborotti/clips/6RBn0IVd3J4/000103/mouth.mp4,ben buna aslında tersini düşünüyorum.,2.5,AVANGART
6RBn0IVd3J4,000104,data/iborotti/clips/6RBn0IVd3J4/000104/mouth.mp4,"Dil dünyayı deşifre etmiyor, icat ediyor.",2.9,AVANGART
6RBn0IVd3J4,000105,data/iborotti/clips/6RBn0IVd3J4/000105/mouth.mp4,"Neden? Çünkü dil dediğimiz şey gördüğümüz dünyanın, görmediğimiz ilişki ağlarının ama hissettiğimiz ilişki ağlarının zihnimizde temsil edilmesi.",10.58,AVANGART
6RBn0IVd3J4,000106,data/iborotti/clips/6RBn0IVd3J4/000106/mouth.mp4,"Yani bir tarafta benim zihnim olmaksızın var olan, benim zihnime var olmak için gereksinimi duymayan ve ben yorumlamaksızın da var olan olduğunu kabul ettiğimiz bir gerçeklik var.",15.08,AVANGART
6RBn0IVd3J4,000107,data/iborotti/clips/6RBn0IVd3J4/000107/mouth.mp4,Bu gerçekliğin zihnime gerçekliği olduğu gibi atamadığı için tercüme ederek bir temsil şeklinde zihne atması var.,10.76,AVANGART
6RBn0IVd3J4,000108,data/iborotti/clips/6RBn0IVd3J4/000108/mouth.mp4,"Şöyle düşünebiliriz, İstanbul 'u düşünün.",2.36,AVANGART
6RBn0IVd3J4,000109,data/iborotti/clips/6RBn0IVd3J4/000109/mouth.mp4,"İstanbul 'un gerçeği nedir? Bütün kaldırım taşları içinde yaşayan, bütün insanlar içinde yaşayan, bütün güvercinler, bütün su zerrecikleri, boğazdaki bütün yunus balıkları.",9.8,AVANGART
6RBn0IVd3J4,000110,data/iborotti/clips/6RBn0IVd3J4/000110/mouth.mp4,Oynak bir yapı gösteren dev bir İstanbul var.,3.04,AVANGART
6RBn0IVd3J4,000111,data/iborotti/clips/6RBn0IVd3J4/000111/mouth.mp4,Fakat bizler zihnimizde İstanbul 'u böyle görmeyiz.,3.64,AVANGART
6RBn0IVd3J4,000112,data/iborotti/clips/6RBn0IVd3J4/000112/mouth.mp4,"İstanbul 'un bütün semtlerine hakim değilizdir, bütün binalarını, bütün sokaklarını bilmeyiz.",5.24,AVANGART
6RBn0IVd3J4,000113,data/iborotti/clips/6RBn0IVd3J4/000113/mouth.mp4,Kafamızda bir İstanbul temsili oluştururuz.,3.14,AVANGART
6RBn0IVd3J4,000114,data/iborotti/clips/6RBn0IVd3J4/000114/mouth.mp4,"Neye göre? Seçtiğim birkaç veriye göre, İstanbul 'un en çok kullandığım yerlerine göre, benim için anıları bulunan, anıtsal görünen veya toplum için anıtsal bulunmuş bazı İstanbul imgeleriyle benim deneyimlediğim İstanbul arasında bağlantılar kurarak.",16.04,AVANGART
6RBn0IVd3J4,000115,data/iborotti/clips/6RBn0IVd3J4/000115/mouth.mp4,"Böylece hipotetik söylüyorum, Kız Kulesi, Boğaz, İstanbul Üniversitesi 'nin girişi, Beyazıt Meydanı, İstiklal Caddesi, Bağdat Caddesi gibi, Çamlıca Tepesi, Tarabya Oteli gibi",13.54,AVANGART
6RBn0IVd3J4,000116,data/iborotti/clips/6RBn0IVd3J4/000116/mouth.mp4,bazı referans noktalarından oluşan parçalı ve gerçek İstanbul 'a göre çok hafif kalan bir İstanbul temsiliyle karşılaşırız.,9.7,AVANGART
6RBn0IVd3J4,000117,data/iborotti/clips/6RBn0IVd3J4/000117/mouth.mp4,"Bu İstanbul temsilinde aynı zamanda dostluklar, arkadaşlıklar, güzel anılar, kötü anılar, entelektüel deneyimler, girişimler, bedensel faaliyetler pek çok şey vardır.",11.44,AVANGART
6RBn0IVd3J4,000118,data/iborotti/clips/6RBn0IVd3J4/000118/mouth.mp4,Yani İstanbul 'u sadece bir mimari olarak da algılamayız.,3.42,AVANGART
6RBn0IVd3J4,000119,data/iborotti/clips/6RBn0IVd3J4/000119/mouth.mp4,Fakat algıladığımız her şey,2.24,AVANGART
6RBn0IVd3J4,000120,data/iborotti/clips/6RBn0IVd3J4/000120/mouth.mp4,zihnimizde tutulabilmek için zihnimizin gerçekliği algılamayıp onu bir temsil olarak zihnine attığı şeylerle ilişkili bir işaretler sistemidir.,11.2,AVANGART
6RBn0IVd3J4,000121,data/iborotti/clips/6RBn0IVd3J4/000121/mouth.mp4,Yani İstiklal Caddesi dediğimde ben ilkokulu ve ortaokulu İstiklal Caddesi 'nde okumuştum.,6.66,AVANGART
6RBn0IVd3J4,000122,data/iborotti/clips/6RBn0IVd3J4/000122/mouth.mp4,"Bu yüzden İstiklal Caddesi dendiğinde ben bir tramvayın geçtiği ve sağlı sollu restoranlardan, butiklerden, kitapçılardan oluşan bir yer değil, aynı zamanda ilkokul ve ortaokul anılarımın bütününün bir",15.34,AVANGART
6RBn0IVd3J4,000123,data/iborotti/clips/6RBn0IVd3J4/000123/mouth.mp4,"mekanı olarak gördüğüm için İstiklal Caddesi 'ni,",3.32,AVANGART
6RBn0IVd3J4,000124,data/iborotti/clips/6RBn0IVd3J4/000124/mouth.mp4,bendeki iz düşümü farklıdır.,2.88,AVANGART
6RBn0IVd3J4,000125,data/iborotti/clips/6RBn0IVd3J4/000125/mouth.mp4,"Bendeki işaretler sistemine göre şimdi çoğu var olmayan mesela Haşet Kitabevi gibi, ABC Kitabevi gibi, işte o dönemde sıkça arkadaşlarımızla kaçarak gittiğimiz atari salonları gibi yerler",12.96,AVANGART
6RBn0IVd3J4,000126,data/iborotti/clips/6RBn0IVd3J4/000126/mouth.mp4,benim İstiklal Caddesi dendiğinde kafama üşüşen anılarımın bağlayıcılığını oluşturan bir yer.,7.14,AVANGART
6RBn0IVd3J4,000127,data/iborotti/clips/6RBn0IVd3J4/000127/mouth.mp4,Peki bütün bunları nasıl zihnimde tutuyorum?,3.1,AVANGART
6RBn0IVd3J4,000128,data/iborotti/clips/6RBn0IVd3J4/000128/mouth.mp4,Zihnimde bir bağlam yaratarak.,2.26,AVANGART
6RBn0IVd3J4,000129,data/iborotti/clips/6RBn0IVd3J4/000129/mouth.mp4,"Zihnim her bir yeni deneyimimi eskilerle, ki eskiler de değişmektedir ve bugünle ve gelecek planlarımla dönüşmektedir, her birini görünmeyen belli bağlarla birbirlerine zincirlerim ve yavaş yavaş bu",16.18,AVANGART
6RBn0IVd3J4,000130,data/iborotti/clips/6RBn0IVd3J4/000130/mouth.mp4,"zincir genişler, zaman zaman daralır, bazı şeyleri unuturum, bazı şeyleri bastırırım,",5.72,AVANGART
6RBn0IVd3J4,000131,data/iborotti/clips/6RBn0IVd3J4/000131/mouth.mp4,"bazı şeylerde gelecek planlarımı değiştirdiğimde geçmişimdeki bazı şeyler önem kazanır, Bazıları önem yitirir, bazılarını artık saklamam gerektiğini düşünürüm, bazılarını ön plana çıkarmayı düşünürüm.",11.54,AVANGART
6RBn0IVd3J4,000132,data/iborotti/clips/6RBn0IVd3J4/000132/mouth.mp4,Bazen de bunların hiçbirinin bilincinde olmadan bunları yaparım.,3.8,AVANGART
6RBn0IVd3J4,000133,data/iborotti/clips/6RBn0IVd3J4/000133/mouth.mp4,Hatta çoğu kez böyle yaparım. Fakat bunları yaparken,3.86,AVANGART
6RBn0IVd3J4,000134,data/iborotti/clips/6RBn0IVd3J4/000134/mouth.mp4,bunların hiçbirisi gerçekliğe denk gelmemektedir. Bunların,4.36,AVANGART
6RBn0IVd3J4,000135,data/iborotti/clips/6RBn0IVd3J4/000135/mouth.mp4,hepsi benim zihnimde oluşturduğum temsillerin birbirleri arasındaki bağlantılarıyla oluşmaktadır.,6.52,AVANGART
6RBn0IVd3J4,000136,data/iborotti/clips/6RBn0IVd3J4/000136/mouth.mp4,Yani dış dünyadan bir miktar bağımsız bir işlem yapıyorum gibidir.,4.98,AVANGART
6RBn0IVd3J4,000137,data/iborotti/clips/6RBn0IVd3J4/000137/mouth.mp4,Bu yüzden zihin bunları bir dil aracılığıyla yapıyor.,4.78,AVANGART
6RBn0IVd3J4,000138,data/iborotti/clips/6RBn0IVd3J4/000138/mouth.mp4,"Nedir bu dil? Gerçekte olup biteni seçmeci bir şekilde seçen, seçebildiklerine isimler veren,",7.48,AVANGART
6RBn0IVd3J4,000139,data/iborotti/clips/6RBn0IVd3J4/000139/mouth.mp4,onları sözcükler haline getiren ve daha sonra tercüme edilmiş,4.08,AVANGART
6RBn0IVd3J4,000140,data/iborotti/clips/6RBn0IVd3J4/000140/mouth.mp4,bu sözcükler aracılığıyla gerçekliği temsil eden bir işaretler sistemi kurulması Ve bu işaretler sistemi aracılığıyla zihnimde dünyaya ilişkin ve kendime ilişkin simgesel bir düzen kurmamdır.,15.24,AVANGART
6RBn0IVd3J4,000141,data/iborotti/clips/6RBn0IVd3J4/000141/mouth.mp4,"Hayat düzenli değildir, kaotik olana yakındır.",3.4,AVANGART
6RBn0IVd3J4,000142,data/iborotti/clips/6RBn0IVd3J4/000142/mouth.mp4,Ama bizim zihnimiz kozmosla düşünmeye elverişlidir.,4.3,AVANGART
6RBn0IVd3J4,000143,data/iborotti/clips/6RBn0IVd3J4/000143/mouth.mp4,"Bu yüzden kaotik olan dış dünyayı, tırnak içinde gerçekliği zihnime olduğu gibi atamam ve onu düzenli bir simgeler dünyasıyla yer değiştiririm.",13.12,AVANGART
6RBn0IVd3J4,000144,data/iborotti/clips/6RBn0IVd3J4/000144/mouth.mp4,Ve dış dünya sıkça bana yeni veriler aracılığıyla benim simgesel dünyamı bozacak girişimlerde bulunur.,8.22,AVANGART
6RBn0IVd3J4,000145,data/iborotti/clips/6RBn0IVd3J4/000145/mouth.mp4,Ve bu girişimler mesela bunlara ne diyoruz?,2.48,AVANGART
6RBn0IVd3J4,000146,data/iborotti/clips/6RBn0IVd3J4/000146/mouth.mp4,"Travmalar. Hayatı benim yorumladığım gibi, benim deneyimlediğim gibi, benim zihnimde temsil ettiğim gibi",6.94,AVANGART
6RBn0IVd3J4,000147,data/iborotti/clips/6RBn0IVd3J4/000147/mouth.mp4,beklerken hayatın bana kendi kurduğum simgesel düzen ve onun getirdiği beklentilerin çok dışında bir şok sunması.,9.3,AVANGART
6RBn0IVd3J4,000148,data/iborotti/clips/6RBn0IVd3J4/000148/mouth.mp4,Ve bu şoka girdiğimde ne yaparım?,2.98,AVANGART
6RBn0IVd3J4,000149,data/iborotti/clips/6RBn0IVd3J4/000149/mouth.mp4,"Ya temsili düzenimi değiştiririm, simgesel düzenimi ya da olmuş olayı bastırırım, yokmuş gibi düşünürüm.",6.86,AVANGART
6RBn0IVd3J4,000150,data/iborotti/clips/6RBn0IVd3J4/000150/mouth.mp4,Yok etmeye çalışırım onu. Çünkü yeni gelen veri benim simgesel düzenimle uyuşmamaktadır.,5.2,AVANGART
6RBn0IVd3J4,000151,data/iborotti/clips/6RBn0IVd3J4/000151/mouth.mp4,Kutuplaşma yeni gelen veri karşısında,3.16,AVANGART
6RBn0IVd3J4,000152,data/iborotti/clips/6RBn0IVd3J4/000152/mouth.mp4,"kendi simgesel düzenini bozmaya direnen ve dışarıdaki yeni veriler, olgular ne olursa olsun kendi kurduğu, daha doğrusu toplumdan devraldığı ve kendisinin de deneyimleyerek belki ilerlettiği bu",15.6,AVANGART
6RBn0IVd3J4,000154,data/iborotti/clips/6RBn0IVd3J4/000154/mouth.mp4,değiştirmemez. Böylece ne olursa olsun gerçeklikte,5.54,AVANGART
6RBn0IVd3J4,000155,data/iborotti/clips/6RBn0IVd3J4/000155/mouth.mp4,"taraflar başka işaretler sistemi içinde başka düzenler, simgesel düzenler içerisine yerleşmiş kişiler dışarıdan gelen farklı ve kendi sistemlerine uymayan verileri yok saymaya başlarlar.",15.0,AVANGART
6RBn0IVd3J4,000156,data/iborotti/clips/6RBn0IVd3J4/000156/mouth.mp4,"Bu verilerin en fazlası birbirlerine birbirlerinden gelmektedir ve birbirlerini yalancı, troll,",7.28,AVANGART
6RBn0IVd3J4,000157,data/iborotti/clips/6RBn0IVd3J4/000157/mouth.mp4,"vatan haini, negatif, kötü, kötücül olarak adlandıran taraflar bu verileri hiçbir şekilde itimat edilmez gördüklerinden veriyi alımlamaya dahi çalışmazlar ve doğrudan kendi filtre balonlarının dışında bırakırlar.",15.64,AVANGART
6RBn0IVd3J4,000158,data/iborotti/clips/6RBn0IVd3J4/000158/mouth.mp4,"Böylece onların söylediği hiçbir şey bizim lehimize olamaz,",4.22,AVANGART
6RBn0IVd3J4,000159,data/iborotti/clips/6RBn0IVd3J4/000159/mouth.mp4,"ne söylerlerse aleyhimizedir düşüncesiyle taraflar kendi düşüncelerini, kendi dünya temsillerini, kendi simgesel düzenlerini daha da pekiştirirler ve birbirlerine grup içinde daha da konsolide olurlar. Birbirleriyle",15.84,AVANGART
6RBn0IVd3J4,000160,data/iborotti/clips/6RBn0IVd3J4/000160/mouth.mp4,daha büyük bir iş birliği kurmaya ve bu iş birliğini rasyonel temellere değil duygusal temellere oturtmaya çalışırlar.,9.14,AVANGART
6RBn0IVd3J4,000161,data/iborotti/clips/6RBn0IVd3J4/000161/mouth.mp4,Günümüzde kutuplaşma dendiğinde post -rude ile olan bağlantısı bağlamında seçkinler ve seçkin olmayanlar arasında gerilmiş bir kutuplaşma hattı görüyoruz. En yüksek gerilim hattı burada oluyor.,13.56,AVANGART
6RBn0IVd3J4,000162,data/iborotti/clips/6RBn0IVd3J4/000162/mouth.mp4,Bu gerilim hattı tarihsel olarak bakarsak dünyayı bir temsil etme biçimi.,6.26,AVANGART
6RBn0IVd3J4,000163,data/iborotti/clips/6RBn0IVd3J4/000163/mouth.mp4,Dolayısıyla diğer temsil etme biçimleri kadar yanlış.,3.66,AVANGART
6RBn0IVd3J4,000164,data/iborotti/clips/6RBn0IVd3J4/000164/mouth.mp4,Neden? Konuşmanın başında da söylemiştik sayısız veri var.,3.26,AVANGART
6RBn0IVd3J4,000165,data/iborotti/clips/6RBn0IVd3J4/000165/mouth.mp4,Sayısız veri içinde ben birkaç veriye tutunabiliyorum.,2.86,AVANGART
6RBn0IVd3J4,000166,data/iborotti/clips/6RBn0IVd3J4/000166/mouth.mp4,"Çünkü zihnim o kadarını kaldırıyor. Ve geriye kalanları vakit harcayarak, emek vererek, dilsel sözcük haznemi geliştirerek yapılandırıyorum.",9.46,AVANGART
6RBn0IVd3J4,000167,data/iborotti/clips/6RBn0IVd3J4/000167/mouth.mp4,"Daha büyük bir yapı inşa ediyorum ama gerçekte olan yapı, tırnak içindeki gerçekte olan yapı aşırı devasayken,",6.72,AVANGART
6RBn0IVd3J4,000168,data/iborotti/clips/6RBn0IVd3J4/000168/mouth.mp4,benim ürettiğim temsiller karmaşık ve nitelikli dahi olsa aşırı mikro düzeyde kalmaktadır.,8.42,AVANGART
6RBn0IVd3J4,000169,data/iborotti/clips/6RBn0IVd3J4/000169/mouth.mp4,Minicik kalmaktadır. Dolayısıyla temsil özelliği düşüktür.,4.1,AVANGART
6RBn0IVd3J4,000170,data/iborotti/clips/6RBn0IVd3J4/000170/mouth.mp4,Bu da yanlış olduğu anlamına gelir tabii ki.,2.46,AVANGART
6RBn0IVd3J4,000171,data/iborotti/clips/6RBn0IVd3J4/000171/mouth.mp4,Fakat şöyle bir durum vardı.,2.48,AVANGART
6RBn0IVd3J4,000172,data/iborotti/clips/6RBn0IVd3J4/000172/mouth.mp4,Diyelim ki bunu bakış açılarından biri olarak bugün konuşmamızı bunun üzerine kuralım.,5.12,AVANGART
6RBn0IVd3J4,000173,data/iborotti/clips/6RBn0IVd3J4/000173/mouth.mp4,Çünkü günümüzün kutuplaşması antiseçkinlerle seçkinler arasındaki kutuplaşmaya işaret ediyor.,6.24,AVANGART
6RBn0IVd3J4,000174,data/iborotti/clips/6RBn0IVd3J4/000174/mouth.mp4,Seçkinler ve antiseçkinler tarih boyunca hep çıkarları çatışan iki grup olmuş durumda.,8.45,AVANGART
6RBn0IVd3J4,000175,data/iborotti/clips/6RBn0IVd3J4/000175/mouth.mp4,"Ve tarih boyunca seçkinler hep azınlıkta kalmış, anti seçkinler hep çoğunluk olmuş durumda.",7.22,AVANGART
6RBn0IVd3J4,000176,data/iborotti/clips/6RBn0IVd3J4/000176/mouth.mp4,"Fakat seçkinler dünyayı temsil ederken zihinlerinde, soyluluk aşamasında babadan oğula ve dedeye ve sonraki büyük dededen küçük toruna, daha sonra daha küçük toruna, daha küçük toruna, Giderek artan bir",16.18,AVANGART
6RBn0IVd3J4,000177,data/iborotti/clips/6RBn0IVd3J4/000177/mouth.mp4,"şekilde miras kalan şatolar,",3.36,AVANGART
6RBn0IVd3J4,000178,data/iborotti/clips/6RBn0IVd3J4/000178/mouth.mp4,"tiyatro metinleri, oda müzikleri yapacak kadrolar, neyin nasıl yapılacağına dair ayrıntılar, biçimler, yollar, metotlar kalırken",12.06,AVANGART
6RBn0IVd3J4,000179,data/iborotti/clips/6RBn0IVd3J4/000179/mouth.mp4,"geniş kitlelere yani köylülere,",3.28,AVANGART
6RBn0IVd3J4,000180,data/iborotti/clips/6RBn0IVd3J4/000180/mouth.mp4,serflere pek bir şey kalmaz.,2.56,AVANGART
6RBn0IVd3J4,000181,data/iborotti/clips/6RBn0IVd3J4/000181/mouth.mp4,Bu yüzden seçkinler yani azınlık olan seçkinler dünyayı bir işaretler sistemi olarak kurgularken kendi sözcükleriyle kendilerini,11.72,AVANGART
6RBn0IVd3J4,000182,data/iborotti/clips/6RBn0IVd3J4/000182/mouth.mp4,"hiyerarşik olarak en tepeye, anti seçkinleri ise en aşağıya koyarlar.",6.14,AVANGART
6RBn0IVd3J4,000183,data/iborotti/clips/6RBn0IVd3J4/000183/mouth.mp4,Bu sayede en aşağıdan en yukarıya gelir transferi oluşmasının meşrulaşması sağlanır.,6.88,AVANGART
6RBn0IVd3J4,000184,data/iborotti/clips/6RBn0IVd3J4/000184/mouth.mp4,Çünkü bir taraf dünyadaki her şeyi hak etmektedir.,2.8,AVANGART
6RBn0IVd3J4,000185,data/iborotti/clips/6RBn0IVd3J4/000185/mouth.mp4,Çünkü ona Tanrı tarafından bu kutsallık verilmiştir.,3.46,AVANGART
6RBn0IVd3J4,000186,data/iborotti/clips/6RBn0IVd3J4/000186/mouth.mp4,Bu tarafın çalışması ayıptır.,2.56,AVANGART
6RBn0IVd3J4,000187,data/iborotti/clips/6RBn0IVd3J4/000187/mouth.mp4,Çünkü çalışması gerekenler Tanrı 'nın reddettikleri yani soylu kılmadıklarıdır.,4.56,AVANGART
6RBn0IVd3J4,000188,data/iborotti/clips/6RBn0IVd3J4/000188/mouth.mp4,"Böylece dünya üzerine pek de bir şey bilmeyen, pek sözcük bilmeyen, okuma yazması",5.72,AVANGART
6RBn0IVd3J4,000189,data/iborotti/clips/6RBn0IVd3J4/000189/mouth.mp4,"olmayan, bilgiye erişimi bulunmayan, doğduğu yerde öldüğü için dünyaya ilişkin neredeyse hiçbir deneyimde de bulunmayan veya çok kısıtlı deneyimler yaşayan Antiseçkin çoğunluk dünyayı yorumlayacak temsillere ulaşamadığı için",15.38,AVANGART
6RBn0IVd3J4,000190,data/iborotti/clips/6RBn0IVd3J4/000190/mouth.mp4,"dünyayı yorumlayamaz. Seçkinler ise bol boş vakitleri olduğundan, pek çok metin okuduklarından, okuma yazma bildiklerinden ve en iyi danışmanlarla iş birlikleri yaptıklarından, sarayda hep onları öğretmen ve danışman olarak tuttuklarından,",15.84,AVANGART
6RBn0IVd3J4,000191,data/iborotti/clips/6RBn0IVd3J4/000191/mouth.mp4,"onların temsil edecek dünya için daha fazla sözcükleri, daha fazla anlam paketleri, daha fazla birbirine gönderme yapan işaretler sistemleri vardır.",12.82,AVANGART
6RBn0IVd3J4,000192,data/iborotti/clips/6RBn0IVd3J4/000192/mouth.mp4,"Böylece seçkinler bir dünya tasarımı yapabilirlerken, temsili olarak sözcüklerden ve gramerden oluşan bir dünya tasarımı yaparlarken ve buna hakikat derlerken, Biliyorsunuz gerçeklik",13.7,AVANGART
6RBn0IVd3J4,000193,data/iborotti/clips/6RBn0IVd3J4/000193/mouth.mp4,var olmak için bize ihtiyaç duymuyor.,2.68,AVANGART
6RBn0IVd3J4,000194,data/iborotti/clips/6RBn0IVd3J4/000194/mouth.mp4,Hakikat ise benim zihnimde oluşturduğum gerçeklik temsilinin gerçekliğe denk gelmesi demek.,7.56,AVANGART
6RBn0IVd3J4,000195,data/iborotti/clips/6RBn0IVd3J4/000195/mouth.mp4,Bu yüzden bir taraf dünyaya dair tabii gerçekliğe denk gelemeyen ama öyle geldiğini iddia eden bir hakikat oluşturuyor.,9.08,AVANGART
6RBn0IVd3J4,000196,data/iborotti/clips/6RBn0IVd3J4/000196/mouth.mp4,Böylece seçkinlerin azınlıkta bulunan seçkinlerin temsili olarak bir dünya kurabilmeleriyle ve anti seçkinlerin kuramamalarıyla seçkinlerin kurduğu dünya kuramayan anti seçkinlere enjekte ediliyor.,16.08,AVANGART
6RBn0IVd3J4,000197,data/iborotti/clips/6RBn0IVd3J4/000197/mouth.mp4,Böylece anti seçkinler şöyle düşünüyorlar. Biz Tanrı 'nın,3.74,AVANGART
6RBn0IVd3J4,000198,data/iborotti/clips/6RBn0IVd3J4/000198/mouth.mp4,özellik vermediği kulları olarak görev bağlamında soylulara hizmet etmek durumundayız.,6.8,AVANGART
6RBn0IVd3J4,000199,data/iborotti/clips/6RBn0IVd3J4/000199/mouth.mp4,Yani kendisini hiyerarşite en tepeye koyup antiseçkinlere en dibe koyan seçkinci dünya hakikatini bir gerçeklik olarak algılayıp bu hakikate katılıyor.,12.62,AVANGART
6RBn0IVd3J4,000200,data/iborotti/clips/6RBn0IVd3J4/000200/mouth.mp4,"Neden? Çünkü yeterince sözcük bilmiyor, düşünme kapasitesi oluşamıyor sözcük olmayınca, boş vakti de yok.",7.04,AVANGART
6RBn0IVd3J4,000201,data/iborotti/clips/6RBn0IVd3J4/000201/mouth.mp4,Böylece diğerinin kurduğu hakikate dahil oluyor.,3.92,AVANGART
6RBn0IVd3J4,000202,data/iborotti/clips/6RBn0IVd3J4/000202/mouth.mp4,Ve halbuki o hakikat seçkinin kendisi için kurduğu en iyi dünya tasarımı.,5.64,AVANGART
6RBn0IVd3J4,000203,data/iborotti/clips/6RBn0IVd3J4/000203/mouth.mp4,Antiseçkin de kendisi için kurulmuş en kötü dünya tasarımına dahil olmuş oluyor böylece.,4.58,AVANGART
6RBn0IVd3J4,000204,data/iborotti/clips/6RBn0IVd3J4/000204/mouth.mp4,Ve bu yıllar geçtikçe kitle iletişim araçlarıyla pekişmeye başlıyor.,5.06,AVANGART
6RBn0IVd3J4,000205,data/iborotti/clips/6RBn0IVd3J4/000205/mouth.mp4,"Mutenberg matbaasının ortaya çıkmasıyla kitaplarla, daha sonra gazetenin ortaya çıkmasıyla gazeteyle, daha sonra radyoyla, daha sonra televizyonla.",8.54,AVANGART
6RBn0IVd3J4,000206,data/iborotti/clips/6RBn0IVd3J4/000206/mouth.mp4,"Her seferinde seçkinler kitap yazarı olarak, matbaa sahibi olarak, yayın evi sahibi olarak, dağıtım ağına sahip olan kişi olarak, Sonrasında gazetenin sahibi olarak,",10.64,AVANGART
6RBn0IVd3J4,000207,data/iborotti/clips/6RBn0IVd3J4/000207/mouth.mp4,"sonrasında gazetecilerin kendileri olarak, yayın yönetmeni olarak, sonrasında radyonun sahibi olarak, sonrasında radyo programcısı olarak, sonrasında radyo programcılarının başındaki genel yayın yönetmeni olarak ve sonra da televizyonlarda.",13.24,AVANGART
6RBn0IVd3J4,000208,data/iborotti/clips/6RBn0IVd3J4/000208/mouth.mp4,Hep azınlık olan seçkinler,2.48,AVANGART
6RBn0IVd3J4,000209,data/iborotti/clips/6RBn0IVd3J4/000209/mouth.mp4,bir dünya tasarımı temsili yapıyorlar.,2.86,AVANGART
6RBn0IVd3J4,000210,data/iborotti/clips/6RBn0IVd3J4/000210/mouth.mp4,"Kendi sözcükleriyle, kendi adlandırmalarıyla, nesneler, varlıklar, kurumlar arasındaki kurulacak ilişkilerin, tanımlamaların ne olduğunu kendi işaretler sistemiyle belirleyip kendi simgesel düzenlerini kurdukları bir dünya yaratıyorlardı.",14.68,AVANGART
6RBn0IVd3J4,000211,data/iborotti/clips/6RBn0IVd3J4/000211/mouth.mp4,"Ve bu seçkin azınlık karşısında kendine hala yeterli sözcük hazinesi edinemediği için ve boş vakit bulamadığı için karşılık veremeyen, bu yüzden onların temsillerine dahil olmak zorunda kalan bir çoğunluk anti seçkin",15.4,AVANGART
6RBn0IVd3J4,000212,data/iborotti/clips/6RBn0IVd3J4/000212/mouth.mp4,bulunuyordu. Ve bu sistem çok yakın zamana kadar devam etti.,5.04,AVANGART
6RBn0IVd3J4,000213,data/iborotti/clips/6RBn0IVd3J4/000213/mouth.mp4,Bu sistemin bozuluşu birkaç olayın bir araya gelmesiyle gerçekleşiyor.,5.74,AVANGART
6RBn0IVd3J4,000214,data/iborotti/clips/6RBn0IVd3J4/000214/mouth.mp4,Bunlardan bir tanesi 20. yüzyılla beraber marifin yaygınlaşması.,4.78,AVANGART
6RBn0IVd3J4,000215,data/iborotti/clips/6RBn0IVd3J4/000215/mouth.mp4,"Ulus devletler kendilerine makbul vatandaş yetiştirmek için, birincisi siyasal olarak, İkincisi, üretim yapmak için artık tarımsal üretimin geride kaldığı yeni dünyada teknolojik üretimin, sanayi üretiminin, sonrasında",16.04,AVANGART
6RBn0IVd3J4,000216,data/iborotti/clips/6RBn0IVd3J4/000216/mouth.mp4,post -endüstriyel üretimin gerektirdiği nitelikli çalışanlara gereksinim duydular.,6.1,AVANGART
6RBn0IVd3J4,000217,data/iborotti/clips/6RBn0IVd3J4/000217/mouth.mp4,"Nitelikli çalışanlar okuma yazma bilmek zorunda olan, mühendislik yapmak için, hesap yapmak zorunda olan, dişçilik yapmak için, biyoloji bilmesi gereken, anatomi bilmesi gereken, tıp öğrenmek için bambaşka aletler, karmışık aletler kullanması",15.92,AVANGART
6RBn0IVd3J4,000219,data/iborotti/clips/6RBn0IVd3J4/000219/mouth.mp4,"çok yüksek bir eğitimden geçmesi gereken bir ekonomik düzenin var olmasıyla ve siyaseten de ulus devletle beraber yurttaşlığın zihinlere enjekte edilmesi gerekliliğiyle marif sisteminin oluşması,",15.84,AVANGART
6RBn0IVd3J4,000220,data/iborotti/clips/6RBn0IVd3J4/000220/mouth.mp4,"seçkin olmayanlara zorunlu eğitimin de verilmesiyle beraber önce okuma yazmanın çok yaygınlaşması, ardından da teknik eğitimin, üniversite eğitiminin daha üretime yönelmesiyle, bu tür insanların",16.1,AVANGART
6RBn0IVd3J4,000221,data/iborotti/clips/6RBn0IVd3J4/000221/mouth.mp4,üretilmek zorunda kalınmasıyla tabanı yaymaya başladı.,4.1,AVANGART
6RBn0IVd3J4,000222,data/iborotti/clips/6RBn0IVd3J4/000222/mouth.mp4,Yani bunu iki türlü okuyabiliriz.,2.9,AVANGART
6RBn0IVd3J4,000223,data/iborotti/clips/6RBn0IVd3J4/000223/mouth.mp4,"Bir, seçkinlerin azınlık olan halleri yavaş yavaş genişliyordu bu birinci yaklaşım.",6.28,AVANGART
6RBn0IVd3J4,000224,data/iborotti/clips/6RBn0IVd3J4/000224/mouth.mp4,İki şöyle okunabilir. Anti seçkinlerde yeni bir sınıf doğuyordu.,4.84,AVANGART
6RBn0IVd3J4,000225,data/iborotti/clips/6RBn0IVd3J4/000225/mouth.mp4,İkisi de mümkün. Bu iki okumayı melezleyen bir okuma yapmak da mümkün.,4.56,AVANGART
6RBn0IVd3J4,000226,data/iborotti/clips/6RBn0IVd3J4/000226/mouth.mp4,Taraflar arasında bir geçişkenlik başladı olarak okumak mümkün.,4.72,AVANGART
6RBn0IVd3J4,000227,data/iborotti/clips/6RBn0IVd3J4/000227/mouth.mp4,Çünkü soylulukta biliyorsunuz bir kast sistemi var.,3.36,AVANGART
6RBn0IVd3J4,000228,data/iborotti/clips/6RBn0IVd3J4/000228/mouth.mp4,Yani o içine girilemez ve içinden çıkılamaz bir sistem fakat bu yeni yaklaşım iç içe girmeyi mümkün kılıyordu.,8.56,AVANGART
6RBn0IVd3J4,000229,data/iborotti/clips/6RBn0IVd3J4/000229/mouth.mp4,Böylece marifin ortaya çıkışıyla beraber artık anti seçkinlerin de o geniş kitlenin de sözcük haznesi gelişmeye başlıyor.,8.98,AVANGART
6RBn0IVd3J4,000230,data/iborotti/clips/6RBn0IVd3J4/000230/mouth.mp4,"Belli kanonik metinleri öğrenmeye başlıyorlar,",2.98,AVANGART
6RBn0IVd3J4,000231,data/iborotti/clips/6RBn0IVd3J4/000231/mouth.mp4,"belli yapılar onlar için de yeniden üretilebilir hale geliyor ve bir dönüşüm, değişim, bir sarsıntı oluyor.",8.3,AVANGART
6RBn0IVd3J4,000232,data/iborotti/clips/6RBn0IVd3J4/000232/mouth.mp4,"Ve bu sarsıntının içinde ulus devletlerin burjuva bağlamında demokrasilere, liberal demokrasilere geçişleri söz konusu.",9.68,AVANGART
6RBn0IVd3J4,000233,data/iborotti/clips/6RBn0IVd3J4/000233/mouth.mp4,Liberal demokrasiye geçiş söz konusu olduğunda oy atma önem kazanmaya başlıyor.,5.6,AVANGART
6RBn0IVd3J4,000234,data/iborotti/clips/6RBn0IVd3J4/000234/mouth.mp4,Oy atma önem kazandığında ise bir toplumda herkesin oyu tek olduğu için,6.08,AVANGART
6RBn0IVd3J4,000235,data/iborotti/clips/6RBn0IVd3J4/000235/mouth.mp4,en kalabalık olan grup kimse o birdenbire avantaj kazanmış oluyor.,5.58,AVANGART
6RBn0IVd3J4,000236,data/iborotti/clips/6RBn0IVd3J4/000236/mouth.mp4,Anti seçkinler tarih boyunca hep en kalabalık gruptu fakat bu kalabalık grubun ne oy atma ne oy verme ne seçme veya seçilme hakkı bulunmadığı için geriye kalan hiçbir hakkın olmadığı gibi,13.98,AVANGART
6RBn0IVd3J4,000237,data/iborotti/clips/6RBn0IVd3J4/000237/mouth.mp4,böyle bir ortamdan siyasetin demokrasi aracılığıyla onlara verdiği ve herkesin oylamada eşit olduğu bir mucizevi deprem oluşuyor.,11.06,AVANGART
6RBn0IVd3J4,000238,data/iborotti/clips/6RBn0IVd3J4/000238/mouth.mp4,Ve hatta hatırlarsınız Fransız devriminde aslında çoğu kişi ayaklar baş oluyor şu an diye büyük endişelere gark oluyorlar.,8.04,AVANGART
6RBn0IVd3J4,000239,data/iborotti/clips/6RBn0IVd3J4/000239/mouth.mp4,Mesela bunlardan birisi tabii ki en önemli metinlerden birisi Edmund Burke 'un metni ama Nietzsche de bunlardan bir tanesi.,6.52,AVANGART
6RBn0IVd3J4,000240,data/iborotti/clips/6RBn0IVd3J4/000240/mouth.mp4,Ve Fransız devrimini kıyasıya eleştiriyor.,3.26,AVANGART
6RBn0IVd3J4,000241,data/iborotti/clips/6RBn0IVd3J4/000241/mouth.mp4,"Aynı nedenlerden ötürü. Hayat üzerine hiçbir temsil kuramayan, hiçbir şey bilmeyen,",4.86,AVANGART
6RBn0IVd3J4,000242,data/iborotti/clips/6RBn0IVd3J4/000242/mouth.mp4,"dünyayı zihninde canlandıramayan bir kitle nasıl olur da kimle savaşılacağına, ne kadar para basılacağına, dış ekonomik ilişkilerden tutun da dış siyasal ilişkilere eğitim politikası oluşturmaya, kültür politikası oluşturmaya kadar",15.96,AVANGART
6RBn0IVd3J4,000243,data/iborotti/clips/6RBn0IVd3J4/000243/mouth.mp4,nasıl olur da karar verebilir diye bir deprem oluşuyor.,4.04,AVANGART
6RBn0IVd3J4,000244,data/iborotti/clips/6RBn0IVd3J4/000244/mouth.mp4,Bu deprem tabii 20. yüzyılda çok hızlı bir,3.44,AVANGART
6RBn0IVd3J4,000245,data/iborotti/clips/6RBn0IVd3J4/000245/mouth.mp4,şekilde yukarı çıkıyor ve aslında Naziler aracılığıyla da bir deneyim yaşanıyor.,5.26,AVANGART
6RBn0IVd3J4,000246,data/iborotti/clips/6RBn0IVd3J4/000246/mouth.mp4,"Yani seçmenlerin verdiği oylarla iktidara gelen bir partinin ne kadar baskıcı, otoriter ve totaliter bir rejim kurabildiği ve bir kutuplaşma yaratarak Almanlar ve dünyanın geri kalanı, içeride",15.62,AVANGART
6RBn0IVd3J4,000247,data/iborotti/clips/6RBn0IVd3J4/000247/mouth.mp4,"Çingenelere, Yahudilere sadece öteki oldukları için ve makbul olmayan öteki oldukları için neler yapılabileceğini gösteren bir deneyim oluşuyor.",11.0,AVANGART
6RBn0IVd3J4,000248,data/iborotti/clips/6RBn0IVd3J4/000248/mouth.mp4,Ve 2. Dünya Savaşı 'ndan sonra bir daha böyle bir şey olmaması için çok fazla önlem alınmaya çalışılıyor.,5.72,AVANGART
6RBn0IVd3J4,000249,data/iborotti/clips/6RBn0IVd3J4/000249/mouth.mp4,Hatta günümüzdeki Avrupa Birliği 'nin kuruluşu da o dönemde demir -çelik endüstrisinde iş birliği yapma üzerinden Fransa ve Almanya 'nın bir araya gelerek Avrupa ekonomik topluluğunun kurulmasıyla engellenmeye çalışılacak.,14.98,AVANGART
6RBn0IVd3J4,000250,data/iborotti/clips/6RBn0IVd3J4/000250/mouth.mp4,Ve atanmışlara fazladan önem verilecek ve atanmış olanların da seçilmiş olanlar gibi halk tarafından seçilmeleri değil,11.06,AVANGART
6RBn0IVd3J4,000251,data/iborotti/clips/6RBn0IVd3J4/000251/mouth.mp4,belli bir liyakate sahip olmaları sonucunda rütbe atlayabilecekleri bir sistem getirilecek ve bağımsız devlet içinde ve uluslararası kuruluşlar kurulacak.,12.64,AVANGART
6RBn0IVd3J4,000252,data/iborotti/clips/6RBn0IVd3J4/000252/mouth.mp4,"Günümüzde mesela sürekli hırpalanan merkez bankaları gibi bağımsız bir kuruluş olarak kurulmuşlardı ve seçilmişler, oradaki atanmışlara aslında müdahale edemiyordu.",9.72,AVANGART
6RBn0IVd3J4,000253,data/iborotti/clips/6RBn0IVd3J4/000253/mouth.mp4,"Ama bugün dünyada böyle bir şey görmüyoruz, tam tersini görüyoruz.",3.94,AVANGART
6RBn0IVd3J4,000254,data/iborotti/clips/6RBn0IVd3J4/000254/mouth.mp4,İşte bu gelişmeler sırasında yavaş yavaş sözcük haznesini geliştiren,5.38,AVANGART
6RBn0IVd3J4,000255,data/iborotti/clips/6RBn0IVd3J4/000255/mouth.mp4,dünyayı simgesel olarak zihninde temsil etme yetenekleri kazanmaya başlayan geniş anti seçkin grup,9.76,AVANGART
6RBn0IVd3J4,000256,data/iborotti/clips/6RBn0IVd3J4/000256/mouth.mp4,"dünya temsili oluşturmaya başlamış olsa da bu görüşleri bütün kitle iletişim araçları işte demin saymıştık kitap, gazete, radyo, televizyon seçkinlerin elinde olduğu için kendi kurduğu kırık dökük çok",16.2,AVANGART
6RBn0IVd3J4,000257,data/iborotti/clips/6RBn0IVd3J4/000257/mouth.mp4,"iptidai de olsa, kompletörlerine dayansa da bir hakikat kurabildiği bu düşünceleri kitle iletişim araçlarıyla buluşturamıyordu.",8.52,AVANGART
6RBn0IVd3J4,000258,data/iborotti/clips/6RBn0IVd3J4/000258/mouth.mp4,Bu yüzden de dolaşımdaki görüşler hala azınlık olan seçkinlerinde ve hala bir kutuplaşma yaşanmıyordu çünkü seçkinler ezip geçiyorlardı.,9.56,AVANGART
6RBn0IVd3J4,000259,data/iborotti/clips/6RBn0IVd3J4/000259/mouth.mp4,"Tarihte biliyorsunuz mesela Pax Romana denir, Pax Barış demek biliyorsunuz.",4.44,AVANGART
6RBn0IVd3J4,000260,data/iborotti/clips/6RBn0IVd3J4/000260/mouth.mp4,Roma dönemindeki barış Pax Romana nasıl geliyor?,3.54,AVANGART
6RBn0IVd3J4,000261,data/iborotti/clips/6RBn0IVd3J4/000261/mouth.mp4,"Romalılar çok barışsever oldukları için mi? Hayır, bütün dünyayı ele geçirdikleri için.",4.54,AVANGART
6RBn0IVd3J4,000262,data/iborotti/clips/6RBn0IVd3J4/000262/mouth.mp4,Bütün dünyayı ele geçirdiği için savaş yapacak yer kalmayınca Roma barışı oluyor.,4.48,AVANGART
6RBn0IVd3J4,000263,data/iborotti/clips/6RBn0IVd3J4/000263/mouth.mp4,"Burada da kutuplaşmanın olmamasının nedeni seçkinlerin zaten anti seçkinlere kıpırlayacak hiçbir yer bırakmayacak kadar her yere yayılmış kendi dünya düşüncelerini, kendi hakikatlerini herkese asıl anti seçkinlere kabul ettirmiş",16.16,AVANGART
6RBn0IVd3J4,000265,data/iborotti/clips/6RBn0IVd3J4/000265/mouth.mp4,İnternetle beraber bu değişti. İnternetin ilk versiyonu ortaya çıktığında seçkinler yeni bir zafer kazandıklarını düşünüyorlardı.,9.94,AVANGART
6RBn0IVd3J4,000266,data/iborotti/clips/6RBn0IVd3J4/000266/mouth.mp4,Ve diyorlardı ki artık daha fazla bizim işaretler sistemimizin ve simgesel düzenimizin tüketileceği bir dünyaya dönüşüyoruz.,9.44,AVANGART
6RBn0IVd3J4,000267,data/iborotti/clips/6RBn0IVd3J4/000267/mouth.mp4,"Çünkü bizim marif aracılığıyla ulaşamadığımız,",3.12,AVANGART
6RBn0IVd3J4,000268,data/iborotti/clips/6RBn0IVd3J4/000268/mouth.mp4,"gazete aracılığıyla, televizyon aracılığıyla ulaşamadığımız en kılcalda kalmış çevreye dahi internet aracılığıyla merkezin en güçlü söylemlerini iletebileceğiz.",11.18,AVANGART
6RBn0IVd3J4,000269,data/iborotti/clips/6RBn0IVd3J4/000269/mouth.mp4,En büyük üniversitelerin kitaplıkları artık erişilebilir olacak.,3.1,AVANGART
6RBn0IVd3J4,000270,data/iborotti/clips/6RBn0IVd3J4/000270/mouth.mp4,En önemli konuşmacıların konferans videoları veya sesleri artık erişilebilir olacak.,5.9,AVANGART
6RBn0IVd3J4,000271,data/iborotti/clips/6RBn0IVd3J4/000271/mouth.mp4,Bu seçkinlerin anti seçkinler üzerinde daha da güçlerini pekiştireceği bir dönem olarak algılanıyordu.,7.34,AVANGART
6RBn0IVd3J4,000272,data/iborotti/clips/6RBn0IVd3J4/000272/mouth.mp4,Bunun demokratikleşme olarak sunulması da,3.2,AVANGART
6RBn0IVd3J4,000273,data/iborotti/clips/6RBn0IVd3J4/000273/mouth.mp4,anti seçkinlerin seçkinlerin erişebildiği çoğu imtiyazlı şeye artık erişebilecekleri müjdesi olarak demokratikleşme deniyordu buna.,10.06,AVANGART
6RBn0IVd3J4,000274,data/iborotti/clips/6RBn0IVd3J4/000274/mouth.mp4,Yani anti seçkinlerin de daha büyük bir oranının seçkinleştirilmesi ama bu seçkinleştirmede,8.8,AVANGART
6RBn0IVd3J4,000275,data/iborotti/clips/6RBn0IVd3J4/000275/mouth.mp4,besin zincirinin en tepesinde nadiren çıkılır.,3.0,AVANGART
6RBn0IVd3J4,000276,data/iborotti/clips/6RBn0IVd3J4/000276/mouth.mp4,Yani daha çok ara eleman olarak yetiştirme olur ve bu yüzden de besin zincirinin en tepesindeki kişiler daha nitelikli anti seçkinle seçkin arasında kalmış ara elemanlara kavuşmuş gibi olurlar.,14.04,AVANGART
6RBn0IVd3J4,000277,data/iborotti/clips/6RBn0IVd3J4/000277/mouth.mp4,Bu arada şunu da söyleyeyim. Bunlar büyük bir planın titizlikle uğraşılarak yapılmış bir projesi değil.,6.54,AVANGART
6RBn0IVd3J4,000278,data/iborotti/clips/6RBn0IVd3J4/000278/mouth.mp4,Okuma yaptığımızda dile getirilirken yani gerçekte olup bitenler temsil olarak sözcükler aracılığıyla ağzımızdan çıkarken gerçeğin olup bitenine değil gramer yapımızın kendi kurallarına tabi olarak çıktığı için böyle.,14.76,AVANGART
6RBn0IVd3J4,000279,data/iborotti/clips/6RBn0IVd3J4/000279/mouth.mp4,Bu yüzden de kendi söylemek istediğimizde bile temsile muhtaç olduğumuzdan kendi söylemek istediğimizi temsilin kendi gramerine sıkışmış buluruz.,10.64,AVANGART
6RBn0IVd3J4,000280,data/iborotti/clips/6RBn0IVd3J4/000280/mouth.mp4,Yani anti seçkinlerin oluşturduğu dünyada dilsel ifade olanaklarım çerçevesinde de seçkinlerin dili içinden konuşmak zorunda kalırım.,9.84,AVANGART
6RBn0IVd3J4,000281,data/iborotti/clips/6RBn0IVd3J4/000281/mouth.mp4,"Ve örtük olarak sürekli olarak bu seçkinliğin önemli olduğunu, anti seçkinliğin önemsiz olduğunu tekrarlarım, pekiştiririm.",8.84,AVANGART
6RBn0IVd3J4,000282,data/iborotti/clips/6RBn0IVd3J4/000282/mouth.mp4,"Çünkü dilsel yapı, o büyük yapı ona göre kurulmuştur.",3.26,AVANGART
6RBn0IVd3J4,000283,data/iborotti/clips/6RBn0IVd3J4/000283/mouth.mp4,"Simgesel düzen ona göre kurulmuştur. Fakat internetin versiyon ikisiyle birlikte, internet gazeteciliğinin ve asıl sosyal medyanın ortaya çıkmasıyla birlikte daha önce",11.12,AVANGART
6RBn0IVd3J4,000284,data/iborotti/clips/6RBn0IVd3J4/000284/mouth.mp4,zaten kendilerine temsili bir dünya kuramamış ama 20.,4.02,AVANGART
6RBn0IVd3J4,000285,data/iborotti/clips/6RBn0IVd3J4/000285/mouth.mp4,"yüzyılın başından itibaren bu imkana kör topalı olsa da kavuşmuş olan anti seçkinler bir anda kendilerini kitle iletişim aracı olarak, yeni buldukları bu kitle iletişim aracı üzerinden ifade edebileceklerini, kamuya açılabileceklerini fark ettiler.",15.94,AVANGART
6RBn0IVd3J4,000286,data/iborotti/clips/6RBn0IVd3J4/000286/mouth.mp4,Ve bu tarihte bir ilk oluyordu.,2.88,AVANGART
6RBn0IVd3J4,000287,data/iborotti/clips/6RBn0IVd3J4/000287/mouth.mp4,Post -truth da buradan doğuyor. Yani benim hakikatin önemsizleşmesi olarak çevirdiğim bir durum.,4.62,AVANGART
6RBn0IVd3J4,000289,data/iborotti/clips/6RBn0IVd3J4/000289/mouth.mp4,Şu ana kadar bir kutuplaşma yoktu. Çünkü,4.64,AVANGART
6RBn0IVd3J4,000290,data/iborotti/clips/6RBn0IVd3J4/000290/mouth.mp4,pak seçkincilik vardı.,2.32,AVANGART
6RBn0IVd3J4,000291,data/iborotti/clips/6RBn0IVd3J4/000291/mouth.mp4,Her tarafı kaplamış seçkinler.,2.28,AVANGART
6RBn0IVd3J4,000292,data/iborotti/clips/6RBn0IVd3J4/000292/mouth.mp4,Bu yüzden bir kutuplaşmaya yer bırakmıyordu.,2.3,AVANGART
6RBn0IVd3J4,000293,data/iborotti/clips/6RBn0IVd3J4/000293/mouth.mp4,Şimdi alternatif bir dünya tasarımının dilsel ifade olarak dışarı atılabilmesi ve bunun kamusal alana dolaşıma çıkarılabilmesi mümkün oldu.,11.88,AVANGART
6RBn0IVd3J4,000294,data/iborotti/clips/6RBn0IVd3J4/000294/mouth.mp4,Ve bu yeni mümkünlükte dünya çok daha iptidai bir şekilde yorumlanıyordu.,6.0,AVANGART
6RBn0IVd3J4,000295,data/iborotti/clips/6RBn0IVd3J4/000295/mouth.mp4,"Çünkü daha az sözcük biliniyor, daha az ilişki var.",2.68,AVANGART
6RBn0IVd3J4,000296,data/iborotti/clips/6RBn0IVd3J4/000296/mouth.mp4,"İki tasarım da hatalı, zorunlu olarak, ontolojik olarak",3.74,AVANGART
6RBn0IVd3J4,000297,data/iborotti/clips/6RBn0IVd3J4/000297/mouth.mp4,"ikisi de hatalı, isabetsiz.",3.02,AVANGART
6RBn0IVd3J4,000298,data/iborotti/clips/6RBn0IVd3J4/000298/mouth.mp4,"Fakat bir tanesi daha rafine, bir tanesi çok işin başında olduğu için hiç rafine değil. Fakat önemli olan şu,",9.68,AVANGART
6RBn0IVd3J4,000299,data/iborotti/clips/6RBn0IVd3J4/000299/mouth.mp4,"rafine olmayan versiyon, rafine olan versiyonla başka simgeler ve işaretler sistemi kullanıyor.",7.06,AVANGART
6RBn0IVd3J4,000300,data/iborotti/clips/6RBn0IVd3J4/000300/mouth.mp4,Bu yüzden bir seçkin konuştuğu zaman bir anti seçkin için bu konuşmanın çoğu bula bula olarak duyulur.,7.32,AVANGART
6RBn0IVd3J4,000301,data/iborotti/clips/6RBn0IVd3J4/000301/mouth.mp4,"Çünkü kavramlar bilinmemektedir, ilişki ağı bu işaret sisteminde vardır, bu işaret sisteminde yoktur.",7.42,AVANGART
6RBn0IVd3J4,000302,data/iborotti/clips/6RBn0IVd3J4/000302/mouth.mp4,"Simgesel düzen, varsayımlar, kabuller, ön kabuller, ön yargılar burada bambaşkadır, burada bambaşkadır.",6.7,AVANGART
6RBn0IVd3J4,000303,data/iborotti/clips/6RBn0IVd3J4/000303/mouth.mp4,Çoğu sözcük de bu tarafta bilinmemektedir henüz.,2.88,AVANGART
6RBn0IVd3J4,000304,data/iborotti/clips/6RBn0IVd3J4/000304/mouth.mp4,"Bu yüzden bu taraf orayı sanki yabancı dilde, ölü bir dilde okunan bir latince metin gibi duyar.",7.44,AVANGART
6RBn0IVd3J4,000305,data/iborotti/clips/6RBn0IVd3J4/000305/mouth.mp4,"Paks seçkinlik döneminde bu latince duyulan sözcük kutsal sözcüklermişçesine içeriği ne olduğu bilinmese de riayet edilmesi, itibar edilmesi, saygı gösterilmesi gereken bir",15.3,AVANGART
6RBn0IVd3J4,000306,data/iborotti/clips/6RBn0IVd3J4/000306/mouth.mp4,bilinmezlik gibi görünüyordu.,2.24,AVANGART
6RBn0IVd3J4,000307,data/iborotti/clips/6RBn0IVd3J4/000307/mouth.mp4,"Doğru olan odur, ben düşkün olduğum için onun içeriğini bilmemekteyimdir.",4.92,AVANGART
6RBn0IVd3J4,000308,data/iborotti/clips/6RBn0IVd3J4/000308/mouth.mp4,Fakat yeni dönemde kendilerini ifade etmeye başladıkları ve yeni kurdukları dünya tasarımı çerçevesinde kendi sözcükleriyle kurdukları hakikat bir de bakarlar ki kendileri gibi düşünmekte olan pek çok kişi tarafından dolaşıma,15.64,AVANGART
6RBn0IVd3J4,000309,data/iborotti/clips/6RBn0IVd3J4/000309/mouth.mp4,sokulmaktadır. O zaman hem kendilerine güvenleri gelir hem kendi düşüncelerine güvenleri gelir ve derler ki çoğunluk benim gibi düşünüyormuş.,9.62,AVANGART
6RBn0IVd3J4,000310,data/iborotti/clips/6RBn0IVd3J4/000310/mouth.mp4,Beni yüzyıllardır,2.58,AVANGART
6RBn0IVd3J4,000311,data/iborotti/clips/6RBn0IVd3J4/000311/mouth.mp4,"latince gibi duyulan ölü bir dille hiçbir anlama gelmeyen kendisi için bir dille uyutmuşlar, uyuşturmuşlar ve beni her şeyimle birlikte",13.0,AVANGART
6RBn0IVd3J4,000312,data/iborotti/clips/6RBn0IVd3J4/000312/mouth.mp4,sömürmüşler. Şu an ben görüyorum ve anlıyorum ki dünya tasarımı hiç de onların kurduğu gibi değilmiş ve ben bu düşüncemde yalnız da değilmişim.,9.86,AVANGART
6RBn0IVd3J4,000313,data/iborotti/clips/6RBn0IVd3J4/000313/mouth.mp4,Benim gibi düşünen geniş bir kitle varmış.,3.24,AVANGART
6RBn0IVd3J4,000314,data/iborotti/clips/6RBn0IVd3J4/000314/mouth.mp4,Ben artık bu düşüncelerime neden inanmayayım?,3.56,AVANGART
6RBn0IVd3J4,000315,data/iborotti/clips/6RBn0IVd3J4/000315/mouth.mp4,Artık inanmayacağım kişi yüzyıllardır beni sömüren o seçkinler.,4.72,AVANGART
6RBn0IVd3J4,000316,data/iborotti/clips/6RBn0IVd3J4/000316/mouth.mp4,Bunu modernist ve postmodernist olarak da okumak mümkün mesela.,3.24,AVANGART
6RBn0IVd3J4,000317,data/iborotti/clips/6RBn0IVd3J4/000317/mouth.mp4,Ama biz yine seçkin ve antiseçkin üzerinden devam edelim.,3.18,AVANGART
6RBn0IVd3J4,000323,data/iborotti/clips/6RBn0IVd3J4/000323/mouth.mp4,Dolayısıyla da o yollardan defalarca geçmiş olmalı.,2.9,AVANGART
6RBn0IVd3J4,000324,data/iborotti/clips/6RBn0IVd3J4/000324/mouth.mp4,Öncelikle ders üretimlerin 40 yaşın altında öğretmeni yok.,3.24,AVANGART
6RBn0IVd3J4,000325,data/iborotti/clips/6RBn0IVd3J4/000325/mouth.mp4,"77 öğretmeni, pardon 2 tanesi 40 yaşın altında.",3.06,AVANGART
6RBn0IVd3J4,000326,data/iborotti/clips/6RBn0IVd3J4/000326/mouth.mp4,"Birisi Türkiye 218 'lisi, birisi de Boğaziçi 'nde matematik doktorası yaptığı için o da 33 yaşında.",5.94,AVANGART
6RBn0IVd3J4,000327,data/iborotti/clips/6RBn0IVd3J4/000327/mouth.mp4,Dolayısıyla öğretmenlerin tecrübeli olması gerekiyor.,3.18,AVANGART
6RBn0IVd3J4,000328,data/iborotti/clips/6RBn0IVd3J4/000328/mouth.mp4,Biz tecrübeye bakıyoruz. Birinci kıstasımız var.,2.6,AVANGART
6RBn0IVd3J4,000329,data/iborotti/clips/6RBn0IVd3J4/000329/mouth.mp4,Çünkü konuyu bilmeniz ayrı bir husustur.,2.94,AVANGART
6RBn0IVd3J4,000330,data/iborotti/clips/6RBn0IVd3J4/000330/mouth.mp4,Onu aktarabilmeniz ayrı bir husustur. Şimdi ben de diyelim espri yapıyorum.,5.52,AVANGART
6RBn0IVd3J4,000331,data/iborotti/clips/6RBn0IVd3J4/000331/mouth.mp4,Belki komik olabilir ama ünlü komedyenler kadar olabilir mi?,4.04,AVANGART
6RBn0IVd3J4,000332,data/iborotti/clips/6RBn0IVd3J4/000332/mouth.mp4,Olamaz. Aradaki fark ne? Aynı cümleleri kuruyorum ben de.,3.26,AVANGART
6RBn0IVd3J4,000333,data/iborotti/clips/6RBn0IVd3J4/000333/mouth.mp4,Aradaki fark aktarım ustalığı. Öğretmende de bir sanatkarlık,4.57,AVANGART
6RBn0IVd3J4,000334,data/iborotti/clips/6RBn0IVd3J4/000334/mouth.mp4,bir bu konuda tiyatral bir yetenek olmamda.,2.92,AVANGART
6RBn0IVd3J4,000335,data/iborotti/clips/6RBn0IVd3J4/000335/mouth.mp4,Bunu da en güzel öğrenci anlar.,2.42,AVANGART
6RBn0IVd3J4,000336,data/iborotti/clips/6RBn0IVd3J4/000336/mouth.mp4,Biz diyoruz ki öğrencilerimize gelin birkaç ders yapalım ücretsiz.,4.2,AVANGART
6RBn0IVd3J4,000337,data/iborotti/clips/6RBn0IVd3J4/000337/mouth.mp4,Öğretmenlerin sanatkarlığını görelim. Peki bu öğretmenleri nasıl seçiyoruz?,3.76,AVANGART
6RBn0IVd3J4,000338,data/iborotti/clips/6RBn0IVd3J4/000338/mouth.mp4,Öncelikle öğretmenleri de sınav yapıyoruz. Akademik olarak yetkin olmaları gerekiyor. İkincisi,5.06,AVANGART
6RBn0IVd3J4,000343,data/iborotti/clips/6RBn0IVd3J4/000343/mouth.mp4,Tam bir sanatkar. Hemen ben işi gücü bırakırım. Şimdi sizi de,3.63,AVANGART
6RBn0IVd3J4,000344,data/iborotti/clips/6RBn0IVd3J4/000344/mouth.mp4,"bırakırım, gidemem. Çünkü öğretmen",2.88,AVANGART
6RBn0IVd3J4,000345,data/iborotti/clips/6RBn0IVd3J4/000345/mouth.mp4,gerçekten bulması çok zor ve nadir bir yetenektir.,4.66,AVANGART
6RBn0IVd3J4,000346,data/iborotti/clips/6RBn0IVd3J4/000346/mouth.mp4,Atatürk 'ün dediği gibi bir sanatkarlıktır.,2.48,AVANGART
6RBn0IVd3J4,000347,data/iborotti/clips/6RBn0IVd3J4/000347/mouth.mp4,Hatta eserin üzerinde imzası olmayan yegane sanatkar öğretmendir.,4.76,AVANGART
6RBn0IVd3J4,000349,data/iborotti/clips/6RBn0IVd3J4/000349/mouth.mp4,Dolayısıyla aslında çok iyi öğretmen derslikse zaman kazanabilir.,3.52,AVANGART
6RBn0IVd3J4,000350,data/iborotti/clips/6RBn0IVd3J4/000350/mouth.mp4,"Bundan dolayı biz öğretmenleri seçerken hem sınav yapıyoruz,",3.88,AVANGART
6RBn0IVd3J4,000351,data/iborotti/clips/6RBn0IVd3J4/000351/mouth.mp4,"hem aktarım becerilerini ölçüyoruz, hem de en önemli kısımda burası öğretmenler sürekli rekabet halinde derslikte.",7.78,AVANGART
6RBn0IVd3J4,000352,data/iborotti/clips/6RBn0IVd3J4/000352/mouth.mp4,Çünkü birebir ders yaparken kendinizi şöyle hayal edin.,3.04,AVANGART
6RBn0IVd3J4,000353,data/iborotti/clips/6RBn0IVd3J4/000353/mouth.mp4,"Ben lisesi öğrencisiyim, dereceye hazırlanıyor, çok zeki bir çocuk, sizden ders aldı, soru sordu,",5.54,AVANGART
6RBn0IVd3J4,000358,data/iborotti/clips/6RBn0IVd3J4/000358/mouth.mp4,Onun için ders veks öğretmenleri sürekli keskin olmalı.,3.18,AVANGART
6RBn0IVd3J4,000359,data/iborotti/clips/6RBn0IVd3J4/000359/mouth.mp4,Bir öğrenci gibi sürekli soru çözüp aktarma konusunda keskin olması gerekiyor.,6.22,AVANGART
6RBn0IVd3J4,000360,data/iborotti/clips/6RBn0IVd3J4/000360/mouth.mp4,Bunu da ders veks ortamında sürekli rekabet halinde ve sürekli öğrenciyi cezbetmesi gerekiyor öğretmenler.,6.38,AVANGART
6RBn0IVd3J4,000361,data/iborotti/clips/6RBn0IVd3J4/000361/mouth.mp4,Onun için öğretmenler aslında eğer vasatsa ders veksden kaçar.,4.2,AVANGART
6RBn0IVd3J4,000362,data/iborotti/clips/6RBn0IVd3J4/000362/mouth.mp4,"Eğer çok iyi öğretmense, bizi de izliyorlarsa açık çek,",4.6,AVANGART
6RBn0IVd3J4,000365,data/iborotti/clips/6RBn0IVd3J4/000365/mouth.mp4,O zaman şimdi biz konuşurken aşağıdan geçen banttaki iletişim bilgilerini kullanarak hem öğrenciler hem de kendisinin çok iyi olduğunu düşünen öğretmenler de Ders Flix 'e başvurabilir.,10.84,AVANGART
6RBn0IVd3J4,000367,data/iborotti/clips/6RBn0IVd3J4/000367/mouth.mp4,Çünkü artık birbirine rakip olan iki hakikat tasarımı vardır. En az,5.08,AVANGART
6RBn0IVd3J4,000368,data/iborotti/clips/6RBn0IVd3J4/000368/mouth.mp4,ikiye. Ve bu hakikat tasarımları birbirlerini,3.8,AVANGART
6RBn0IVd3J4,000369,data/iborotti/clips/6RBn0IVd3J4/000369/mouth.mp4,simgesel düzendeki hiyerarşik sırada en alta kendisinde en yukarı koymaya çalışırlar.,6.36,AVANGART
6RBn0IVd3J4,000370,data/iborotti/clips/6RBn0IVd3J4/000370/mouth.mp4,Bu eskiden sırf seçkinlere ait bir tekelken Şimdi karşı tarafta bunu yapınca taraflar arasında birbirlerini hiyerarşik olarak en alta koyan iki yaklaşım doğunca iki farklı bütünüyle dünyayı yorumlayacak dünya tasarımı ortaya,16.14,AVANGART
6RBn0IVd3J4,000372,data/iborotti/clips/6RBn0IVd3J4/000372/mouth.mp4,"Eğer anti seçkinler en yukarıda ve seçkinler en alttaysa akademi değişmelidir, medya ilişkileri değişmelidir, televizyon değişmelidir, bürokrasi değişmelidir, seçim sistemi değişmelidir, başkanlık sistemi, parlamenter sistem değişmelidir, demokrasi değişmelidir,",16.06,AVANGART
6RBn0IVd3J4,000373,data/iborotti/clips/6RBn0IVd3J4/000373/mouth.mp4,"her şey değişmelidir. Anayasa değişmelidir,",2.22,AVANGART
6RBn0IVd3J4,000374,data/iborotti/clips/6RBn0IVd3J4/000374/mouth.mp4,hukuk değişmelidir. Çünkü her şey onlara göre yapılmıştır.,4.08,AVANGART
6RBn0IVd3J4,000375,data/iborotti/clips/6RBn0IVd3J4/000375/mouth.mp4,Halbuki tırnak içinde söylüyorum gerçek halk buradadır.,3.28,AVANGART
6RBn0IVd3J4,000376,data/iborotti/clips/6RBn0IVd3J4/000376/mouth.mp4,Ve gerçek halk şimdi der ki şimdi her şey bana göre yapılmalı.,3.92,AVANGART
6RBn0IVd3J4,000377,data/iborotti/clips/6RBn0IVd3J4/000377/mouth.mp4,Burası direnirse şöyle karşılanır.,2.66,AVANGART
6RBn0IVd3J4,000378,data/iborotti/clips/6RBn0IVd3J4/000378/mouth.mp4,Sen gerçek halk değilsin ve yüzyıllardır beni sömürüyordun.,3.46,AVANGART
6RBn0IVd3J4,000379,data/iborotti/clips/6RBn0IVd3J4/000379/mouth.mp4,Ben şimdi kendi tasarımımı icat edebildim ve diğerleriyle bu tasarımda buluşabildim.,5.14,AVANGART
6RBn0IVd3J4,000380,data/iborotti/clips/6RBn0IVd3J4/000380/mouth.mp4,"Artık beni kandıramazsın ve artık ben yüzyıllardır bana senden, kötülükten başka bir şey gelmediği için sana güvenmem.",8.62,AVANGART
6RBn0IVd3J4,000381,data/iborotti/clips/6RBn0IVd3J4/000381/mouth.mp4,Sen ne dersem benim aleymedir ve ben ne dersem artık o olacaktır.,5.02,AVANGART
6RBn0IVd3J4,000382,data/iborotti/clips/6RBn0IVd3J4/000382/mouth.mp4,Böylece iki grup arasında bir çatışma çıkar.,3.02,AVANGART
6RBn0IVd3J4,000383,data/iborotti/clips/6RBn0IVd3J4/000383/mouth.mp4,Post Truth 'un ismi buradan geliyor. Şöyle diyebilirim size.,3.16,AVANGART
6RBn0IVd3J4,000384,data/iborotti/clips/6RBn0IVd3J4/000384/mouth.mp4,Post -truth 'u tekrar söylüyorum hakikatin önemsizleşmesi diye çeviriyordum.,3.38,AVANGART
6RBn0IVd3J4,000385,data/iborotti/clips/6RBn0IVd3J4/000385/mouth.mp4,Çevirinin nedenini daha önce açıkladığım için burada çok kısa açıklayayım sadece.,4.08,AVANGART
6RBn0IVd3J4,000386,data/iborotti/clips/6RBn0IVd3J4/000386/mouth.mp4,Post bir önek olarak sonrası anlamına geliyor.,3.5,AVANGART
6RBn0IVd3J4,000387,data/iborotti/clips/6RBn0IVd3J4/000387/mouth.mp4,Fakat 2016 yılında Oxford Dictionary 'e post -truth 'u yılın sözcüğü seçtiğinde buradaki önekin alakasızlaşması ve önemsizleşmesi anlamında kullanıldığına dair bizi uyarıyor.,11.6,AVANGART
6RBn0IVd3J4,000388,data/iborotti/clips/6RBn0IVd3J4/000388/mouth.mp4,Truth sözcüğüne gelince truth 'u bazıları gerçeklik diye çeviriyor ama hatalı.,4.84,AVANGART
6RBn0IVd3J4,000389,data/iborotti/clips/6RBn0IVd3J4/000389/mouth.mp4,Bugün konuşmuştuk. Gerçeklik benim zihnime,2.92,AVANGART
6RBn0IVd3J4,000390,data/iborotti/clips/6RBn0IVd3J4/000390/mouth.mp4,gereksinim duymaksızın dışarıda var olan şey. İngilizcesi reality.,4.5,AVANGART
6RBn0IVd3J4,000391,data/iborotti/clips/6RBn0IVd3J4/000391/mouth.mp4,Truth ise hakikat benim gerçekliği kendi zihnimde tekrar tasarlamam ve gerçekliğe uygun bir şekilde tasarlamaya çalışmam.,9.5,AVANGART
6RBn0IVd3J4,000392,data/iborotti/clips/6RBn0IVd3J4/000392/mouth.mp4,"Buna hakikat deniyordu. Böylece insanlar zihinsel olarak, sosyal olarak hakikatler inşa ediyorlar",5.66,AVANGART
6RBn0IVd3J4,000393,data/iborotti/clips/6RBn0IVd3J4/000393/mouth.mp4,ve bunun gerçeğe denk geldiğini iddia ediyorlardı.,3.28,AVANGART
6RBn0IVd3J4,000394,data/iborotti/clips/6RBn0IVd3J4/000394/mouth.mp4,"Hakikatin önemsizleşmesi, post -truth, seçkinlerin hakikatinin önemsizleşmesidir gerçekten.",6.9,AVANGART
6RBn0IVd3J4,000395,data/iborotti/clips/6RBn0IVd3J4/000395/mouth.mp4,"Fakat seçkinler hala söylem konusunda baskın oldukları için gerçekliğin bir pürüzsüz temsili olarak ürettikleri kendi hakikatlerini bir sosyal hakikat olarak dile getirmezler, bir hakikat",16.24,AVANGART
6RBn0IVd3J4,000396,data/iborotti/clips/6RBn0IVd3J4/000396/mouth.mp4,olarak dile getirirler. Başka hakikat yoktur anlamında. Böylece,4.36,AVANGART
6RBn0IVd3J4,000397,data/iborotti/clips/6RBn0IVd3J4/000397/mouth.mp4,aslında seçkin olanların hakikatinin önemsizleştiği bu yeni döneme hakikatin önemsizleşmesi adı veriliyor.,9.36,AVANGART
6RBn0IVd3J4,000398,data/iborotti/clips/6RBn0IVd3J4/000398/mouth.mp4,Yani postrut seçkinler tarafından üretilen ve anti seçkinlerin kendi tekellerine ortak çıkmasıyla birlikte yeni bir hakikatle beraber ortak çıkmalarıyla olası hakikatler arasında onların bize,15.54,AVANGART
6RBn0IVd3J4,000399,data/iborotti/clips/6RBn0IVd3J4/000399/mouth.mp4,sunduğu bir alternatif var görüşünü örtük olarak dilde reddetmek için,5.72,AVANGART
6RBn0IVd3J4,000400,data/iborotti/clips/6RBn0IVd3J4/000400/mouth.mp4,bizim kurduğumuz sosyal hakikatin önemsizleşmesi yerine bunu hakikatin önemsizleşmesi olarak sunarlar.,7.32,AVANGART
6RBn0IVd3J4,000401,data/iborotti/clips/6RBn0IVd3J4/000401/mouth.mp4,Ve böylece taraflar arasında bir mücadele başlar.,4.9,AVANGART
6RBn0IVd3J4,000402,data/iborotti/clips/6RBn0IVd3J4/000402/mouth.mp4,Anti seçkinler henüz postrutun bu yapısını deşifre etmedikleri için onlar da ilginç bir şekilde seçkinleri asıl postrutta olan sizsiniz diye eleştiriyorlar.,11.42,AVANGART
6RBn0IVd3J4,000403,data/iborotti/clips/6RBn0IVd3J4/000403/mouth.mp4,Ama muhtemelen birkaç yıl içinde deşifre etmiş olacaklar.,4.08,AVANGART
6RBn0IVd3J4,000404,data/iborotti/clips/6RBn0IVd3J4/000404/mouth.mp4,"Ve böylece seçkinlere seçkinlerin ürettiği terim üzerinden değil, kendi ürettikleri yeni bir terim üzerinden geri dönüş yapacaklar.",8.24,AVANGART
6RBn0IVd3J4,000405,data/iborotti/clips/6RBn0IVd3J4/000405/mouth.mp4,Son yıllarda anti seçkinlerin kendi vokabilerilerini oluşturduklarını gördük.,5.24,AVANGART
6RBn0IVd3J4,000406,data/iborotti/clips/6RBn0IVd3J4/000406/mouth.mp4,Zaten o oluşmayla beraber Pax ortamı sarsıldı ve alternatif bir hakikat çıktı.,6.98,AVANGART
6RBn0IVd3J4,000407,data/iborotti/clips/6RBn0IVd3J4/000407/mouth.mp4,Kendi açımdan bakarsam dünya konuşmanın başında da söylediğim üzere zihnimizde temsil edilemiyor.,6.66,AVANGART
6RBn0IVd3J4,000408,data/iborotti/clips/6RBn0IVd3J4/000408/mouth.mp4,Daha doğrusu gerçekçi bir şekilde temsil edilemiyor ve,3.28,AVANGART
6RBn0IVd3J4,000409,data/iborotti/clips/6RBn0IVd3J4/000409/mouth.mp4,"mutlaka bir yanlışlık, eksiklik, çarpıtma veya fazladanlık, abartı çerçevesinde çok niteliksiz bir şekilde temsil edilebiliyor.",10.34,AVANGART
6RBn0IVd3J4,000410,data/iborotti/clips/6RBn0IVd3J4/000410/mouth.mp4,"Bu temsiliyetin doğru olamaması bize temsillerin tarihsel, konumsal ve kültürel olduğunu, yani kişiye özel olduğunu ama kişinin de topluma bağımlı olduğu için",13.46,AVANGART
6RBn0IVd3J4,000411,data/iborotti/clips/6RBn0IVd3J4/000411/mouth.mp4,"kişinin içine doğduğu toplum ve kişinin ayrıksı yapılarının, minör ayrıksı yapılarının oluşturduğu bir kişisel biricik konum üzerinden dünyayı görme ve dünyayı kendisini içinde en rahat edebileceği şekilde",16.08,AVANGART
6RBn0IVd3J4,000412,data/iborotti/clips/6RBn0IVd3J4/000412/mouth.mp4,temsil etme aşamasına götürüyor.,2.9,AVANGART
6RBn0IVd3J4,000413,data/iborotti/clips/6RBn0IVd3J4/000413/mouth.mp4,Ben tabii kendi konumumda Yalanın Siyaseti adlı kitabımda da anlattığım üzere modernist tarafın tarafını benimseyen bir yazım tutturuyorum.,10.12,AVANGART
6RBn0IVd3J4,000414,data/iborotti/clips/6RBn0IVd3J4/000414/mouth.mp4,Çünkü beni konumsal olarak o bölüm dünyayla daha iyi ilişki kurmama sağlıyor.,6.58,AVANGART
6RBn0IVd3J4,000415,data/iborotti/clips/6RBn0IVd3J4/000415/mouth.mp4,"Ama bir daha söylüyorum bu bireysel, kişisel, bireyin içine doğduğu toplumla ve kendisine bu yıl yaşadığı yıllar boyunca enjekte edilen toplumsal enjeksiyonlarla ve kendisinin ayrıksı, minor ayrıksı yapılarıyla bunlara geri verdiği",15.44,AVANGART
6RBn0IVd3J4,000417,data/iborotti/clips/6RBn0IVd3J4/000417/mouth.mp4,"Dolayısıyla benim kişisel olarak tutturduğum tonun ne olduğu önemsiz, makro bakışta ne gördüğümüz önemli.",7.72,AVANGART
6RBn0IVd3J4,000418,data/iborotti/clips/6RBn0IVd3J4/000418/mouth.mp4,Yani benim kişisel olarak kaldığım bölüm bugünkü konuştuğumuz bağlamda modernistlerin tarafında,6.8,AVANGART
6RBn0IVd3J4,000419,data/iborotti/clips/6RBn0IVd3J4/000419/mouth.mp4,kalıyor. Fakat bir daha söylüyorum modernistlerin tarafında kalıyor olmam benim postmodern durumu anlayamamamı gerektirmiyor.,8.16,AVANGART
6RBn0IVd3J4,000420,data/iborotti/clips/6RBn0IVd3J4/000420/mouth.mp4,Meseleyi nesnel bir şekilde çözümlemek mümkün veya nesnele ne kadar yakın olunabilirse.,6.04,AVANGART
6RBn0IVd3J4,000421,data/iborotti/clips/6RBn0IVd3J4/000421/mouth.mp4,Çünkü sonuçta bu söylediklerimde birer temsil ve konuşmanın en başında söylediğime referans yaparsak,5.34,AVANGART
6RBn0IVd3J4,000422,data/iborotti/clips/6RBn0IVd3J4/000422/mouth.mp4,"eksik, çarpıtılmış, abartılmış, yarım kalmış, yanlış, zorunlu olarak isabetsiz.",6.24,AVANGART
6RBn0IVd3J4,000423,data/iborotti/clips/6RBn0IVd3J4/000423/mouth.mp4,Fakat diğer tarafı anlamak mümkün.,4.06,AVANGART
6RBn0IVd3J4,000424,data/iborotti/clips/6RBn0IVd3J4/000424/mouth.mp4,Diğer tarafı anlamak mümkün olduğunda o zaman taraflar arasındaki arı kutuplaşma kendisini bir ilişki kurulabilir yeni düzleme taşıyor.,10.52,AVANGART
6RBn0IVd3J4,000425,data/iborotti/clips/6RBn0IVd3J4/000425/mouth.mp4,Yani kişilerin kendisini ne tarafta gördüğünden çok karşı tarafla iletişim kurmaya açık olmaları önem kazanıyor.,8.5,AVANGART
6RBn0IVd3J4,000426,data/iborotti/clips/6RBn0IVd3J4/000426/mouth.mp4,"Önümüzdeki yıllarda bir şekilde bu ilişkinin kurulacağını düşünüyorum, öyle öngörüyorum.",7.38,AVANGART
6RBn0IVd3J4,000427,data/iborotti/clips/6RBn0IVd3J4/000427/mouth.mp4,"Çünkü tarih boyunca genellikle hep bir sıkışma, gerginlik ve onun ardından bir uzlaşı, Bir barış dönemi, bir gelir düzeylerinde ticarette yükselme, refah ve sonra tekrar bir sıkışma dönemi",14.78,AVANGART
6RBn0IVd3J4,000428,data/iborotti/clips/6RBn0IVd3J4/000428/mouth.mp4,takip ediyor. Bizim bir süredir bir sıkışma dönemi içinde olduğumuzu görüyoruz.,5.88,AVANGART
6RBn0IVd3J4,000429,data/iborotti/clips/6RBn0IVd3J4/000429/mouth.mp4,Bu uzlaşı alanlarının kurulmasıyla birlikte yani tarafların birbirini kendi konumundan bağımsız olarak anlamaya yönelmeleriyle kurulacak olan bu bağlantıda Öyle sanıyorum ki kutuplaşma bir mesele olmayı,15.88,AVANGART
6RBn0IVd3J4,000430,data/iborotti/clips/6RBn0IVd3J4/000430/mouth.mp4,terk etmeyi başaracak. O zaman bir sonraki bölümde tekrar başka bir konuyla görüşmek üzere.,5.1,AVANGART
6rVFTG4dU8Q,000001,data/iborotti/clips/6rVFTG4dU8Q/000001/mouth.mp4,Ben Feyza. Bugün Türkçe öğrenmek isteyenler için yeni bir seriye başlıyoruz.,6.6,Guncel Turkce Learn Turkish
6rVFTG4dU8Q,000002,data/iborotti/clips/6rVFTG4dU8Q/000002/mouth.mp4,Senin için 10 derslik bir seri hazırladım.,3.68,Guncel Turkce Learn Turkish
6rVFTG4dU8Q,000003,data/iborotti/clips/6rVFTG4dU8Q/000003/mouth.mp4,Bu seriyi tamamladığında kendini Türkçe çok rahat bir şekilde ifade edebileceksin.,6.68,Guncel Turkce Learn Turkish
6rVFTG4dU8Q,000004,data/iborotti/clips/6rVFTG4dU8Q/000004/mouth.mp4,Sana göstereceğim temel bilgileri kavradığında Türkçe öğrenmenin ne kadar kolay ve keyifli olduğunu fark edeceksin.,9.7,Guncel Turkce Learn Turkish
6rVFTG4dU8Q,000005,data/iborotti/clips/6rVFTG4dU8Q/000005/mouth.mp4,Hadi hiç vakit kaybetmeden dersimize başlayalım.,4.32,Guncel Turkce Learn Turkish
6rVFTG4dU8Q,000006,data/iborotti/clips/6rVFTG4dU8Q/000006/mouth.mp4,Tanışma ile başlayabiliriz. Yeni bir ortama girdiğimizde insanlarla tanışmamız gerekiyor.,7.32,Guncel Turkce Learn Turkish
6rVFTG4dU8Q,000007,data/iborotti/clips/6rVFTG4dU8Q/000007/mouth.mp4,İlk önce ne yapmalıyız? Bir onu düşünelim.,3.14,Guncel Turkce Learn Turkish
6rVFTG4dU8Q,000008,data/iborotti/clips/6rVFTG4dU8Q/000008/mouth.mp4,İlk önce rahatlamalısınız. Çünkü yeni bir dil öğrendiğimizde konuşmak gerçekten çok zor olabiliyor.,8.08,Guncel Turkce Learn Turkish
6rVFTG4dU8Q,000009,data/iborotti/clips/6rVFTG4dU8Q/000009/mouth.mp4,Ama lütfen bunu bir sıkıntı haline getirmeyin.,3.54,Guncel Turkce Learn Turkish
6rVFTG4dU8Q,000010,data/iborotti/clips/6rVFTG4dU8Q/000010/mouth.mp4,Rahat olun. Çünkü karşınızdaki kişi sizinle dalga geçmeyecek.,4.38,Guncel Turkce Learn Turkish
6rVFTG4dU8Q,000011,data/iborotti/clips/6rVFTG4dU8Q/000011/mouth.mp4,Size gülmeyecek. Herhangi bir problem yaşamayacaksınız.,3.86,Guncel Turkce Learn Turkish
6rVFTG4dU8Q,000012,data/iborotti/clips/6rVFTG4dU8Q/000012/mouth.mp4,Rahat olabilirsiniz. Peki ne diyebiliriz?,3.26,Guncel Turkce Learn Turkish
6rVFTG4dU8Q,000017,data/iborotti/clips/6rVFTG4dU8Q/000017/mouth.mp4,Merhaba. Bu daha doğru bir kullanım.,2.68,Guncel Turkce Learn Turkish
6rVFTG4dU8Q,000018,data/iborotti/clips/6rVFTG4dU8Q/000018/mouth.mp4,Karşınızdaki kişi de size merhaba diyerek karşılık verecektir.,5.02,Guncel Turkce Learn Turkish
6rVFTG4dU8Q,000019,data/iborotti/clips/6rVFTG4dU8Q/000019/mouth.mp4,Daha sonra adınızı söylemeniz gerekebilir.,3.94,Guncel Turkce Learn Turkish
6rVFTG4dU8Q,000023,data/iborotti/clips/6rVFTG4dU8Q/000023/mouth.mp4,Karşınızdaki kişiye ismini sormanız gerekebilir.,4.28,Guncel Turkce Learn Turkish
6rVFTG4dU8Q,000024,data/iborotti/clips/6rVFTG4dU8Q/000024/mouth.mp4,Bunun iki yolu var. Nasıl bir ortamda olduğunuza bağlı olarak değişebilir.,5.04,Guncel Turkce Learn Turkish
6rVFTG4dU8Q,000029,data/iborotti/clips/6rVFTG4dU8Q/000029/mouth.mp4,"Selamlaşma ile devam edelim. Karşımızdaki kişiye nasıl olduğunu sormak istiyorsak, bunun birkaç yolu var.",9.5,Guncel Turkce Learn Turkish
6rVFTG4dU8Q,000030,data/iborotti/clips/6rVFTG4dU8Q/000030/mouth.mp4,Şimdi bu ifadelere bir bakalım.,2.46,Guncel Turkce Learn Turkish
6rVFTG4dU8Q,000037,data/iborotti/clips/6rVFTG4dU8Q/000037/mouth.mp4,Peki o bize nasıl cevap verebilir?,2.36,Guncel Turkce Learn Turkish
6rVFTG4dU8Q,000043,data/iborotti/clips/6rVFTG4dU8Q/000043/mouth.mp4,"Evet, biz Türkler bu soruyu sormayı maalesef çok seviyoruz.",5.14,Guncel Turkce Learn Turkish
6rVFTG4dU8Q,000044,data/iborotti/clips/6rVFTG4dU8Q/000044/mouth.mp4,Bu soruya nasıl cevap verebiliriz?,3.52,Guncel Turkce Learn Turkish
6rVFTG4dU8Q,000046,data/iborotti/clips/6rVFTG4dU8Q/000046/mouth.mp4,Hangi milliyettenseniz bunu söyleyebilirsiniz.,3.5,Guncel Turkce Learn Turkish
6rVFTG4dU8Q,000049,data/iborotti/clips/6rVFTG4dU8Q/000049/mouth.mp4,diye sorduk. Ne cevap verebiliriz?,3.44,Guncel Turkce Learn Turkish
6rVFTG4dU8Q,000050,data/iborotti/clips/6rVFTG4dU8Q/000050/mouth.mp4,Ben Ankara'da yaşıyorum.,2.88,Guncel Turkce Learn Turkish
6rVFTG4dU8Q,000051,data/iborotti/clips/6rVFTG4dU8Q/000051/mouth.mp4,Ben İstanbul'da yaşıyorum.,3.26,Guncel Turkce Learn Turkish
6rVFTG4dU8Q,000052,data/iborotti/clips/6rVFTG4dU8Q/000052/mouth.mp4,Bir diğer konumuz vedalaşma.,2.56,Guncel Turkce Learn Turkish
6rVFTG4dU8Q,000053,data/iborotti/clips/6rVFTG4dU8Q/000053/mouth.mp4,Türkçe'de vedalaşma için hangi ifadeleri kullanıyoruz?,4.54,Guncel Turkce Learn Turkish
6rVFTG4dU8Q,000054,data/iborotti/clips/6rVFTG4dU8Q/000054/mouth.mp4,Bir buna bakalım. Bir arkadaşımızla görüştük.,3.1,Guncel Turkce Learn Turkish
6rVFTG4dU8Q,000055,data/iborotti/clips/6rVFTG4dU8Q/000055/mouth.mp4,Çok güzel vakit geçirdik. Artık eve dönme zamanımız geldi.,4.68,Guncel Turkce Learn Turkish
6rVFTG4dU8Q,000065,data/iborotti/clips/6rVFTG4dU8Q/000065/mouth.mp4,Bu zamanlarda günlük ifade olarak neler kullanıyoruz?,4.26,Guncel Turkce Learn Turkish
6rVFTG4dU8Q,000079,data/iborotti/clips/6rVFTG4dU8Q/000079/mouth.mp4,"iyi günler, iyi akşamlar,",3.92,Guncel Turkce Learn Turkish
6rVFTG4dU8Q,000081,data/iborotti/clips/6rVFTG4dU8Q/000081/mouth.mp4,Bu dersimizde günlük hayatımızda sıkça kullandığımız ifadelerden bahsettik.,6.48,Guncel Turkce Learn Turkish
6rVFTG4dU8Q,000082,data/iborotti/clips/6rVFTG4dU8Q/000082/mouth.mp4,Serimiz devam ediyor. Lütfen diğer videoları da izlemeyi unutma ve mutlaka bilmediğin ifadeleri defterine not al.,9.64,Guncel Turkce Learn Turkish
6rVFTG4dU8Q,000083,data/iborotti/clips/6rVFTG4dU8Q/000083/mouth.mp4,Bir de videoyu beğenip yorum yapmayı unutma.,4.0,Guncel Turkce Learn Turkish
6rVFTG4dU8Q,000084,data/iborotti/clips/6rVFTG4dU8Q/000084/mouth.mp4,Kendine çok iyi bak. Görüşmek üzere.,2.88,Guncel Turkce Learn Turkish
85eQE_7Q42M,000001,data/iborotti/clips/85eQE_7Q42M/000001/mouth.mp4,Ben Feyza. Bu dersimizde sayıları öğreneceğiz.,4.1,Guncel Turkce Learn Turkish
85eQE_7Q42M,000008,data/iborotti/clips/85eQE_7Q42M/000008/mouth.mp4,"3 Uç değil. Uçmak, kuşlar uçar bizde.",4.26,Guncel Turkce Learn Turkish
85eQE_7Q42M,000023,data/iborotti/clips/85eQE_7Q42M/000023/mouth.mp4,"Evet, sayıları öğrendiğimize göre şimdi bazı soru kalıplarına bakalım.",5.72,Guncel Turkce Learn Turkish
85eQE_7Q42M,000031,data/iborotti/clips/85eQE_7Q42M/000031/mouth.mp4,Mesela Türkçe telefon numarası söyleme.,3.22,Guncel Turkce Learn Turkish
85eQE_7Q42M,000032,data/iborotti/clips/85eQE_7Q42M/000032/mouth.mp4,"Evet, bu bazen yabancılar için gerçekten çok zor olabiliyor.",4.92,Guncel Turkce Learn Turkish
85eQE_7Q42M,000033,data/iborotti/clips/85eQE_7Q42M/000033/mouth.mp4,Buraya bir telefon numarası yazdım.,2.28,Guncel Turkce Learn Turkish
85eQE_7Q42M,000034,data/iborotti/clips/85eQE_7Q42M/000034/mouth.mp4,Bu numara benim numaram değil bu arada.,2.26,Guncel Turkce Learn Turkish
85eQE_7Q42M,000048,data/iborotti/clips/85eQE_7Q42M/000048/mouth.mp4,"32 Evet, o kadar da zor değilmiş.",4.06,Guncel Turkce Learn Turkish
85eQE_7Q42M,000050,data/iborotti/clips/85eQE_7Q42M/000050/mouth.mp4,Bu dersimizin sonuna geldik. Bugün sayıları ve doğru söylenişini gördük.,7.36,Guncel Turkce Learn Turkish
85eQE_7Q42M,000051,data/iborotti/clips/85eQE_7Q42M/000051/mouth.mp4,Kaç yaşındasın sorusuna nasıl cevap verebileceğinizi ve Türkçe telefon numarasını nasıl söyleyebilirsiniz?,8.1,Guncel Turkce Learn Turkish
85eQE_7Q42M,000052,data/iborotti/clips/85eQE_7Q42M/000052/mouth.mp4,Nasıl doğru şekilde kendinize ifade edebilirsiniz?,4.18,Guncel Turkce Learn Turkish
85eQE_7Q42M,000053,data/iborotti/clips/85eQE_7Q42M/000053/mouth.mp4,Bunları öğrendik. Bir dahaki dersimizde görüşmek üzere.,3.88,Guncel Turkce Learn Turkish
85eQE_7Q42M,000054,data/iborotti/clips/85eQE_7Q42M/000054/mouth.mp4,Kendinize çok iyi bakın. Bu arada videoyu beğenip yorum yapmayı unutmayın.,6.02,Guncel Turkce Learn Turkish
CHLK5VPdSaM,000000,data/iborotti/clips/CHLK5VPdSaM/000000/mouth.mp4,"Herkese merhaba, güncel Türkçe 'ye tekrar hoş geldin.",4.19,Guncel Turkce Learn Turkish
CHLK5VPdSaM,000001,data/iborotti/clips/CHLK5VPdSaM/000001/mouth.mp4,Ben Feyza. Yabancılar için Türkçe serimizin 6.,4.78,Guncel Turkce Learn Turkish
CHLK5VPdSaM,000002,data/iborotti/clips/CHLK5VPdSaM/000002/mouth.mp4,dersindeyiz. Önceki videolarımı umarım izlemişsindir.,4.96,Guncel Turkce Learn Turkish
CHLK5VPdSaM,000003,data/iborotti/clips/CHLK5VPdSaM/000003/mouth.mp4,Bu dersimizde aile kavramını öğreneceğiz.,4.36,Guncel Turkce Learn Turkish
CHLK5VPdSaM,000004,data/iborotti/clips/CHLK5VPdSaM/000004/mouth.mp4,"Aile, Arapça'dan Türkçe 'ye geçmiş bir kelime.",4.56,Guncel Turkce Learn Turkish
CHLK5VPdSaM,000005,data/iborotti/clips/CHLK5VPdSaM/000005/mouth.mp4,Şimdi ailemiz konusunu detaylı bir şekilde işleyelim.,5.68,Guncel Turkce Learn Turkish
CHLK5VPdSaM,000006,data/iborotti/clips/CHLK5VPdSaM/000006/mouth.mp4,Ailemiz konusuyla başlayabiliriz.,4.02,Guncel Turkce Learn Turkish
CHLK5VPdSaM,000014,data/iborotti/clips/CHLK5VPdSaM/000014/mouth.mp4,Türkçe dede Dede,3.96,Guncel Turkce Learn Turkish
CHLK5VPdSaM,000016,data/iborotti/clips/CHLK5VPdSaM/000016/mouth.mp4,Annemiz gibi bizimle ilgilenir ve bizi sever.,4.46,Guncel Turkce Learn Turkish
CHLK5VPdSaM,000025,data/iborotti/clips/CHLK5VPdSaM/000025/mouth.mp4,"Kız kardeşim 14 yaşında, erkek kardeşim 15 yaşında diyebilirim.",8.52,Guncel Turkce Learn Turkish
CHLK5VPdSaM,000030,data/iborotti/clips/CHLK5VPdSaM/000030/mouth.mp4,Kuzen erkek yeğen için kullanılır.,3.82,Guncel Turkce Learn Turkish
CHLK5VPdSaM,000031,data/iborotti/clips/CHLK5VPdSaM/000031/mouth.mp4,Kuzenim de diyebilirsin. Benim kuzenim 15 yaşında ya da benim kuzenim öğretmen diyerek anlatabilirsin.,11.14,Guncel Turkce Learn Turkish
CHLK5VPdSaM,000032,data/iborotti/clips/CHLK5VPdSaM/000032/mouth.mp4,"Ailemiz konusunu öğrendiğimize göre, şimdi iyilik eklerine bakalım.",5.32,Guncel Turkce Learn Turkish
CHLK5VPdSaM,000033,data/iborotti/clips/CHLK5VPdSaM/000033/mouth.mp4,İyilik ekleri bir varlığın kime ya da neye ait olduğunu bildirir.,6.14,Guncel Turkce Learn Turkish
CHLK5VPdSaM,000043,data/iborotti/clips/CHLK5VPdSaM/000043/mouth.mp4,çalışkan. Ailemiz ve iyilik eklerini öğrendik.,4.9,Guncel Turkce Learn Turkish
CHLK5VPdSaM,000044,data/iborotti/clips/CHLK5VPdSaM/000044/mouth.mp4,Şimdi ben size hem kendimi hem de ailemi tanıtacağım.,5.16,Guncel Turkce Learn Turkish
CHLK5VPdSaM,000045,data/iborotti/clips/CHLK5VPdSaM/000045/mouth.mp4,Bu sizin için de çok kolaylık sağlayacaktır.,3.96,Guncel Turkce Learn Turkish
CHLK5VPdSaM,000046,data/iborotti/clips/CHLK5VPdSaM/000046/mouth.mp4,Çünkü sizin de ailenizi tanıtmanız gerekebilir.,4.0,Guncel Turkce Learn Turkish
CHLK5VPdSaM,000047,data/iborotti/clips/CHLK5VPdSaM/000047/mouth.mp4,"Evet, ben Feyza, 29 yaşındayım.",4.24,Guncel Turkce Learn Turkish
CHLK5VPdSaM,000048,data/iborotti/clips/CHLK5VPdSaM/000048/mouth.mp4,Türkçe öğretmeniyim. Benim iki kardeşim var.,4.44,Guncel Turkce Learn Turkish
CHLK5VPdSaM,000049,data/iborotti/clips/CHLK5VPdSaM/000049/mouth.mp4,"Kız kardeşim 22 yaşında, o üniversitede okuyor.",5.42,Guncel Turkce Learn Turkish
CHLK5VPdSaM,000050,data/iborotti/clips/CHLK5VPdSaM/000050/mouth.mp4,"Erkek kardeşim 13 yaşında, o lise 1 'e gidiyor.",6.06,Guncel Turkce Learn Turkish
CHLK5VPdSaM,000051,data/iborotti/clips/CHLK5VPdSaM/000051/mouth.mp4,Benim annem ev hanımı.,2.76,Guncel Turkce Learn Turkish
CHLK5VPdSaM,000052,data/iborotti/clips/CHLK5VPdSaM/000052/mouth.mp4,Babam tekstil ile uğraşıyor diyebilirim.,4.76,Guncel Turkce Learn Turkish
CHLK5VPdSaM,000053,data/iborotti/clips/CHLK5VPdSaM/000053/mouth.mp4,"Siz de eğer bu şekilde pratik yapmak istiyorsanız, defterinize yazabilirsiniz.",6.28,Guncel Turkce Learn Turkish
CHLK5VPdSaM,000054,data/iborotti/clips/CHLK5VPdSaM/000054/mouth.mp4,Ailenize tanıtacağınız bir metin oluşturabilirsiniz.,4.02,Guncel Turkce Learn Turkish
CHLK5VPdSaM,000055,data/iborotti/clips/CHLK5VPdSaM/000055/mouth.mp4,Bu dersimizde ailemiz ve iyilik eklerini öğrendik.,4.7,Guncel Turkce Learn Turkish
CHLK5VPdSaM,000056,data/iborotti/clips/CHLK5VPdSaM/000056/mouth.mp4,Dersimizin sonundaki alıştırmaları yapmayı unutma.,4.02,Guncel Turkce Learn Turkish
CHLK5VPdSaM,000057,data/iborotti/clips/CHLK5VPdSaM/000057/mouth.mp4,Bir sonraki derste görüşmek üzere. Hoşçakal.,3.58,Guncel Turkce Learn Turkish
MCjBZZKHMIg,000001,data/iborotti/clips/MCjBZZKHMIg/000001/mouth.mp4,"Bugün ilginç bir konudan bahsedeceğim, belki benim bahsedeceğimi düşünmeyeceğiniz bir konudan bahsedeceğim.",6.12,kötü emeller
MCjBZZKHMIg,000002,data/iborotti/clips/MCjBZZKHMIg/000002/mouth.mp4,Güney Korelilerin psikolojisi neden bu kadar gidik sorusunu yanıtlamaya çalışacağım sosyal bilimler perspektifinden.,7.64,kötü emeller
MCjBZZKHMIg,000003,data/iborotti/clips/MCjBZZKHMIg/000003/mouth.mp4,"Bu konuyu böyle birkaç hafta önce düşündüm, aklıma geldi.",4.78,kötü emeller
MCjBZZKHMIg,000004,data/iborotti/clips/MCjBZZKHMIg/000004/mouth.mp4,Tutup izlerken önüme bir tane video düştü ve şey işte yabancı menşeli bir video ve videonun başta da şeydi işte zayıflık takıntılı ülke.,9.52,kötü emeller
MCjBZZKHMIg,000005,data/iborotti/clips/MCjBZZKHMIg/000005/mouth.mp4,Bu ülkede zayıf olmak yasak falan gibi böyle biraz clickbait bir başlığı vardı.,5.14,kötü emeller
MCjBZZKHMIg,000006,data/iborotti/clips/MCjBZZKHMIg/000006/mouth.mp4,Ben de merak ettim hani nereden bahsediyormuş falan diye.,2.72,kötü emeller
MCjBZZKHMIg,000007,data/iborotti/clips/MCjBZZKHMIg/000007/mouth.mp4,"Açtım ve Güney Kore çıktı ve Güney Kore'deki böyle zayıflık takıntısını işte sıfır kalori dükkanları, Her şeyin sıfır kalori olduğu falan filan böyle tatlandırıcılarla tatlandırılan çeşitli düşük kalorili yiyecek satan yerlerin ne kadar yaygın olduğuna dair.",15.62,kötü emeller
MCjBZZKHMIg,000010,data/iborotti/clips/MCjBZZKHMIg/000010/mouth.mp4,Uzun sopalar. İşte şu kalınlıktaysanız çok şişkosunuz.,4.22,kötü emeller
MCjBZZKHMIg,000011,data/iborotti/clips/MCjBZZKHMIg/000011/mouth.mp4,Buradan geçemezseniz yani şu ikisi arasından geçemiyorsanız obezsiniz.,4.3,kötü emeller
MCjBZZKHMIg,000012,data/iborotti/clips/MCjBZZKHMIg/000012/mouth.mp4,"Öldürün kendinizi. Şu ikisi arasından geçemiyorsanız çok şişkosunuz, tombilisiniz falan gibi böyle hakarete varan kelimelerle ifade eden böyle şeyler vardı.",9.98,kötü emeller
MCjBZZKHMIg,000013,data/iborotti/clips/MCjBZZKHMIg/000013/mouth.mp4,"Topalar, direkler dikmişler ve arasından geçemeyenleri de böyle fat shaming yaparak utandırdıkları bir uygulama ve bunları çocuk parklarında tutuyorlarmış falan.",9.68,kötü emeller
MCjBZZKHMIg,000014,data/iborotti/clips/MCjBZZKHMIg/000014/mouth.mp4,Böyle Amerikalı bir YouTuber gitmiş orayı geziyor falan ve hani zayıflık takıntısını gözlemliyor.,5.82,kötü emeller
MCjBZZKHMIg,000015,data/iborotti/clips/MCjBZZKHMIg/000015/mouth.mp4,"Ben dedim ne kadar ilginç falan yani hiç böyle bir şey bilmiyordum hani bu kadar zayıflık obsessed, zayıflık takıntılı bir kültür olduğunu farkındayım.",7.26,kötü emeller
MCjBZZKHMIg,000016,data/iborotti/clips/MCjBZZKHMIg/000016/mouth.mp4,Ben genel olarak Güney Kore 'ye dair çok bir şey bilmediğimi fark ettim zaten bu süreçte.,4.84,kötü emeller
MCjBZZKHMIg,000017,data/iborotti/clips/MCjBZZKHMIg/000017/mouth.mp4,Çünkü yani şu anda özellikle Z kuşağı ve alfa kuşağı arasında bir Kore çılgınlığı var.,4.94,kötü emeller
MCjBZZKHMIg,000018,data/iborotti/clips/MCjBZZKHMIg/000018/mouth.mp4,"Hem Kore'de üretilen, Güney Kore'de çekilen diziler hem de işte K -pop biliyorsunuz zaten.",6.46,kötü emeller
MCjBZZKHMIg,000019,data/iborotti/clips/MCjBZZKHMIg/000019/mouth.mp4,"Müzik grupları, boy bandlar, girl bandlar dünyayı kasıp kavuruyorlar.",4.28,kötü emeller
MCjBZZKHMIg,000020,data/iborotti/clips/MCjBZZKHMIg/000020/mouth.mp4,Hatta hani o kadar başarılı oluyorlar ki Amerika 'yı bile kasıp kavurabiliyorlar.,3.74,kötü emeller
MCjBZZKHMIg,000021,data/iborotti/clips/MCjBZZKHMIg/000021/mouth.mp4,Ama benim jenerasyumda böyle bir şey yoktu ve Kore 'ye dair öyle özel bir ilgim yok.,3.44,kötü emeller
MCjBZZKHMIg,000022,data/iborotti/clips/MCjBZZKHMIg/000022/mouth.mp4,Ama geçenlerde Beşiktaş Belediyesi mi ne böyle bir parkta Kore günleri yapmış.,4.38,kötü emeller
MCjBZZKHMIg,000023,data/iborotti/clips/MCjBZZKHMIg/000023/mouth.mp4,Hani belediyenin dantik kimse bir eventi yani.,3.1,kötü emeller
MCjBZZKHMIg,000024,data/iborotti/clips/MCjBZZKHMIg/000024/mouth.mp4,Hani bedava bir event ve bütün Beşiktaş trafiği felç olmuştu o gün.,5.22,kötü emeller
MCjBZZKHMIg,000025,data/iborotti/clips/MCjBZZKHMIg/000025/mouth.mp4,Millet akın akın gidiyor. Normalde böyle bin kişi gelecek gibi planlanmış bir etkinlik.,7.1,kötü emeller
MCjBZZKHMIg,000026,data/iborotti/clips/MCjBZZKHMIg/000026/mouth.mp4,Küçük belediye içi parktaki bir etkinlik.,2.44,kötü emeller
MCjBZZKHMIg,000027,data/iborotti/clips/MCjBZZKHMIg/000027/mouth.mp4,"Belki böyle 10 bin, 20 bin, 30 bin kişi falan gitti ve İstanbul trafiği kilitlendi falan.",6.28,kötü emeller
MCjBZZKHMIg,000028,data/iborotti/clips/MCjBZZKHMIg/000028/mouth.mp4,"Ben de böyle ne kadar Kore manyağı var ya ülkede, ne kadar Kore meraklısı var falan.",4.62,kötü emeller
MCjBZZKHMIg,000029,data/iborotti/clips/MCjBZZKHMIg/000029/mouth.mp4,Ve çok da böyle bir şey bilmedim. Çok büyük yüzeysel şeyler bildiğimi fark ettim.,3.48,kötü emeller
MCjBZZKHMIg,000030,data/iborotti/clips/MCjBZZKHMIg/000030/mouth.mp4,Ve biraz böyle Kore tarihini araştırmak istedim.,3.58,kötü emeller
MCjBZZKHMIg,000031,data/iborotti/clips/MCjBZZKHMIg/000031/mouth.mp4,"Ve araştırdıkça da hep hani genelde bize anlatılan resmi anlatılar ne şekilde işte Kuzey Kore çok kötü bir yer, totaliter bir yer, totalitaryen bir yer ki evet totalitaryen bir yer ve hani bir diktatör tarafından yönetiliyor Kuzey Kore falan filan.",14.36,kötü emeller
MCjBZZKHMIg,000032,data/iborotti/clips/MCjBZZKHMIg/000032/mouth.mp4,"Yani onlar zaten katılıyorum da hani berbat bir yer, iğrenç bir yer.",4.6,kötü emeller
MCjBZZKHMIg,000033,data/iborotti/clips/MCjBZZKHMIg/000033/mouth.mp4,En kötü Kore Kuzey Kore ve Güney Kore de hani özgürlükler ülkesi.,4.42,kötü emeller
MCjBZZKHMIg,000034,data/iborotti/clips/MCjBZZKHMIg/000034/mouth.mp4,Herkes işte kuzeydekiler de güneye kaçmak istiyor falan filan.,3.24,kötü emeller
MCjBZZKHMIg,000035,data/iborotti/clips/MCjBZZKHMIg/000035/mouth.mp4,Böyle bir söylem var. Ben de hiç hani bu konuyu da böyle çok sorgulamamıştım.,3.54,kötü emeller
MCjBZZKHMIg,000036,data/iborotti/clips/MCjBZZKHMIg/000036/mouth.mp4,Evet öyle falan. Geçenlerde annemle konuşuyorduk.,2.66,kötü emeller
MCjBZZKHMIg,000037,data/iborotti/clips/MCjBZZKHMIg/000037/mouth.mp4,Annem de Kuzey Kore 'ye dair bir belgesel izlemiş.,2.88,kötü emeller
MCjBZZKHMIg,000038,data/iborotti/clips/MCjBZZKHMIg/000038/mouth.mp4,Ve belgeselde de işte Kuzey Kore 'yi anlatıyor yani.,2.98,kötü emeller
MCjBZZKHMIg,000039,data/iborotti/clips/MCjBZZKHMIg/000039/mouth.mp4,"Kuzey Kore halkını anlatıyor, demografisini anlatıyor.",2.48,kötü emeller
MCjBZZKHMIg,000040,data/iborotti/clips/MCjBZZKHMIg/000040/mouth.mp4,Annem dedi ki yani Kuzey Kore yanlısı bir belgesel değil.,3.04,kötü emeller
MCjBZZKHMIg,000041,data/iborotti/clips/MCjBZZKHMIg/000041/mouth.mp4,Kuzey Kore öven bir belgesel değil ama annem şey dedi.,2.42,kötü emeller
MCjBZZKHMIg,000042,data/iborotti/clips/MCjBZZKHMIg/000042/mouth.mp4,Ben o insanların gözünde bir mutluluk gördüm.,2.36,kötü emeller
MCjBZZKHMIg,000043,data/iborotti/clips/MCjBZZKHMIg/000043/mouth.mp4,Bir huzur gördüm o insanların gözünde falan dedi.,3.16,kötü emeller
MCjBZZKHMIg,000044,data/iborotti/clips/MCjBZZKHMIg/000044/mouth.mp4,Böyle Allah Allah falan. Neyse ben bu Güney Kore 'yi araştırdıkça ki Güney Kore şu anda intihar oranlarının neredeyse dünya ortalamasının iki katı.,8.88,kötü emeller
MCjBZZKHMIg,000045,data/iborotti/clips/MCjBZZKHMIg/000045/mouth.mp4,Doğum oranlarının da dünya ortalamasının en düşüğü olduğu bir ülke.,4.92,kötü emeller
MCjBZZKHMIg,000046,data/iborotti/clips/MCjBZZKHMIg/000046/mouth.mp4,Yani yok oluşa giden bir ülke hızlı bir şekilde.,2.68,kötü emeller
MCjBZZKHMIg,000047,data/iborotti/clips/MCjBZZKHMIg/000047/mouth.mp4,"İnsanlar resmen yaşamak istemiyor, çoğalmak istemiyor.",3.28,kötü emeller
MCjBZZKHMIg,000048,data/iborotti/clips/MCjBZZKHMIg/000048/mouth.mp4,Kendilerini öldürüyorlar. Kendilerini öldürmeseler çocuk yapmıyorlar.,3.44,kötü emeller
MCjBZZKHMIg,000049,data/iborotti/clips/MCjBZZKHMIg/000049/mouth.mp4,Böyle yok oluş yolunda olan bir ülke.,2.7,kötü emeller
MCjBZZKHMIg,000050,data/iborotti/clips/MCjBZZKHMIg/000050/mouth.mp4,"Zaten bu olaylarıyla da çok meşhur. Yani nüfusunun ne kadar giderek azaldığına dair doğum oranlarının dünyada en düşük olduğu ülke olması üzerinden zaten çok konuşulan, gündeme gelen bir ülke.",11.52,kötü emeller
MCjBZZKHMIg,000051,data/iborotti/clips/MCjBZZKHMIg/000051/mouth.mp4,Ama hani bütün bu puzzle böyle parça parça duruyordu.,3.34,kötü emeller
MCjBZZKHMIg,000052,data/iborotti/clips/MCjBZZKHMIg/000052/mouth.mp4,Böyle birazcık Güney Kore 'yi araştırdıkça en az Kuzey Kore kadar distopik bir yer olduğunu fark ettim.,6.36,kötü emeller
MCjBZZKHMIg,000053,data/iborotti/clips/MCjBZZKHMIg/000053/mouth.mp4,"Ve içimden dedim ki acaba en kötü Kore, Kuzey Kore değil mi?",4.5,kötü emeller
MCjBZZKHMIg,000054,data/iborotti/clips/MCjBZZKHMIg/000054/mouth.mp4,"Belki de bize anlatılan o hikayenin arka planında ki Güney Kore büyüsü mü diyeyim, Güney Kore mucizesi, çünkü ekonomik kalkınması da bir mucize olarak anlatılıyor o kısma da geleceğim.",13.48,kötü emeller
MCjBZZKHMIg,000055,data/iborotti/clips/MCjBZZKHMIg/000055/mouth.mp4,Aslında hani şey mi yani hani ülkenin sonunu mu getiriyor gibi bir soru canlandı bende.,6.58,kötü emeller
MCjBZZKHMIg,000056,data/iborotti/clips/MCjBZZKHMIg/000056/mouth.mp4,Ve Güney Koreliler neden bu kadar psikolojileri bozuk?,2.62,kötü emeller
MCjBZZKHMIg,000057,data/iborotti/clips/MCjBZZKHMIg/000057/mouth.mp4,"Çok garip, bana garip gelen özellikleri var.",2.58,kötü emeller
MCjBZZKHMIg,000058,data/iborotti/clips/MCjBZZKHMIg/000058/mouth.mp4,"Bugün üç tanesinden bahsedeceğim. Birazcık tabii ki bu bir böyle sosyal bilimler ve felsefe kanalı olduğu için Güney Kore'deki konfüçyusçuluk geleneğinden, o konfüçyus geleneğinin, konfüçyusçuluk felsefesinin nasıl bu hiperkapitalistik",16.2,kötü emeller
MCjBZZKHMIg,000059,data/iborotti/clips/MCjBZZKHMIg/000059/mouth.mp4,kültüre entegre olmasından bahsedeceğim.,2.52,kötü emeller
MCjBZZKHMIg,000060,data/iborotti/clips/MCjBZZKHMIg/000060/mouth.mp4,Konfüçyusçuluk nasıl bu distopyayı besledi.,3.36,kötü emeller
MCjBZZKHMIg,000061,data/iborotti/clips/MCjBZZKHMIg/000061/mouth.mp4,"Kuzey Kore 'nin görünümle olan obsesyonu, görünüm takıntısı, hem makyaj, işte K -beauty diye bir şey var zaten hani çok büyük bir pazar, İşte Kore güzellik markaları, kremler, serumlar, zatlar, cilt bakımları falan.",14.0,kötü emeller
MCjBZZKHMIg,000062,data/iborotti/clips/MCjBZZKHMIg/000062/mouth.mp4,Hem de estetik cerrahi sektörü de çok gelişik Kuzey Kore'de ve dünyada en çok estetik cerrahi yapılan ülke şu anda.,7.54,kötü emeller
MCjBZZKHMIg,000063,data/iborotti/clips/MCjBZZKHMIg/000063/mouth.mp4,Estetik cerrahi videomda da bahsetmiştim.,2.32,kötü emeller
MCjBZZKHMIg,000064,data/iborotti/clips/MCjBZZKHMIg/000064/mouth.mp4,"Double eyelid surgery diye böyle çift surgery, çift göz kapağı ameliyatı oluyorlar.",6.14,kötü emeller
MCjBZZKHMIg,000065,data/iborotti/clips/MCjBZZKHMIg/000065/mouth.mp4,"Daha böyle gözlerini daha yuvarlak ve çıkıntılı göstermek için, çekikliği biraz azaltan ve gözleri biraz daha büyük gösteren bir ameliyat bu.",8.26,kötü emeller
MCjBZZKHMIg,000066,data/iborotti/clips/MCjBZZKHMIg/000066/mouth.mp4,Ve o kadar yaygın ki hani şu çok yaygın bir özellik büyük anneler ya da anne babalar çocuklarına liseden mezuniyet hediyesi olarak bu ameliyatı hediye ediyorlar.,11.48,kötü emeller
MCjBZZKHMIg,000067,data/iborotti/clips/MCjBZZKHMIg/000067/mouth.mp4,Ameliyatın benden şeklinde. Ve sadece kadınlarda değil erkeklerde de çok büyük bir güzellik baskısı var.,6.4,kötü emeller
MCjBZZKHMIg,000068,data/iborotti/clips/MCjBZZKHMIg/000068/mouth.mp4,Birçok Güney Koreli erkeğin makyaj malzemeleri var.,3.12,kötü emeller
MCjBZZKHMIg,000069,data/iborotti/clips/MCjBZZKHMIg/000069/mouth.mp4,Güzel görünme takıntısı sadece kadınlar üzerinde hani böyle patriarkayla açıklanamayacak kadar yaygın durumda.,7.7,kötü emeller
MCjBZZKHMIg,000070,data/iborotti/clips/MCjBZZKHMIg/000070/mouth.mp4,Yani erkeklerin üzerinde de bir baskı oluşturuyor.,2.8,kötü emeller
MCjBZZKHMIg,000071,data/iborotti/clips/MCjBZZKHMIg/000071/mouth.mp4,Bir böyle şeyden bahsedeceğim işte bu hani estetik cerrahi ve güzellik takıntısı K -Beauty biraz K -Pop ve bu distopyaya nasıl hizmet ediyor.,9.92,kötü emeller
MCjBZZKHMIg,000072,data/iborotti/clips/MCjBZZKHMIg/000072/mouth.mp4,Biraz hani siyasi ekonomik bir giriş yapacağım.,3.58,kötü emeller
MCjBZZKHMIg,000073,data/iborotti/clips/MCjBZZKHMIg/000073/mouth.mp4,Bir kitaptan bahsedeceğim Compressed Modernity diye sıkıştırılmış modernite kavramından çok kısaca bahsedeceğim.,5.7,kötü emeller
MCjBZZKHMIg,000074,data/iborotti/clips/MCjBZZKHMIg/000074/mouth.mp4,Size çok hoşuma giden bir kavram oldu. Ve biraz da Parazit filmi hani Güney Kore yapımı Oscar almış.,5.56,kötü emeller
MCjBZZKHMIg,000075,data/iborotti/clips/MCjBZZKHMIg/000075/mouth.mp4,En iyi yabancı film Oscar 'ı almış. Hatta en iyi film Oscar 'ı almış pardon Güney Kore'deki sınıf farklılıklarının yarattığı o distopik durumdan bahseden bir film.,10.66,kötü emeller
MCjBZZKHMIg,000076,data/iborotti/clips/MCjBZZKHMIg/000076/mouth.mp4,İzlemediyseniz tavsiye ederim biraz da ondan bahsedeceğim.,2.58,kötü emeller
MCjBZZKHMIg,000077,data/iborotti/clips/MCjBZZKHMIg/000077/mouth.mp4,Ve birçok açıdan hani bu konunun ilgimi çekmesinin sebeplerinden biri de Türkiye 'ye çok benzer maalesef ki çok çok benzerlikler gördüm.,8.12,kötü emeller
MCjBZZKHMIg,000078,data/iborotti/clips/MCjBZZKHMIg/000078/mouth.mp4,"İnsanların özentilikleri her Instagram'da gördüklerinin yapmaları bundan birkaç sene önce belki hatırlarsınız Güney Kore 'nin meşhur, oranın istiklal caddesi gibi diyebileceğimiz bir caddesinde bir izdiham oldu.",11.5,kötü emeller
MCjBZZKHMIg,000079,data/iborotti/clips/MCjBZZKHMIg/000079/mouth.mp4,Cadılar Bayramı 'nda herkes oraya doluşunca.,3.02,kötü emeller
MCjBZZKHMIg,000080,data/iborotti/clips/MCjBZZKHMIg/000080/mouth.mp4,İnsanlar birbirlerini ezdiler ve yüzden fazla insan öldü.,3.54,kötü emeller
MCjBZZKHMIg,000081,data/iborotti/clips/MCjBZZKHMIg/000081/mouth.mp4,"Bu özentilik, bu global bir şey yani.",3.1,kötü emeller
MCjBZZKHMIg,000082,data/iborotti/clips/MCjBZZKHMIg/000082/mouth.mp4,"Bu Instagram'da, ne bileyim Santorne'de de yürünemiyor şu anda da.",3.32,kötü emeller
MCjBZZKHMIg,000083,data/iborotti/clips/MCjBZZKHMIg/000083/mouth.mp4,"Ben bunu Türkiye'de de çok görüyorum. Acıklı bir şekilde böyle özentilik, herkes gibi gözükme kaygısı falan.",6.36,kötü emeller
MCjBZZKHMIg,000084,data/iborotti/clips/MCjBZZKHMIg/000084/mouth.mp4,"Böyle aileye dair fikirler, kapitalizmi, kucaklayış şekilleri falan.",5.32,kötü emeller
MCjBZZKHMIg,000085,data/iborotti/clips/MCjBZZKHMIg/000085/mouth.mp4,Bence Türkiye 'nin yani bu gidişte Güney Kore olacak zaten Türkiye 'nin İran mı olacağız bilmem ne olacağız derken galiba Güney Kore olacağız.,9.38,kötü emeller
MCjBZZKHMIg,000086,data/iborotti/clips/MCjBZZKHMIg/000086/mouth.mp4,Çok da benzerlikleri var benzerlikler hani bunlar benim tespitlerim katılırsınız katılmazsınız bir dizi sektörüne yön vermemiş Kuzey Kore ile beraber soft power'dur.,12.06,kötü emeller
MCjBZZKHMIg,000087,data/iborotti/clips/MCjBZZKHMIg/000087/mouth.mp4,İkincisi dış görünüşle çok obses takıntılı bir kültürü olması Türkiye 'nin de bence özellikle ben kadınlarda bunu görüyorum.,7.04,kötü emeller
MCjBZZKHMIg,000088,data/iborotti/clips/MCjBZZKHMIg/000088/mouth.mp4,Hani ojelerin ufacık bir çıkık olması yok kolunda kıl olması bilmem ne herkes böyle çok polişt çok cilalı bir görünüme sahip mesela.,9.74,kötü emeller
MCjBZZKHMIg,000089,data/iborotti/clips/MCjBZZKHMIg/000089/mouth.mp4,Hani Avrupa'da hani Amerika'da bile bu kadar bence yok yani Türkiye'de çok kadınlar özellikle çok bakımlılar.,7.34,kötü emeller
MCjBZZKHMIg,000090,data/iborotti/clips/MCjBZZKHMIg/000090/mouth.mp4,Erkekler de bakımlılaşmaya başladılar bu arada.,2.62,kötü emeller
MCjBZZKHMIg,000091,data/iborotti/clips/MCjBZZKHMIg/000091/mouth.mp4,Erkekler de şey değil bundan tamamen azade de değil.,2.98,kötü emeller
MCjBZZKHMIg,000092,data/iborotti/clips/MCjBZZKHMIg/000092/mouth.mp4,Böyle sürekli böyle bir mükemmel gözükme takıntısı.,3.54,kötü emeller
MCjBZZKHMIg,000093,data/iborotti/clips/MCjBZZKHMIg/000093/mouth.mp4,Hatta benim bir arkadaşım işte lazer apelasyona gidiyor onu anlatıyordu.,3.34,kötü emeller
MCjBZZKHMIg,000094,data/iborotti/clips/MCjBZZKHMIg/000094/mouth.mp4,Şeyden şikayet ediyor işte kolunun şurasında gözükmeyen bir adet beyaz kıl varmış hani şey çok sarıya yakın beyaz ve epilasyon onu bir türlü alamıyormuş.,12.16,kötü emeller
MCjBZZKHMIg,000095,data/iborotti/clips/MCjBZZKHMIg/000095/mouth.mp4,Hani ne olacak yani hani sen şey misin Barbie oyuncak mısın yani sen yaşayan bir organizmasın yani böyle hani sanki canlı bir insan değilmişiz gibi bir makineymişiz ya da hatta bazen bir hani seks olmuşuz seks oyuncağıymışız gibi,15.82,kötü emeller
MCjBZZKHMIg,000096,data/iborotti/clips/MCjBZZKHMIg/000096/mouth.mp4,bir görüntüye sahip olmamıza gerek yok yani hani oramızdan da kıl çıkabilir buramızdan da bir şey çıkabilir yani bunlar insana dair şeyler yani böyle bir insan olduğunu neredeyse reddediş gibi bir şey.,12.88,kötü emeller
MCjBZZKHMIg,000097,data/iborotti/clips/MCjBZZKHMIg/000097/mouth.mp4,görüntü sergilemeye çalışmak falan.,3.04,kötü emeller
MCjBZZKHMIg,000098,data/iborotti/clips/MCjBZZKHMIg/000098/mouth.mp4,Bana bunlar birazcık açıkçası patolojik geliyor. Arkadaşıma da söyledim.,2.84,kötü emeller
MCjBZZKHMIg,000099,data/iborotti/clips/MCjBZZKHMIg/000099/mouth.mp4,"Bu Kore'de var ve Türkiye'de var bence. Çok uzun çalışma saatleri ve toplumun, yani sosyal devletin toplumun aile değerlerine verdiği önem üzerinden bir beleşçilik yapması.",13.62,kötü emeller
MCjBZZKHMIg,000100,data/iborotti/clips/MCjBZZKHMIg/000100/mouth.mp4,"Yani Güney Kore'de de, Türkiye'de de sosyal devlet harcamaları çok düşükler geliri oranla OECD ülkelerine kıyasladığımız zaman Ve bu da aslında biraz daha detayla bahsedeceğim ama nasıl aslında aileye verilen değer,",15.76,kötü emeller
MCjBZZKHMIg,000101,data/iborotti/clips/MCjBZZKHMIg/000101/mouth.mp4,"büyüklere verilen değer, hani büyüklere bakmakla yükümlüyüz falan filan gibi değerlerin üzerine bunu suistimal eden bir sosyal devlet anlayışı var aslında.",10.4,kötü emeller
MCjBZZKHMIg,000102,data/iborotti/clips/MCjBZZKHMIg/000102/mouth.mp4,Bunun detaylarını gireceğim. Ve hani bu moderniteyi çok hızlı bir şekilde yaşaması.,5.56,kötü emeller
MCjBZZKHMIg,000103,data/iborotti/clips/MCjBZZKHMIg/000103/mouth.mp4,"Hani sosyoekonomik ve yapısal bazı durumlar nasıl bu Güney Kore 'nin hani hayattan, Güney Korelilerin tamamen hayattan kopmasına, ne işte çocuk yapmak istemesine, ne evlenmek istemesine, ne işte hayatını bazen devam ettirmek istememesine",16.04,kötü emeller
MCjBZZKHMIg,000104,data/iborotti/clips/MCjBZZKHMIg/000104/mouth.mp4,"sebep olan psikolojik, distopik durumu açıklamaya çalışacağım.",4.22,kötü emeller
MCjBZZKHMIg,000105,data/iborotti/clips/MCjBZZKHMIg/000105/mouth.mp4,Hazırsanız başlayalım. Bir kere bir tane asıl benim ana kaynağım bu videoya hazırlanırken Güney Koreli bir sosyoloğun bir kitabı oldu.,9.24,kötü emeller
MCjBZZKHMIg,000106,data/iborotti/clips/MCjBZZKHMIg/000106/mouth.mp4,"Chang Kung Sup 'un, bu arada bazı şeyleri Korece düzgün söyleyemeyebilirim bilmiyorum hani tahmin ettiğim şekilde telaffuz ediyorum.",7.36,kötü emeller
MCjBZZKHMIg,000107,data/iborotti/clips/MCjBZZKHMIg/000107/mouth.mp4,Korece biliyorsanız kulaktırmalarsam şimdiden bakmayın.,3.38,kötü emeller
MCjBZZKHMIg,000108,data/iborotti/clips/MCjBZZKHMIg/000108/mouth.mp4,Sıkıştırılmış modernite kavramı ben bunu çok çok önemli buldum.,3.8,kötü emeller
MCjBZZKHMIg,000109,data/iborotti/clips/MCjBZZKHMIg/000109/mouth.mp4,"Çünkü diyor ki adam, sosyolog yani, Avrupa 'nın 200 yılda 300 yılda yaşadığı ekonomik, sosyal modernite geçişini bir insan hayatına sığdırdı Güney Kore.",13.56,kötü emeller
MCjBZZKHMIg,000110,data/iborotti/clips/MCjBZZKHMIg/000110/mouth.mp4,Biraz böyle trajik bir geçmişi var.,2.24,kötü emeller
MCjBZZKHMIg,000113,data/iborotti/clips/MCjBZZKHMIg/000113/mouth.mp4,Yani sömürgesi haline geliyor. İkinci Dünya Savaşı 'na kadar ve işte,3.56,kötü emeller
MCjBZZKHMIg,000115,data/iborotti/clips/MCjBZZKHMIg/000115/mouth.mp4,Bir enlemden ikiye bölünüyor Kore.,2.86,kötü emeller
MCjBZZKHMIg,000116,data/iborotti/clips/MCjBZZKHMIg/000116/mouth.mp4,Ve Kuzey 'i Sovyetler alıyor.,2.36,kötü emeller
MCjBZZKHMIg,000117,data/iborotti/clips/MCjBZZKHMIg/000117/mouth.mp4,"Ve işte sosyalist, komünist bir rejim oraya getiriyor.",3.9,kötü emeller
MCjBZZKHMIg,000118,data/iborotti/clips/MCjBZZKHMIg/000118/mouth.mp4,Güney de Amerika himayesinde ve bu da aslında Güney Korelilerin bence psikolojik olarak bitikliğine bir katkı veren bir faktör oluyor.,8.52,kötü emeller
MCjBZZKHMIg,000119,data/iborotti/clips/MCjBZZKHMIg/000119/mouth.mp4,"Çünkü hani böyle hegelci bir yerden, hegelde böyle efendi -köle diyalektiği vardır.",4.34,kötü emeller
MCjBZZKHMIg,000120,data/iborotti/clips/MCjBZZKHMIg/000120/mouth.mp4,"Hep bir yandan efendi -köleyi, köle efendiye muhtaçtır.",5.2,kötü emeller
MCjBZZKHMIg,000121,data/iborotti/clips/MCjBZZKHMIg/000121/mouth.mp4,"Hayatta kalmak için, bir şekilde barınabilmek için, var olabilmek için bir efendiye muhtaçtır.",5.74,kötü emeller
MCjBZZKHMIg,000122,data/iborotti/clips/MCjBZZKHMIg/000122/mouth.mp4,Kendi içinde bulunduğu pozisyon nedeniyle.,3.42,kötü emeller
MCjBZZKHMIg,000123,data/iborotti/clips/MCjBZZKHMIg/000123/mouth.mp4,Efendi de köleye muhtaçtır. Bir efendi olabilmek için bir kölesi olması lazım.,5.22,kötü emeller
MCjBZZKHMIg,000124,data/iborotti/clips/MCjBZZKHMIg/000124/mouth.mp4,"Onun o şey işte buyurgan, buyurgan istediğini yaptıran bir karakterde olabilmesi için bir köle pozisyonunu dolduran birine ihtiyaç var.",11.44,kötü emeller
MCjBZZKHMIg,000125,data/iborotti/clips/MCjBZZKHMIg/000125/mouth.mp4,"Ve bu ikisi de birbirini bağımlı kılan, birbirine bağımlı kılan ve birbirleri üzerinden tanımlanan bir diyalektik yaratıyor.",7.26,kötü emeller
MCjBZZKHMIg,000126,data/iborotti/clips/MCjBZZKHMIg/000126/mouth.mp4,Hegel'de vardır bu. Bence Güney Kore ile Kuzey Kore arasında da böyle bir şey var.,4.58,kötü emeller
MCjBZZKHMIg,000127,data/iborotti/clips/MCjBZZKHMIg/000127/mouth.mp4,Yani sürekli birbirinin zıttı olarak hani ben daha komünist olacağım işte onlar ne kadar kapitalist.,7.62,kötü emeller
MCjBZZKHMIg,000128,data/iborotti/clips/MCjBZZKHMIg/000128/mouth.mp4,Hayır ben daha kapitalist olacağım bak onlar ne kadar komünistler ve ne kadar yanlış yapıyorları göstermek için.,6.36,kötü emeller
MCjBZZKHMIg,000129,data/iborotti/clips/MCjBZZKHMIg/000129/mouth.mp4,Yani o savaş hem yani gerçek anlamda bir savaştılar şu anda hem de psikolojik bir savaş.,6.98,kötü emeller
MCjBZZKHMIg,000130,data/iborotti/clips/MCjBZZKHMIg/000130/mouth.mp4,Yani orada hangimizin rejimi daha doğru olacak diye de daha bizi ihya edecek.,4.88,kötü emeller
MCjBZZKHMIg,000131,data/iborotti/clips/MCjBZZKHMIg/000131/mouth.mp4,Özellikle Güney Kore 'ye ve Güney Korelilerin psikolojisine çok çok kötü geliyor.,3.92,kötü emeller
MCjBZZKHMIg,000132,data/iborotti/clips/MCjBZZKHMIg/000132/mouth.mp4,Çünkü sınırsız bir kapitalizm var yani Güney Kore'de.,4.06,kötü emeller
MCjBZZKHMIg,000133,data/iborotti/clips/MCjBZZKHMIg/000133/mouth.mp4,Gerçekten distopik bir seviyede bir tüketim ve üretim ve çalışma manyaklığı ve hayatını da bunun üzerinden anlamlandırma ve kendi değerini de toplumsal değerini de topluma yaptığın katkı üzerinden birebir tanımlama ve Kuzey Kore 'nin hiç böyle,15.76,kötü emeller
MCjBZZKHMIg,000134,data/iborotti/clips/MCjBZZKHMIg/000134/mouth.mp4,olmaması. Çok böyle şey bence iki taraflı bir mahkumiyet rejimi ortaya çıkarıyor aslında psikolojik anlamda.,7.14,kötü emeller
MCjBZZKHMIg,000135,data/iborotti/clips/MCjBZZKHMIg/000135/mouth.mp4,Bu da böyle çok Byung Chul Han tarzı tespitim.,3.58,kötü emeller
MCjBZZKHMIg,000136,data/iborotti/clips/MCjBZZKHMIg/000136/mouth.mp4,"Tamam mı? Benim tespitim bu arada. Ve diyor ki bu Chang Kung Sup, işte bu bahsettiğim sıkıştırılmış modernite şeyi.",6.56,kötü emeller
MCjBZZKHMIg,000137,data/iborotti/clips/MCjBZZKHMIg/000137/mouth.mp4,"Yani bir normal 200 yılda, 300 yılda yaşanan modernleşmeyi, Avrupa 'nın 200 -300 yılda yaşadığı modernleşmeyi 50 yıla sıkıştırdılar.",7.78,kötü emeller
MCjBZZKHMIg,000138,data/iborotti/clips/MCjBZZKHMIg/000138/mouth.mp4,Yani 1950'den beri bugünlere yani 75 yıllık bir millet ve ülke.,5.74,kötü emeller
MCjBZZKHMIg,000139,data/iborotti/clips/MCjBZZKHMIg/000139/mouth.mp4,Burada bir insan hayatıdır yani 75 yıl.,3.22,kötü emeller
MCjBZZKHMIg,000140,data/iborotti/clips/MCjBZZKHMIg/000140/mouth.mp4,"Ve burada inanılmaz hızlı, ivmeli bir şekilde modernleşmeye çalıştılar.",5.3,kötü emeller
MCjBZZKHMIg,000141,data/iborotti/clips/MCjBZZKHMIg/000141/mouth.mp4,"Ve şu anda hani bunu işte GDP olarak, gayri safi yıllık hasıl olarak bunu bir işte Güney Kore mucizesi olarak anlatıyorlar.",9.68,kötü emeller
MCjBZZKHMIg,000142,data/iborotti/clips/MCjBZZKHMIg/000142/mouth.mp4,Ve bu kısmı doğru evet ama bunun yanında yani bunun ürettiği kriz de bundan bağımsız değil.,6.96,kötü emeller
MCjBZZKHMIg,000143,data/iborotti/clips/MCjBZZKHMIg/000143/mouth.mp4,Yani tam olarak bugün Güney Kore mucizesi sayesinde bu kadar verimliliğe ve bu kadar ekonomik kalkınma olduğu için zaten insanlar şu anda bu durumda ve bunu 40 -50 yılda yaşamış olmak zorunda oldukları için bu durumdalar.,14.5,kötü emeller
MCjBZZKHMIg,000144,data/iborotti/clips/MCjBZZKHMIg/000144/mouth.mp4,Bu ikisi yani aynı madalyonun iki farklı yüzü.,2.96,kötü emeller
MCjBZZKHMIg,000145,data/iborotti/clips/MCjBZZKHMIg/000145/mouth.mp4,Birbirlerinden bağımsız şeyler değil. Böyle bir argümanı var.,3.14,kötü emeller
MCjBZZKHMIg,000146,data/iborotti/clips/MCjBZZKHMIg/000146/mouth.mp4,"Ve dediğim gibi Güney Kore 'nin bu toplumsal refah yerine ve refah harcamaları yerine ekonomik büyümeyi tercih etmesi, OECD ülkelerin çok altında sosyal devlet harcamaları dediğim gibi, nin şu an bir ceremesini çekiyor aslında.",15.8,kötü emeller
MCjBZZKHMIg,000147,data/iborotti/clips/MCjBZZKHMIg/000147/mouth.mp4,"Yani onun yaptığı için hiçbir şey böyle nasıl, hiçbir şey yan etkisiz olmuyor.",5.74,kötü emeller
MCjBZZKHMIg,000148,data/iborotti/clips/MCjBZZKHMIg/000148/mouth.mp4,Bu da onun yan etkisi yani şu anda o seçimlerinin sonuçlarını yaşıyorlar ve bakalım bu krizden çıkabilecekler mi?,7.74,kötü emeller
MCjBZZKHMIg,000149,data/iborotti/clips/MCjBZZKHMIg/000149/mouth.mp4,Hani aslında ekonomik büyümenin çok yani ne kadar da korkunç ve ne kadar da bir ülkenin sonunu getirebilecek bir şey olduğuna dair de bir örnek olabilir Güney Kore.,11.22,kötü emeller
MCjBZZKHMIg,000150,data/iborotti/clips/MCjBZZKHMIg/000150/mouth.mp4,Yani bundan 15 -20 belki 30 yıl sonra böyle gösterilecek olabilir bakın işte.,4.98,kötü emeller
MCjBZZKHMIg,000151,data/iborotti/clips/MCjBZZKHMIg/000151/mouth.mp4,Bu hızda büyürseniz başınıza bunlar gelir gibi ya da sadece ekonomik büyümeyi öncelerseniz böyle olursunuz.,7.84,kötü emeller
MCjBZZKHMIg,000152,data/iborotti/clips/MCjBZZKHMIg/000152/mouth.mp4,"ve bir toplumsal yıkılışa, yok oluşa gidersinizin bir örneği olarak belki anlatılacak bundan 20 -30 yıl sonra.",6.86,kötü emeller
MCjBZZKHMIg,000153,data/iborotti/clips/MCjBZZKHMIg/000153/mouth.mp4,"Onlar böyle tahmin etmiyordu ama şu anda trend bu yönde, yok oluşa giden bir toplum görüyoruz biz.",6.28,kötü emeller
MCjBZZKHMIg,000154,data/iborotti/clips/MCjBZZKHMIg/000154/mouth.mp4,Ve hani bu da yine Türkiye örneğiyle de çok benzeşiyor.,3.34,kötü emeller
MCjBZZKHMIg,000155,data/iborotti/clips/MCjBZZKHMIg/000155/mouth.mp4,"Çünkü Türkiye'de de sürekli böyle büyümeyi çok önceleyen ve diğer her şeyi ikinci plana iten bir politikalar silsilesi gördük biz 10 yıllarca, özellikle 2010 'lardan sonra.",10.34,kötü emeller
MCjBZZKHMIg,000156,data/iborotti/clips/MCjBZZKHMIg/000156/mouth.mp4,O yüzden de ben burada da yine bir paralellik kurabiliriz Türkiye ile.,3.98,kötü emeller
MCjBZZKHMIg,000157,data/iborotti/clips/MCjBZZKHMIg/000157/mouth.mp4,Bu hani aslında ekonomik büyüme fetişizminin nelere mal olabileceğinin bir korku hikayesine dönüşebilir Güney Kore 'nin kaderi.,8.28,kötü emeller
MCjBZZKHMIg,000158,data/iborotti/clips/MCjBZZKHMIg/000158/mouth.mp4,Ve hani doğum oranları bu arada hani çok düşük derken neden bahsediyorum onu da bir rakamlara vurayım isterseniz.,5.32,kötü emeller
MCjBZZKHMIg,000159,data/iborotti/clips/MCjBZZKHMIg/000159/mouth.mp4,1960 'larda kadın başına 6. 33 çocuktan şu anda 2020 itibariyle 0. 8.,8.92,kötü emeller
MCjBZZKHMIg,000160,data/iborotti/clips/MCjBZZKHMIg/000160/mouth.mp4,Yani 6 çocuktan 1 çocuk bile yapmayan kadınlara dönüyor.,4.62,kötü emeller
MCjBZZKHMIg,000161,data/iborotti/clips/MCjBZZKHMIg/000161/mouth.mp4,Bunun önemli bir sebebi de ben yine bununla da Türkiye ile de paralellik görüyorum.,4.1,kötü emeller
MCjBZZKHMIg,000162,data/iborotti/clips/MCjBZZKHMIg/000162/mouth.mp4,"Şimdi konfüçyüsçülükten gelen, konfüçyüsçülüğü bu arada hani hızlıca anlatayım ne olduğunu.",6.26,kötü emeller
MCjBZZKHMIg,000163,data/iborotti/clips/MCjBZZKHMIg/000163/mouth.mp4,"Konfüçyüsçülüğün bütün olayı dünya kaosun ibarettir ve dolayısıyla biz bu kaosa düzen getirmeliyiz, dillik getirmeliyiz, tahmin edilebilirlik getirmeliyiz.",10.12,kötü emeller
MCjBZZKHMIg,000164,data/iborotti/clips/MCjBZZKHMIg/000164/mouth.mp4,İnsanlara bu iyi gelecek. Dolayısıyla hayat çok tahmin edilebilir olmalı.,4.26,kötü emeller
MCjBZZKHMIg,000165,data/iborotti/clips/MCjBZZKHMIg/000165/mouth.mp4,İşte bu çay seromonileri falan filan hani insanlara sıkıcı gelir ya hep aynı şeyler olur.,4.34,kötü emeller
MCjBZZKHMIg,000166,data/iborotti/clips/MCjBZZKHMIg/000166/mouth.mp4,Ama aslında bir yandan da rutin ve tahmin edilebilir bir şey olması insana iyi gelir.,5.56,kötü emeller
MCjBZZKHMIg,000167,data/iborotti/clips/MCjBZZKHMIg/000167/mouth.mp4,"Ben hatta geçenlerde bir arkadaşımla konuşuyordum böyle çok yoğun çalıştığından, çok kafasın dolu olduğundan falan filan böyle dem vuruyordu.",6.88,kötü emeller
MCjBZZKHMIg,000168,data/iborotti/clips/MCjBZZKHMIg/000168/mouth.mp4,Böyle çok yorulmuş böyle psikolojik olarak böyle burn -out 'a gidiyormuş falan.,3.78,kötü emeller
MCjBZZKHMIg,000169,data/iborotti/clips/MCjBZZKHMIg/000169/mouth.mp4,Ve işte çok Lego yapıyor falan. Ve şey dedi yani Lego yapmak bana çok iyi geliyor çünkü ne olacağını biliyorum sonunda.,7.1,kötü emeller
MCjBZZKHMIg,000170,data/iborotti/clips/MCjBZZKHMIg/000170/mouth.mp4,Hani böyle tahmin edilen ne çıkacağını biliyorum ve onu yapmak o tahmin edilebilirlik bana iyi geliyor yani.,6.1,kötü emeller
MCjBZZKHMIg,000171,data/iborotti/clips/MCjBZZKHMIg/000171/mouth.mp4,Çünkü hayat çok kaotik olduğunda gerçekten tahmin edilebilir şeyler insanlara iyi geliyor.,5.3,kötü emeller
MCjBZZKHMIg,000172,data/iborotti/clips/MCjBZZKHMIg/000172/mouth.mp4,Bunu böyle çok fazla aynı dizini izleyen insanlar da görürsen ne olacağını bilirsin yine izlersin.,5.46,kötü emeller
MCjBZZKHMIg,000173,data/iborotti/clips/MCjBZZKHMIg/000173/mouth.mp4,"İşte yine aşkı memnun izler, yine Fransızlar, yine Avrupa Ekası izler.",4.08,kötü emeller
MCjBZZKHMIg,000174,data/iborotti/clips/MCjBZZKHMIg/000174/mouth.mp4,Çünkü ne olacağını bilmek o kaotik dünyada baş edilemez gibi hissettiren dünyada insana bir psikolojik rahatlama sağlıyor.,6.92,kötü emeller
MCjBZZKHMIg,000175,data/iborotti/clips/MCjBZZKHMIg/000175/mouth.mp4,"Bu konfüçyüsçülükta da var yani konfüçyüsçülükta da böyle geleneklerin çok önemli görülmesi, ritüellerin çok önemli görülmesi de li deniyor buna işte böyle bazı temel kavramları var konfüçyüsçülüğün ya da inançları var onlardan biraz bahsedeyim bu li yani",15.64,kötü emeller
MCjBZZKHMIg,000176,data/iborotti/clips/MCjBZZKHMIg/000176/mouth.mp4,ritüelleri önem vermişti sabah işte bilmem ne yapılır önce baba oturur sofraya da en büyük yemeğe başlar falan gibi böyle toplumsal hayatın çok yapılandırılmış olması çok önemli konfüçyüsçülükta bu da tabii ki doğal olarak hiyerarşileri oluşturuyor.,14.2,kötü emeller
MCjBZZKHMIg,000177,data/iborotti/clips/MCjBZZKHMIg/000177/mouth.mp4,Zaten hiyerarşi de çok temel bir yerde.,2.56,kötü emeller
MCjBZZKHMIg,000178,data/iborotti/clips/MCjBZZKHMIg/000178/mouth.mp4,Herkes kendi pozisyonuna göre davranacak ve bütün sosyal etkileşimler tahmin edilebilir olacak.,5.84,kötü emeller
MCjBZZKHMIg,000179,data/iborotti/clips/MCjBZZKHMIg/000179/mouth.mp4,Orada böyle bir müsamele gibi bir şey oynuyorsun aslında ve dilin de tamamen değişiyor.,4.72,kötü emeller
MCjBZZKHMIg,000180,data/iborotti/clips/MCjBZZKHMIg/000180/mouth.mp4,"Siz diyorsun, sen diyorsun. Yine Türkçe 'ye benzer bir şey yani.",3.26,kötü emeller
MCjBZZKHMIg,000181,data/iborotti/clips/MCjBZZKHMIg/000181/mouth.mp4,Türkçe'de mesela sizden ayrımı vardır. İşte Avrupa'daki neredeyse benim bildiğimler hiçbir dilde yok.,4.9,kötü emeller
MCjBZZKHMIg,000182,data/iborotti/clips/MCjBZZKHMIg/000182/mouth.mp4,Şey Almanca'da var. İngilizce'de de yok en azından mesela.,3.06,kötü emeller
MCjBZZKHMIg,000183,data/iborotti/clips/MCjBZZKHMIg/000183/mouth.mp4,"Bu beş temel ilişkide de yönetici halk, baba oğul, karı koca, abi kardeş ve arkadaş arkadaş diye her birinde çok stratejik olarak nerede durduğunu bileceksin, nasıl davranman gerektiğin yapılandırılmış, hani gidip abine ne ver lan abi diye kol",16.04,kötü emeller
MCjBZZKHMIg,000184,data/iborotti/clips/MCjBZZKHMIg/000184/mouth.mp4,"atmak yok, herkes sınırını haddini bilecek falan gibi böyle sosyal hayatın acayip yapılandırılmış olduğu çok muhafazakar bir öğreti.",9.22,kötü emeller
MCjBZZKHMIg,000185,data/iborotti/clips/MCjBZZKHMIg/000185/mouth.mp4,Hiç benlik değil. Ben çok kaotik ve böyle bir sonraki cümlesi ne olduğu belli olmayan bir insan olduğum için yani anti -konfücüsçülük ne o ne kim dersen ben olurdum bu arada.,12.98,kötü emeller
MCjBZZKHMIg,000186,data/iborotti/clips/MCjBZZKHMIg/000186/mouth.mp4,Yani bu kadar bana benzemeyen bir şey görüyorum.,3.28,kötü emeller
MCjBZZKHMIg,000187,data/iborotti/clips/MCjBZZKHMIg/000187/mouth.mp4,En böyle bana uygun olmayan felsefelerden bir tanesi.,3.56,kötü emeller
MCjBZZKHMIg,000188,data/iborotti/clips/MCjBZZKHMIg/000188/mouth.mp4,Doğu felsefelerini çok seviyorum ama konfücüsçülükte kendimden hiçbir şey bulamıyorum.,3.78,kötü emeller
MCjBZZKHMIg,000189,data/iborotti/clips/MCjBZZKHMIg/000189/mouth.mp4,Hiçbir şey bulamıyorum değil mi de hani çok az şey bulabiliyorum diye.,3.6,kötü emeller
MCjBZZKHMIg,000190,data/iborotti/clips/MCjBZZKHMIg/000190/mouth.mp4,"Hükümdarın çok güçlü olması ve ona koşulsuz şartsız biat edilmesi, onun böyle bir tür göklerin iradesini temsil etmesi gibi şeyler var.",9.88,kötü emeller
MCjBZZKHMIg,000191,data/iborotti/clips/MCjBZZKHMIg/000191/mouth.mp4,Ve Shao diye bir öğretisi var konfüçüslülüğün.,3.64,kötü emeller
MCjBZZKHMIg,000192,data/iborotti/clips/MCjBZZKHMIg/000192/mouth.mp4,"Bu da yine hani Çin'de, Japonya'da sadece şey, konfüçüslülük sadece Kore'de olan bir öğreti din değil.",6.44,kötü emeller
MCjBZZKHMIg,000193,data/iborotti/clips/MCjBZZKHMIg/000193/mouth.mp4,Çin'de ve Japonya'da da çok hala izleri görülüyor ama hani Çin'de mesela şöyle bir fark var.,5.08,kötü emeller
MCjBZZKHMIg,000194,data/iborotti/clips/MCjBZZKHMIg/000194/mouth.mp4,Onlar bir kültürel devrim yaptılar. İşte o sosyalist devrim sonucunda bütün o eski gelenekleri yıktılar.,5.98,kötü emeller
MCjBZZKHMIg,000195,data/iborotti/clips/MCjBZZKHMIg/000195/mouth.mp4,"Daha eşitlikçi, daha az patriyarkal bir düzene gitti daha iş bölümü olan.",3.76,kötü emeller
MCjBZZKHMIg,000196,data/iborotti/clips/MCjBZZKHMIg/000196/mouth.mp4,"Güney Kore'de öyle bir devrim de olmadı. O yüzden hala bu konfücüsçülüğün, o geriden gelen o geleneklerin ağırlığını yaşıyorlar.",8.5,kötü emeller
MCjBZZKHMIg,000197,data/iborotti/clips/MCjBZZKHMIg/000197/mouth.mp4,Ama bir yandan da çok hiperkapitalist bir kültür.,3.08,kötü emeller
MCjBZZKHMIg,000198,data/iborotti/clips/MCjBZZKHMIg/000198/mouth.mp4,Yani şimdi hiperkapitalist kültürlerde hiç olmazsa birey olarak kendini ifade edebildiğin outletler var.,6.18,kötü emeller
MCjBZZKHMIg,000199,data/iborotti/clips/MCjBZZKHMIg/000199/mouth.mp4,"Yani en azından evet çok kapitalist ve çok bireycisin ama hiç olmazsa kendini ifade edebiliyorsun, kendinle uğraşmak bir meşguliyet sağlıyor falan filan.",10.6,kötü emeller
MCjBZZKHMIg,000200,data/iborotti/clips/MCjBZZKHMIg/000200/mouth.mp4,Hani öyle bir enerji sübabı var yani oraya akıtabiliyorsun ya o baskıyı.,5.24,kötü emeller
MCjBZZKHMIg,000201,data/iborotti/clips/MCjBZZKHMIg/000201/mouth.mp4,Hem konfüçyüsçülük hem böyle hiperkapitalist bir kültür olduğu zaman yani iki tarafında en kötü özellikleri çarpışıyor ve ortaya böyle distopik bir durum çıkıyor gibi bir şey olmuş yani Güney Kore şeyinde.,11.74,kötü emeller
MCjBZZKHMIg,000202,data/iborotti/clips/MCjBZZKHMIg/000202/mouth.mp4,Ve evlatlık görevi işte bu Shao çok önemli yani senin bedenin ailenin bir devamı ve ailenin sana hediyesi.,7.98,kötü emeller
MCjBZZKHMIg,000203,data/iborotti/clips/MCjBZZKHMIg/000203/mouth.mp4,Onlar dünyaya getirerek bir kıyak yaptılar gibi bir anlatı ve inanç var.,5.4,kötü emeller
MCjBZZKHMIg,000204,data/iborotti/clips/MCjBZZKHMIg/000204/mouth.mp4,Ve bunu da bu borcu ömür boyu ödemen lazım senin yani aman hani 18 yaşına geldim ailemde hadi eyvallah sizi tanımak güzeldi falan gibi bir şey yok kesinlikle.,10.72,kötü emeller
MCjBZZKHMIg,000205,data/iborotti/clips/MCjBZZKHMIg/000205/mouth.mp4,Bunun tam tersi var. Dolayısıyla da bu şeyde sosyal güvenlik harcamaları Güney Kore'de çok düşük olduğu için bu neden yani çünkü bireye güvenebiliyorlar.,10.58,kötü emeller
MCjBZZKHMIg,000206,data/iborotti/clips/MCjBZZKHMIg/000206/mouth.mp4,"O zaten ailesine bakacak, zaten yaşlı annesine bakacak, yaşlı babasına.",4.42,kötü emeller
MCjBZZKHMIg,000207,data/iborotti/clips/MCjBZZKHMIg/000207/mouth.mp4,Benim orada işte kuzurevi açmama gerek yok.,2.78,kötü emeller
MCjBZZKHMIg,000208,data/iborotti/clips/MCjBZZKHMIg/000208/mouth.mp4,Ya da ne bileyim işsizlik maaşını o kadar vermeme gerek yok.,2.78,kötü emeller
MCjBZZKHMIg,000209,data/iborotti/clips/MCjBZZKHMIg/000209/mouth.mp4,"Ya da kreş açmama gerek yok. Nasılsa işte babaanne, anneanne bakar bebeğe.",4.42,kötü emeller
MCjBZZKHMIg,000210,data/iborotti/clips/MCjBZZKHMIg/000210/mouth.mp4,Ben bu bakış açısını Türkiye'de de çok görüyorum.,2.6,kötü emeller
MCjBZZKHMIg,000211,data/iborotti/clips/MCjBZZKHMIg/000211/mouth.mp4,"Yani Türkiye'de de çok böyle aileci, kolektivist bir yapı var.",3.68,kötü emeller
MCjBZZKHMIg,000212,data/iborotti/clips/MCjBZZKHMIg/000212/mouth.mp4,İnsanlar birbirlerini tutuyorlar çoğunlukla büyük şehirlerde bu değişiyor mesela işte ne bileyim bazı anneanneler babaanneler hala çalışıyor oluyor onlar bakamıyorlar falan filan ama hani daha böyle geleneksel yapılara baktığımız zaman Türk hali yapısında bunu görüyoruz yani çocuk hani,16.12,kötü emeller
MCjBZZKHMIg,000213,data/iborotti/clips/MCjBZZKHMIg/000213/mouth.mp4,tamam sen yap kızım ben bakarım falan gibi bir şey vardır her zaman yani hani yavaş yavaş bitti bu ya da bu yavaş yavaş belki sorgulanıyor daha kozmopolet İstanbul Ankara İzmir gibi şehirlerde.,11.36,kötü emeller
MCjBZZKHMIg,000214,data/iborotti/clips/MCjBZZKHMIg/000214/mouth.mp4,Ve bu da böyle bir sandviç jenerasyonu gibi bir şey yaratıyor.,4.12,kötü emeller
MCjBZZKHMIg,000215,data/iborotti/clips/MCjBZZKHMIg/000215/mouth.mp4,"Bir yandan işte kadınlar hem işte daha geç evleniyorlar, eğitim geç bitiyor, iş hayatı, kariyerlerini bir yere getirmek istiyorlar çoğunlukla.",9.12,kötü emeller
MCjBZZKHMIg,000216,data/iborotti/clips/MCjBZZKHMIg/000216/mouth.mp4,Otuzdan sonra evleniyorlar ve çocuk yapıyorlar.,2.96,kötü emeller
MCjBZZKHMIg,000217,data/iborotti/clips/MCjBZZKHMIg/000217/mouth.mp4,Ve çocuk yaptıkları yaşlarda da anne babaları da bakıma muhtaç bir yaşta olabilir.,4.56,kötü emeller
MCjBZZKHMIg,000218,data/iborotti/clips/MCjBZZKHMIg/000218/mouth.mp4,Hem kendi çocuğuna bakım veren ve anne babasından destek alamayan hem de anne babasına da bakması gerekebilen işte onların hastalıklarıyla uğraşması gerekebilen bir pozisyonda arada böyle sandviç gibi kalıyorlar.,12.06,kötü emeller
MCjBZZKHMIg,000219,data/iborotti/clips/MCjBZZKHMIg/000219/mouth.mp4,Bunların hiçbirinde tabii ki nasılsa bunlar birbirlerine bakarlar işte benim kreş açmama gerek yok benim huzur evi açmama gerek yok zaten aileler birbirini tutuyor diye buna dayandığı zaman hükümetler ki Güney Kore'de böyle olmuş ve bence Türkiye'de de böyle oluyor.,14.4,kötü emeller
MCjBZZKHMIg,000220,data/iborotti/clips/MCjBZZKHMIg/000220/mouth.mp4,Türkiye'de de bu arada doğum oranları çok düşük.,2.92,kötü emeller
MCjBZZKHMIg,000221,data/iborotti/clips/MCjBZZKHMIg/000221/mouth.mp4,OECD ülkelerine göre hani şu an globally yani bütün küresel anlamda doğum oranları düşüyor ama Türkiye'de ekstra ekstra düşüyor.,7.28,kötü emeller
MCjBZZKHMIg,000222,data/iborotti/clips/MCjBZZKHMIg/000222/mouth.mp4,"Ya o ekonomik büyümeyle, modernleşmeyle açıklanamayacak kadar hızda düşüyor.",5.44,kötü emeller
MCjBZZKHMIg,000223,data/iborotti/clips/MCjBZZKHMIg/000223/mouth.mp4,"Aile yılı ilan edilmesi, gebelik izinlerinin arttırılması falan filan hep bu sebeptendi.",5.18,kötü emeller
MCjBZZKHMIg,000224,data/iborotti/clips/MCjBZZKHMIg/000224/mouth.mp4,İyi ki yaptılar ve daha da arttırmaları lazım bence bu arada.,3.04,kötü emeller
MCjBZZKHMIg,000225,data/iborotti/clips/MCjBZZKHMIg/000225/mouth.mp4,Ve ama aynı dertten müzdaribiz bence bu konuda da Güney Kore ile.,4.76,kötü emeller
MCjBZZKHMIg,000226,data/iborotti/clips/MCjBZZKHMIg/000226/mouth.mp4,"ailenin birbirini tutması devletin tamam ya onlar hallederler, onlar kendi yağlarında kavrulurlar demesine sebep oluyor.",8.08,kötü emeller
MCjBZZKHMIg,000227,data/iborotti/clips/MCjBZZKHMIg/000227/mouth.mp4,"Ve olağan sürekli bireyin omzuna daha da fazla, daha da fazla, daha da fazla yük biniyor.",5.6,kötü emeller
MCjBZZKHMIg,000228,data/iborotti/clips/MCjBZZKHMIg/000228/mouth.mp4,Yani bir yandan özellikle Güney Kore'de çok fazla çalışan mesai saatleri inanılmaz fazla olan ve çocuk bakımının da çok hem maddi manevi yüklerinin de yine sadece anne babaya bindiği bir kültür.,12.7,kötü emeller
MCjBZZKHMIg,000229,data/iborotti/clips/MCjBZZKHMIg/000229/mouth.mp4,"İşte onlarda Hug One diye bir şey var, dershane ve çocukları 4 yaşından itibaren buraya yolluyorlar.",5.9,kötü emeller
MCjBZZKHMIg,000230,data/iborotti/clips/MCjBZZKHMIg/000230/mouth.mp4,"Okul sonrası böyle akşam 8 'e 9 'a kadar bu dershanede kalıyorlar, ders çalışıyorlar.",5.24,kötü emeller
MCjBZZKHMIg,000231,data/iborotti/clips/MCjBZZKHMIg/000231/mouth.mp4,"İyi bir liseye girmek için iyi bir liseye girdikten sonra iyi bir liseye, üniversiteye girmeleri çok önemli.",4.34,kötü emeller
MCjBZZKHMIg,000232,data/iborotti/clips/MCjBZZKHMIg/000232/mouth.mp4,"İşte Sky diye, 3 tane çok iyi üniversite var işte baş harflerinden Sky diye bir kısaltma yapmışlar.",5.3,kötü emeller
MCjBZZKHMIg,000233,data/iborotti/clips/MCjBZZKHMIg/000233/mouth.mp4,Ve herkes tamamen kapanarak bu sınava çalışıyor falan filan.,4.54,kötü emeller
MCjBZZKHMIg,000234,data/iborotti/clips/MCjBZZKHMIg/000234/mouth.mp4,Böyle YKS 'nin çok daha distopik bir seviyesi.,3.12,kötü emeller
MCjBZZKHMIg,000235,data/iborotti/clips/MCjBZZKHMIg/000235/mouth.mp4,"Hani 4 yaşından beri çalıştığın versiyonu gibi düşünün YKS 'nin, TYT 'nin.",5.62,kötü emeller
MCjBZZKHMIg,000236,data/iborotti/clips/MCjBZZKHMIg/000236/mouth.mp4,Ve inanılmaz bir eşitsizlik var yani.,3.12,kötü emeller
MCjBZZKHMIg,000237,data/iborotti/clips/MCjBZZKHMIg/000237/mouth.mp4,Hani çoğu iyi üniversiteler %2'si gidebiliyor tabii ki sınava girenlerin.,4.08,kötü emeller
MCjBZZKHMIg,000238,data/iborotti/clips/MCjBZZKHMIg/000238/mouth.mp4,Ve kalanlar da hani hayvanlar gibi çalışmış.,2.84,kötü emeller
MCjBZZKHMIg,000239,data/iborotti/clips/MCjBZZKHMIg/000239/mouth.mp4,"4 yaşından itibaren her günde 18 saat, hayatlarının günde 18 saatini çalışmaya harcamış.",6.4,kötü emeller
MCjBZZKHMIg,000240,data/iborotti/clips/MCjBZZKHMIg/000240/mouth.mp4,Ve hiç de karşılığını alamayan bu çalışmaların karşılığını alamayan ve ne yaptım abi bu nasıl bir oyun ben hani keten pereye geldim hani gibi hisseden yani hiç olmazsa havardalık yapsaydım yani hani diye böyle bir varoluşsal,15.98,kötü emeller
MCjBZZKHMIg,000241,data/iborotti/clips/MCjBZZKHMIg/000241/mouth.mp4,krize giren gençlerle dolu ve kendilerini sosyal hayattan çeken depresif kimseye görüşmeyen odalarından çıkmayan gençlerle dolu.,9.76,kötü emeller
MCjBZZKHMIg,000242,data/iborotti/clips/MCjBZZKHMIg/000242/mouth.mp4,Bu Japonya'da da bu fenomen var.,2.26,kötü emeller
MCjBZZKHMIg,000243,data/iborotti/clips/MCjBZZKHMIg/000243/mouth.mp4,Hikikomori diyorlar. Kore'de de var bu fenomen.,3.62,kötü emeller
MCjBZZKHMIg,000244,data/iborotti/clips/MCjBZZKHMIg/000244/mouth.mp4,Hiçbir şekilde odalarından çıkmayan gençler.,2.3,kötü emeller
MCjBZZKHMIg,000245,data/iborotti/clips/MCjBZZKHMIg/000245/mouth.mp4,Yani bu konfüçyüsçülüğün de bu distopik tarafını görüyoruz aslında.,4.12,kötü emeller
MCjBZZKHMIg,000246,data/iborotti/clips/MCjBZZKHMIg/000246/mouth.mp4,"Bu şeyde bedenin sana ait değil, ailene borçlusun.",5.3,kötü emeller
MCjBZZKHMIg,000247,data/iborotti/clips/MCjBZZKHMIg/000247/mouth.mp4,"Görüntün, konfüçyüsçülükte bir de şu var.",2.38,kötü emeller
MCjBZZKHMIg,000248,data/iborotti/clips/MCjBZZKHMIg/000248/mouth.mp4,Görüntün iyi bir karakterinin olduğunun göstergesi.,3.48,kötü emeller
MCjBZZKHMIg,000249,data/iborotti/clips/MCjBZZKHMIg/000249/mouth.mp4,"Yani dış görünüş, içinin güzelliği yüzüne yansımış falan diye bir laf var ya.",5.5,kötü emeller
MCjBZZKHMIg,000250,data/iborotti/clips/MCjBZZKHMIg/000250/mouth.mp4,"Bu konfüçyüzçüluktan geliyor aslında yani iç güzelliği, karakter güzelliği bedensel ve yüzsel olarak kendisine ifade eder.",8.7,kötü emeller
MCjBZZKHMIg,000251,data/iborotti/clips/MCjBZZKHMIg/000251/mouth.mp4,"Mesela işte şişman bir insan, tembel bir insandır, iradesiz bir insandır falan filan bu şekilde okuyor.",6.52,kötü emeller
MCjBZZKHMIg,000252,data/iborotti/clips/MCjBZZKHMIg/000252/mouth.mp4,"Hani şey diye okumuyor. Başka ben belki bir hastalığı var, belki bilmem ne falan böyle hani tamamen böyle suçu bireye ve bireyin karakterine yüklediği bir şekilde okuyor konfüçyüzçülük.",10.3,kötü emeller
MCjBZZKHMIg,000253,data/iborotti/clips/MCjBZZKHMIg/000253/mouth.mp4,Dış görünüşsel defektleri ve dolayı ya da şans falan diye okumuyor yani sonuçta bir genetik materyalle doğuyoruz ve tamamen rastgele.,9.22,kötü emeller
MCjBZZKHMIg,000254,data/iborotti/clips/MCjBZZKHMIg/000254/mouth.mp4,"Dolayısıyla da bu estetik sektörü, güzellik sektörü kafayı yemiş durumda Güney Kore'de.",5.94,kötü emeller
MCjBZZKHMIg,000255,data/iborotti/clips/MCjBZZKHMIg/000255/mouth.mp4,İş başvurularının %75 'i fotoğraf istiyor.,3.74,kötü emeller
MCjBZZKHMIg,000256,data/iborotti/clips/MCjBZZKHMIg/000256/mouth.mp4,"Yine benzer şekilde fotoğrafın, güzelliğin iş başarısını getireceğine dair bir inanış var.",5.72,kötü emeller
MCjBZZKHMIg,000257,data/iborotti/clips/MCjBZZKHMIg/000257/mouth.mp4,Kore hükümeti bunu engellemeye çalışsa da şirketler bunun etrafından dolaşıyorlar falan.,5.12,kötü emeller
MCjBZZKHMIg,000258,data/iborotti/clips/MCjBZZKHMIg/000258/mouth.mp4,"Ve böyle biraz şey gibi yani, Baudelaire 'in simülakra diye bir kavramı vardır işte.",4.96,kötü emeller
MCjBZZKHMIg,000259,data/iborotti/clips/MCjBZZKHMIg/000259/mouth.mp4,"Gerçeği, hani kopyası artık gerçeğinden daha gerçek gelmeye başlar ve insanlar ona ulaşmaya çalışır.",7.24,kötü emeller
MCjBZZKHMIg,000261,data/iborotti/clips/MCjBZZKHMIg/000261/mouth.mp4,"simülakrasına gerçek onu yapmaya çalışıyor ve artık taklit gerçeği aşıyor ve taklit gerçek oluyor veya gerçekten daha gerçek oluyor gibi ve o görüntüyü, o Instagram görüntüsüne ulaşmak için de",15.86,kötü emeller
MCjBZZKHMIg,000262,data/iborotti/clips/MCjBZZKHMIg/000262/mouth.mp4,yapılan birçok estetik prosedür hem kadına hem erkekler tarafında.,4.6,kötü emeller
MCjBZZKHMIg,000264,data/iborotti/clips/MCjBZZKHMIg/000264/mouth.mp4,Bu demografik ve psikolojik çöküşü hiçbir sosyal bilimci Güney Kore'de tahmin edemedi ve okuyamadılar.,7.44,kötü emeller
MCjBZZKHMIg,000265,data/iborotti/clips/MCjBZZKHMIg/000265/mouth.mp4,"Çok geç farkına vardılar. Bunun sebebin de yine böyle şey, akademinin, Güney Kore'deki akademinin çok batı merkezli olması, Amerika ve Avrupa merkezli bir şeyi alması, Türkiye'de de bunu söyleyebiliriz çoğu üniversite için, Bir literatürü",15.56,kötü emeller
MCjBZZKHMIg,000266,data/iborotti/clips/MCjBZZKHMIg/000266/mouth.mp4,tamamen alıp ithal etmesi ve o kavramları Güney Kore kontekstine uygulamaya çalışması ama Kore 'nin kendi içinde bunu tutmaması yani mesela o modernitenin o sıkıştırılmış olduğunu kimsenin fark etmemesi falan gibi.,14.96,kötü emeller
MCjBZZKHMIg,000267,data/iborotti/clips/MCjBZZKHMIg/000267/mouth.mp4,ve bunun bir insanda bir bireyde yaşatacağı o bunalımı ya da o sarsıntıyı anlamayacak olması ve bunun filmlerin ve işte dizilerin çok daha iyi anlamış olduğunu söylüyor Güney Kore'de.,16.06,kötü emeller
MCjBZZKHMIg,000268,data/iborotti/clips/MCjBZZKHMIg/000268/mouth.mp4,Parazit de bunlardan bir tanesi. Parazit'ten izleyenler vardır belki bilmiyorum şey çok zengin bir aile ona özel derse giden bir şey ve çok zengin oldukları için onların böyle yanında gizli gizli yaşamaya başlıyorlar falan filan.,13.5,kötü emeller
MCjBZZKHMIg,000269,data/iborotti/clips/MCjBZZKHMIg/000269/mouth.mp4,kendileri böyle bir yer altında eksi birinci katta yani kod bir denecek bir katta yaşayan bir aile işte bir parazit gibi tek tek hepsi böyle o ailenin şeyine çöküyor gibi o güzel evi böyle modern falan işte gibi evine çöküyor ve,16.14,kötü emeller
MCjBZZKHMIg,000270,data/iborotti/clips/MCjBZZKHMIg/000270/mouth.mp4,inanılmaz bir eşitsizliğin olduğu da yani çok paraları var ama çok eşitsiz de almış durumda tamamen aile şirketleri işte Samsung falan Hyundai falanı hepsi aile şirketlerinin asıl iktidar falan diye konuşuyorlar bu arada işte,14.12,kötü emeller
MCjBZZKHMIg,000271,data/iborotti/clips/MCjBZZKHMIg/000271/mouth.mp4,"Asıl politikacılar iktidarda değil, asıl iktidarda olanlar bu Hagwon denen şeyler.",6.18,kötü emeller
MCjBZZKHMIg,000272,data/iborotti/clips/MCjBZZKHMIg/000272/mouth.mp4,Nedir o? Büyük aile şirketleri. Türkiye 'ye bir ikamesini koyacak olursak Ülker Grup.,5.78,kötü emeller
MCjBZZKHMIg,000273,data/iborotti/clips/MCjBZZKHMIg/000273/mouth.mp4,"O da bir aile şirketi. Koç, Sabancı.",2.6,kötü emeller
MCjBZZKHMIg,000274,data/iborotti/clips/MCjBZZKHMIg/000274/mouth.mp4,"Bütün bu aile şirketlerinin asıl yöneticiler olduğunu, politikacıların aslında güçlü olmadığını söylüyor.",5.86,kötü emeller
MCjBZZKHMIg,000275,data/iborotti/clips/MCjBZZKHMIg/000275/mouth.mp4,Ve inanılmaz bir gelir eşitsizliği olan bir dağılım var.,4.24,kötü emeller
MCjBZZKHMIg,000276,data/iborotti/clips/MCjBZZKHMIg/000276/mouth.mp4,Türkiye ile ilgili bir başka benzerlik. Yani para var ama eşit dağılmıyor ve bu da çok büyük bir sosyal krize sebep oluyor.,7.6,kötü emeller
MCjBZZKHMIg,000277,data/iborotti/clips/MCjBZZKHMIg/000277/mouth.mp4,Evet burada bitirelim. Ne düşünüyorsunuz?,2.74,kötü emeller
MCjBZZKHMIg,000278,data/iborotti/clips/MCjBZZKHMIg/000278/mouth.mp4,Güney Kore en kötü Kore mi?,2.28,kötü emeller
MCjBZZKHMIg,000279,data/iborotti/clips/MCjBZZKHMIg/000279/mouth.mp4,Hangisini tercih ederdiniz? Distopik Kore seçiminiz hangisi olurdu?,5.96,kötü emeller
MCjBZZKHMIg,000280,data/iborotti/clips/MCjBZZKHMIg/000280/mouth.mp4,Daha totalitaryan işte bir Kim Jong -un 'un yönettiği yok.,4.46,kötü emeller
MCjBZZKHMIg,000281,data/iborotti/clips/MCjBZZKHMIg/000281/mouth.mp4,Herkesin saç kesiminin aynı olması gereken işte yine çok daha fazla açlığın olduğu ne bileyim.,6.3,kötü emeller
MCjBZZKHMIg,000282,data/iborotti/clips/MCjBZZKHMIg/000282/mouth.mp4,Hani işte ürün çeşitlerinin çok daha az olduğu vesaire vesaire daha fazla yoklukla sınanan Kuzey Kore'de mi olmayı tercih ederdiniz?,8.18,kötü emeller
MCjBZZKHMIg,000283,data/iborotti/clips/MCjBZZKHMIg/000283/mouth.mp4,Yoksa bolluğun ve kapitalizmin getirdiği bütün buhranları yaşayan Güney Kore 'nin yerinde mi olmak isterdiniz?,9.36,kötü emeller
MCjBZZKHMIg,000284,data/iborotti/clips/MCjBZZKHMIg/000284/mouth.mp4,Hangisi? Hangi Kore sizce daha iyi bir Kore?,2.4,kötü emeller
MCjBZZKHMIg,000285,data/iborotti/clips/MCjBZZKHMIg/000285/mouth.mp4,Yorumlara yazın lütfen. Umarım beğenmişsinizdir.,2.62,kötü emeller
MCjBZZKHMIg,000286,data/iborotti/clips/MCjBZZKHMIg/000286/mouth.mp4,Kore konusu çok derin bir konu yani çok fazla şey var ama hızlıca özet geçmeye çalıştım.,4.52,kötü emeller
MCjBZZKHMIg,000287,data/iborotti/clips/MCjBZZKHMIg/000287/mouth.mp4,Çalışma kültüründen çok bahsetmedim mesela ya da işte evliliğin neden çok zor olduğundan bahsetmedim.,5.72,kötü emeller
MCjBZZKHMIg,000288,data/iborotti/clips/MCjBZZKHMIg/000288/mouth.mp4,"Onları da belki ilginizi çekerse, izlenirse video başka bir videoda ele alırım.",6.1,kötü emeller
MCjBZZKHMIg,000289,data/iborotti/clips/MCjBZZKHMIg/000289/mouth.mp4,"Çok kompleks, ilginç bir toplum gerçekten.",3.28,kötü emeller
MCjBZZKHMIg,000290,data/iborotti/clips/MCjBZZKHMIg/000290/mouth.mp4,Hani öğrendikçe daha da ilgincime gitmeye başladı.,3.34,kötü emeller
MCjBZZKHMIg,000291,data/iborotti/clips/MCjBZZKHMIg/000291/mouth.mp4,İnsanların neden Kore 'ye bu kadar ilgi duyduğunu anladım.,2.46,kötü emeller
MCjBZZKHMIg,000292,data/iborotti/clips/MCjBZZKHMIg/000292/mouth.mp4,Gerçekten çok ilginçler. Almanlar ve Koreliler bakın bu insanlar çok ilginç.,4.56,kötü emeller
MCjBZZKHMIg,000293,data/iborotti/clips/MCjBZZKHMIg/000293/mouth.mp4,Almanlar da çok bir yurda bir toplum ya.,2.28,kötü emeller
MCjBZZKHMIg,000294,data/iborotti/clips/MCjBZZKHMIg/000294/mouth.mp4,Onlar da benim çok ilgimi çekiyor. Onlar da garip bir toplum.,3.0,kötü emeller
MCjBZZKHMIg,000295,data/iborotti/clips/MCjBZZKHMIg/000295/mouth.mp4,Kore de öyle. Japonlar da bayağı bir manyak.,3.32,kötü emeller
MCjBZZKHMIg,000296,data/iborotti/clips/MCjBZZKHMIg/000296/mouth.mp4,Yorumlara yazın. Eğer beğendiyseniz lütfen başkalarıyla arkadaşlarınıza paylaşırsanız çok memnun olurum.,7.22,kötü emeller
MCjBZZKHMIg,000297,data/iborotti/clips/MCjBZZKHMIg/000297/mouth.mp4,"Hype çıkarsa, hype 'e basarsanız, beğen tuşuna basarsanız, videoyu beğene basarsanız çok çok çok minnettar olurum.",6.98,kötü emeller
MCjBZZKHMIg,000298,data/iborotti/clips/MCjBZZKHMIg/000298/mouth.mp4,Zaten hep yapıyorsunuz. Yaptığınız için de çok teşekkür ediyorum bu arada.,3.4,kötü emeller
MCjBZZKHMIg,000299,data/iborotti/clips/MCjBZZKHMIg/000299/mouth.mp4,Desteğinizi esirgemediğiniz için çok teşekkürler.,2.52,kötü emeller
MCjBZZKHMIg,000300,data/iborotti/clips/MCjBZZKHMIg/000300/mouth.mp4,Bir sonraki videoda görüşmek üzere. Hoşçakalın.,2.34,kötü emeller
OSAD_bx3AE8,000000,data/iborotti/clips/OSAD_bx3AE8/000000/mouth.mp4,Herkese merhaba. Güncel Türkçe 'ye tekrar hoş geldin.,3.96,Guncel Turkce Learn Turkish
OSAD_bx3AE8,000001,data/iborotti/clips/OSAD_bx3AE8/000001/mouth.mp4,Ben Feyza. Yabancılar için Türkçe serimizin 5.,4.44,Guncel Turkce Learn Turkish
OSAD_bx3AE8,000002,data/iborotti/clips/OSAD_bx3AE8/000002/mouth.mp4,"dersindeyiz. Bu dersimizde günleri, ayları ve mevsimleri öğreneceğiz.",7.18,Guncel Turkce Learn Turkish
OSAD_bx3AE8,000003,data/iborotti/clips/OSAD_bx3AE8/000003/mouth.mp4,Başlayabiliriz. Haftanın günleriyle başlayabiliriz.,4.3,Guncel Turkce Learn Turkish
OSAD_bx3AE8,000023,data/iborotti/clips/OSAD_bx3AE8/000023/mouth.mp4,Mevsimlerle devam edebiliriz.,2.52,Guncel Turkce Learn Turkish
OSAD_bx3AE8,000027,data/iborotti/clips/OSAD_bx3AE8/000027/mouth.mp4,Havalar biraz ısınır.,2.3,Guncel Turkce Learn Turkish
OSAD_bx3AE8,000032,data/iborotti/clips/OSAD_bx3AE8/000032/mouth.mp4,"Sararır, dökülür, yağmur yağar.",3.0,Guncel Turkce Learn Turkish
OSAD_bx3AE8,000034,data/iborotti/clips/OSAD_bx3AE8/000034/mouth.mp4,Kar yağar. Kardan adam yapabiliriz bu mevsimde.,3.84,Guncel Turkce Learn Turkish
OSAD_bx3AE8,000044,data/iborotti/clips/OSAD_bx3AE8/000044/mouth.mp4,Videomuzun sonundaki alıştırmaları yapmayı unutma.,3.82,Guncel Turkce Learn Turkish
OSAD_bx3AE8,000045,data/iborotti/clips/OSAD_bx3AE8/000045/mouth.mp4,Bu arada daha önceki videolarımı izlemediysen onları da izlemeni tavsiye ederim.,6.6,Guncel Turkce Learn Turkish
OSAD_bx3AE8,000046,data/iborotti/clips/OSAD_bx3AE8/000046/mouth.mp4,Bir sonraki dersimizde görüşmek üzere. Kendine çok iyi bak!,3.96,Guncel Turkce Learn Turkish
huwvvvYt06w,000000,data/iborotti/clips/huwvvvYt06w/000000/mouth.mp4,"Selamlar hoşgeldiniz. Hayır bu bir clickbait videosu değil, bu sizi korkutma videosu değil, bu sizi başka mesleğe geçen korkutma videosu değil, bu aman Allah 'ım yazılımcılık bitiyormuş hemen başka bir şey yapalım videosu değil.",10.34,Onur Tirpan
huwvvvYt06w,000001,data/iborotti/clips/huwvvvYt06w/000001/mouth.mp4,"Bu tamamen tam tersine hala değişimin farkında olmayan insanlara, dostlara, eşlere, arkadaşlara, kimseniz artık öğrencisinden tutun ki buna liseden başlayarak söyleyeceğim bunu.",10.58,Onur Tirpan
huwvvvYt06w,000002,data/iborotti/clips/huwvvvYt06w/000002/mouth.mp4,Hatta ortaokulda da indirebiliriz. Ben bu işi ortaokulda yapmaya başladım.,2.68,Onur Tirpan
huwvvvYt06w,000003,data/iborotti/clips/huwvvvYt06w/000003/mouth.mp4,"Yani bu işi derken, kodlama işini, ortaokulda başlamışsın, liseye kadar yapmışsın, üniversitede meslek yapmışım, ondan sonra kariyerimi bunun üzerine inşa etmişim.",9.7,Onur Tirpan
huwvvvYt06w,000004,data/iborotti/clips/huwvvvYt06w/000004/mouth.mp4,Benim çocukluğumdan itibaren bütün hayatım bu.,3.18,Onur Tirpan
huwvvvYt06w,000005,data/iborotti/clips/huwvvvYt06w/000005/mouth.mp4,"Böyle baktığın zaman burada bir kod yazıyorum, burada bir şey test ediyorum.",4.02,Onur Tirpan
huwvvvYt06w,000006,data/iborotti/clips/huwvvvYt06w/000006/mouth.mp4,Benim hayatım hep böyleydi. Yazılımcılığın bildiğimiz haliyle bitmesiyle yazılımcılığın bitmesi arasında çok ciddi bir fark var.,6.52,Onur Tirpan
huwvvvYt06w,000007,data/iborotti/clips/huwvvvYt06w/000007/mouth.mp4,O yüzden özellikle yazılımcılığın bildiğimiz haliyle bitmesi diyorum ki benim derdim korku pompalamak değil çünkü korku pompalamak zaten sizi kontrol halde tutmaya çalışan insanların biraz daha başvuracağı bir yöntem.,12.84,Onur Tirpan
huwvvvYt06w,000008,data/iborotti/clips/huwvvvYt06w/000008/mouth.mp4,Entropikten tutun şuna buna tutun bu firmaların yazılım bitiyor abim falan.,4.68,Onur Tirpan
huwvvvYt06w,000009,data/iborotti/clips/huwvvvYt06w/000009/mouth.mp4,Şimdi iş her zaman şuna geliyorsunuz yeni bir tuval çıkıyor.,3.11,Onur Tirpan
huwvvvYt06w,000010,data/iborotti/clips/huwvvvYt06w/000010/mouth.mp4,Sürekli o daha iyiymiş bu model daha iyiymiş. Sürekli bunların peşinde koşarak böyle kafamız bulanıyor birazcık ama,5.4,Onur Tirpan
huwvvvYt06w,000011,data/iborotti/clips/huwvvvYt06w/000011/mouth.mp4,yazılımcılık bildiğimiz haliyle.,4.29,Onur Tirpan
huwvvvYt06w,000012,data/iborotti/clips/huwvvvYt06w/000012/mouth.mp4,Yazılım geliştirme süreçleri bildiğimiz haliyle bitti ve şu anda öyle garip bir aşamadayız ki 20 yılda olgunlaşmış bir sektörün 6 ay ile 1 senelik bir zaman dilimi içerisinde tamamen bildiğimiz usullerinin,16.17,Onur Tirpan
huwvvvYt06w,000013,data/iborotti/clips/huwvvvYt06w/000013/mouth.mp4,değişmesinden bahsediyoruz. Dolayısıyla garip bir çalkantı söz konusu.,3.26,Onur Tirpan
huwvvvYt06w,000014,data/iborotti/clips/huwvvvYt06w/000014/mouth.mp4,Garip bir çalkantı ne demek? Bilmeyen arkadaşlar içinden daha junior seviyede arkadaşlar için söyleyeyim.,5.44,Onur Tirpan
huwvvvYt06w,000015,data/iborotti/clips/huwvvvYt06w/000015/mouth.mp4,yazılımın tasarlanması süreçleri değişti.,3.24,Onur Tirpan
huwvvvYt06w,000016,data/iborotti/clips/huwvvvYt06w/000016/mouth.mp4,"Requirement 'ların yazılması, requirement 'ların var olması süreci değişti.",4.02,Onur Tirpan
huwvvvYt06w,000017,data/iborotti/clips/huwvvvYt06w/000017/mouth.mp4,Sprint dediğimiz kavram var ama çok,5.15,Onur Tirpan
huwvvvYt06w,000018,data/iborotti/clips/huwvvvYt06w/000018/mouth.mp4,zor bir hale geldi. Business analyst dediğimiz destek rol çok farklı bir hale büründü.,6.9,Onur Tirpan
huwvvvYt06w,000019,data/iborotti/clips/huwvvvYt06w/000019/mouth.mp4,QA test dediğimiz şey hani çok,3.9,Onur Tirpan
huwvvvYt06w,000020,data/iborotti/clips/huwvvvYt06w/000020/mouth.mp4,"şekil değiştirdi. Yani o kadar farklı bir yerde ki bir sene öncesine götür beni, bir sene öncesinde böyle beni bırak zaman makinesinde.",7.71,Onur Tirpan
huwvvvYt06w,000021,data/iborotti/clips/huwvvvYt06w/000021/mouth.mp4,"kendimi şu videoyu izletsem, derim ki bu acaba düdükle temin ne değişmiş olabilir la?",4.48,Onur Tirpan
huwvvvYt06w,000022,data/iborotti/clips/huwvvvYt06w/000022/mouth.mp4,Split nasıl değişmiş olabilir dersin değil mi? Hani split nasıl değişebilir?,3.44,Onur Tirpan
huwvvvYt06w,000023,data/iborotti/clips/huwvvvYt06w/000023/mouth.mp4,"İki haftalık iş beliriyorsun, onu yapıyorsun işte. İki haftalık iş belirleyebilmek için şu anda bir insanın iki haftalık bir iş belirleyebilmek için bundan da yırı karantin yazmak için",9.5,Onur Tirpan
huwvvvYt06w,000024,data/iborotti/clips/huwvvvYt06w/000024/mouth.mp4,iki haftada yapabileceğimiz hızdan bahsediyorum.,2.8,Onur Tirpan
huwvvvYt06w,000025,data/iborotti/clips/huwvvvYt06w/000025/mouth.mp4,Bir buçuk uğraşması lazım. Birisinin şu anda Onur Tırpan şahs isimli developer 'a iki haftalık iş çıkartabilmesi için bir buçuk ay uğraşması lazım.,10.32,Onur Tirpan
huwvvvYt06w,000026,data/iborotti/clips/huwvvvYt06w/000026/mouth.mp4,Öyle ki bu adam bunların ne olduğunu anlamaya çalışırken bunları yazmaya çalışırken ben yapıp bitirebilirim.,7.58,Onur Tirpan
huwvvvYt06w,000027,data/iborotti/clips/huwvvvYt06w/000027/mouth.mp4,"Anlatabiliyor muyum işin nasıl değiştiğini, sektörün nasıl değiştiğini?",2.56,Onur Tirpan
huwvvvYt06w,000028,data/iborotti/clips/huwvvvYt06w/000028/mouth.mp4,Şimdi bir kesim şunu da savunuyor. Diyorlar ki yani öyle bir yer gelecek ki yazılımcıya ihtiyaç kalmayacak.,4.3,Onur Tirpan
huwvvvYt06w,000029,data/iborotti/clips/huwvvvYt06w/000029/mouth.mp4,Şimdi yazılımcıya ihtiyaç kalmayacak konsepti birazcık gri bir alan.,5.88,Onur Tirpan
huwvvvYt06w,000030,data/iborotti/clips/huwvvvYt06w/000030/mouth.mp4,Buna bakarsak şuna da yani endüstri devrimiyle beraber insanların üretimde olmasına ihtiyaç kalmadı diyebilirsin.,6.56,Onur Tirpan
huwvvvYt06w,000031,data/iborotti/clips/huwvvvYt06w/000031/mouth.mp4,Ama ne oldu? Hani demir elliye büken adam gitti.,3.94,Onur Tirpan
huwvvvYt06w,000032,data/iborotti/clips/huwvvvYt06w/000032/mouth.mp4,Demiri büken makineyi kontrol eden teknisyen geldi.,3.94,Onur Tirpan
huwvvvYt06w,000033,data/iborotti/clips/huwvvvYt06w/000033/mouth.mp4,Ne bileyim işte kürekle böyle çukur kazanadan gitti.,5.93,Onur Tirpan
huwvvvYt06w,000034,data/iborotti/clips/huwvvvYt06w/000034/mouth.mp4,Kepçek operatörü geldi. Tamam mı? Hani ne oldu günün sonunda?,3.76,Onur Tirpan
huwvvvYt06w,000035,data/iborotti/clips/huwvvvYt06w/000035/mouth.mp4,Mezar kazma diyelim buna. Tamam mı? Adam kürekle mezar kazıyor.,3.32,Onur Tirpan
huwvvvYt06w,000036,data/iborotti/clips/huwvvvYt06w/000036/mouth.mp4,Mezarcı adam. Tamam mı? Kürekle mezar kazıyor. Adam günde iki mezar kazıp,5.03,Onur Tirpan
huwvvvYt06w,000037,data/iborotti/clips/huwvvvYt06w/000037/mouth.mp4,artık ölecek seviyede yoruluyorken atıyorum.,2.3,Onur Tirpan
huwvvvYt06w,000038,data/iborotti/clips/huwvvvYt06w/000038/mouth.mp4,Şimdi belki otuz tane mezar kazanıyor.,2.84,Onur Tirpan
huwvvvYt06w,000039,data/iborotti/clips/huwvvvYt06w/000039/mouth.mp4,Çok saçma bir örnek oldu ama. Durduk yere şimdi abi otuz mezar ben yüzlü mü bakıyım mezar kazıyım ben.,6.1,Onur Tirpan
huwvvvYt06w,000040,data/iborotti/clips/huwvvvYt06w/000040/mouth.mp4,Şimdi böyle bir şey anlatmaya çalışmıyorum. Hayır bu tamamen farazi bir örnek abi ben altmış tane mezar kazanım yapay zekâya da öğretirim ben onu falan diye kafalarla millete şey dönmeye başlamasın durduk yere de,8.76,Onur Tirpan
huwvvvYt06w,000041,data/iborotti/clips/huwvvvYt06w/000041/mouth.mp4,anlatabiliyor muyum ama hani mezar kazan adama ihtiyaç mıydı?,3.12,Onur Tirpan
huwvvvYt06w,000042,data/iborotti/clips/huwvvvYt06w/000042/mouth.mp4,"Hala ölmeye devam ediyoruz biz değil mi? Ölüyorsun doğuyorsun, ölüyorsun, doğuyorsun, ölüyorsun.",4.02,Onur Tirpan
huwvvvYt06w,000043,data/iborotti/clips/huwvvvYt06w/000043/mouth.mp4,Ben de öleceğim bir bu kadar daha şimdi. Otuz yaşında adamım ben.,2.56,Onur Tirpan
huwvvvYt06w,000044,data/iborotti/clips/huwvvvYt06w/000044/mouth.mp4,İki reçer. Kaç işte geliyorum yani.,2.89,Onur Tirpan
huwvvvYt06w,000045,data/iborotti/clips/huwvvvYt06w/000045/mouth.mp4,Dolayısıyla yolu yaralı diyebiliriz.,3.29,Onur Tirpan
huwvvvYt06w,000046,data/iborotti/clips/huwvvvYt06w/000046/mouth.mp4,Neyse abi geyik bir yana. Şimdi aynı şekilde yazılım sektörü bir değişimi geçiriyor.,5.74,Onur Tirpan
huwvvvYt06w,000047,data/iborotti/clips/huwvvvYt06w/000047/mouth.mp4,Teknoloji sektörü yazılım sektörü deyip bunu çok çok küçük bir yere küçümsüyor ama teknoloji sektörü komple değiştiriyor.,5.5,Onur Tirpan
huwvvvYt06w,000048,data/iborotti/clips/huwvvvYt06w/000048/mouth.mp4,Yazılımın içinde bulunduğu her endüstri şekli değiştiriyor.,3.32,Onur Tirpan
huwvvvYt06w,000049,data/iborotti/clips/huwvvvYt06w/000049/mouth.mp4,"Bunu ekonomiyle alakalı iş yapanından tut PR ile ilgili iş yapanına, public relations ile ilgili insan kaynaklarına, PR'dan sonra insan kaynaklarına, insan kaynaklarından muhasebeye, muhasebeden şuna her şey şekil değiştiriyor.",15.47,Onur Tirpan
huwvvvYt06w,000050,data/iborotti/clips/huwvvvYt06w/000050/mouth.mp4,"Çünkü bunların altında bulunan tooling yapan yazılım endüstrisi, teknoloji endüstrisi inanılmaz bir şekilde değişiyor.",8.42,Onur Tirpan
huwvvvYt06w,000051,data/iborotti/clips/huwvvvYt06w/000051/mouth.mp4,Haftada bir değişiyor desem abartmış olacağım ama değişiyor gerçekten.,3.44,Onur Tirpan
huwvvvYt06w,000052,data/iborotti/clips/huwvvvYt06w/000052/mouth.mp4,"Yani seni öyle bir timeline belirlersin ki bir haftada o haftanın öncesi ve o haftanın sonrasında yaptığın şey farklıdır yani iş, ilerleyiş şeklin.",8.24,Onur Tirpan
huwvvvYt06w,000053,data/iborotti/clips/huwvvvYt06w/000053/mouth.mp4,"Şimdi eski usül kod yazıyorsanız buraya bir şey koymak istiyorum, bir parantez açmak istiyorum buraya.",11.31,Onur Tirpan
huwvvvYt06w,000054,data/iborotti/clips/huwvvvYt06w/000054/mouth.mp4,"Şimdi öyle bir endüstri desindir ki, sağlıkla ilgilidir.",3.26,Onur Tirpan
huwvvvYt06w,000055,data/iborotti/clips/huwvvvYt06w/000055/mouth.mp4,Çok kritik bir ekonomik sistemde kod yazıyorsundur.,4.13,Onur Tirpan
huwvvvYt06w,000056,data/iborotti/clips/huwvvvYt06w/000056/mouth.mp4,Buraların yapay zekaya kayması daha uzun zaman alabilir.,3.58,Onur Tirpan
huwvvvYt06w,000057,data/iborotti/clips/huwvvvYt06w/000057/mouth.mp4,"Regülasyonların biraz daha sertleş, sıkılaşması bekleniyor olabilir.",2.98,Onur Tirpan
huwvvvYt06w,000058,data/iborotti/clips/huwvvvYt06w/000058/mouth.mp4,Biraz daha bu sektörün kendini kanıtlaması gerekiyor olabilir.,2.88,Onur Tirpan
huwvvvYt06w,000059,data/iborotti/clips/huwvvvYt06w/000059/mouth.mp4,"Oradaysan, yani bu işi elle yapmak zorunda olduğun kısımdaysan bu başka bir şey.",3.96,Onur Tirpan
huwvvvYt06w,000060,data/iborotti/clips/huwvvvYt06w/000060/mouth.mp4,Ama yazılım geliştirme süreçlerinin işaretlerinin şu anki haliyle hala elle kod yazıyı olduğun kısımda bulunmak senin şahsi tercihinse sen şu anda kendine başkasının sana,15.8,Onur Tirpan
huwvvvYt06w,000061,data/iborotti/clips/huwvvvYt06w/000061/mouth.mp4,yapamayacağı kadar büyük bir kötülük yapıyor olabilirsin.,2.3,Onur Tirpan
huwvvvYt06w,000062,data/iborotti/clips/huwvvvYt06w/000062/mouth.mp4,Bunu kelimelere dökmek çok zor ama süreç nasıl başlıyor?,3.2,Onur Tirpan
huwvvvYt06w,000063,data/iborotti/clips/huwvvvYt06w/000063/mouth.mp4,Bazı insanlarda direnç oluşuyor. Direnç ne demek abi?,3.04,Onur Tirpan
huwvvvYt06w,000064,data/iborotti/clips/huwvvvYt06w/000064/mouth.mp4,"Ben kendim bunu işten çıkartılma sürecimden 3 ay önce, 4 ay önce yaşadığım bir konsept benim bu.",6.74,Onur Tirpan
huwvvvYt06w,000065,data/iborotti/clips/huwvvvYt06w/000065/mouth.mp4,O yüzden sizi anlıyorum. Hemen hemen bir yıl önce bu direnci kendim gösterdim.,4.46,Onur Tirpan
huwvvvYt06w,000066,data/iborotti/clips/huwvvvYt06w/000066/mouth.mp4,Şu şekilde yaşıyordum. İnternet giriyorum.,4.35,Onur Tirpan
huwvvvYt06w,000067,data/iborotti/clips/huwvvvYt06w/000067/mouth.mp4,Youtube 'a giriyorum işte yapay zekam. İşte nasıl vibe?,2.5,Onur Tirpan
huwvvvYt06w,000068,data/iborotti/clips/huwvvvYt06w/000068/mouth.mp4,"O zaman vibe coding kelimesi yeni çıkmıştı. Böyle vibe coding ile şunu yaptım, onu yaptım işte.",3.72,Onur Tirpan
huwvvvYt06w,000069,data/iborotti/clips/huwvvvYt06w/000069/mouth.mp4,Bir aylık işi bir saatte yaptım falan. Bunları gördükçe ben abi buhran yaşadım.,4.64,Onur Tirpan
huwvvvYt06w,000071,data/iborotti/clips/huwvvvYt06w/000071/mouth.mp4,Neler bitiyor? Ne olacağız? Ve bunları oturt.,2.94,Onur Tirpan
huwvvvYt06w,000072,data/iborotti/clips/huwvvvYt06w/000072/mouth.mp4,"İzleyemiyordum bile. Gerginlikten, stresten.",2.38,Onur Tirpan
huwvvvYt06w,000073,data/iborotti/clips/huwvvvYt06w/000073/mouth.mp4,Ne oluyor? Başımıza ne gelecek? İçinde olan şeyi görmek dahi istemiyordum.,4.58,Onur Tirpan
huwvvvYt06w,000074,data/iborotti/clips/huwvvvYt06w/000074/mouth.mp4,"Bunu yaşayan birçok insan var. Hatta bunu yaşadığı için, bu düğüdürün içinde olduğu için şu videoyu görüp bu videoyu izlemeyip kendi kendine dert edilen insanlar bile olacak muhtemelen.",11.27,Onur Tirpan
huwvvvYt06w,000075,data/iborotti/clips/huwvvvYt06w/000075/mouth.mp4,Dolayısıyla bunu aşmanın kolay bir yolu yok.,4.22,Onur Tirpan
huwvvvYt06w,000076,data/iborotti/clips/huwvvvYt06w/000076/mouth.mp4,Bu bir değişime direnen insan psikolojisi.,2.76,Onur Tirpan
huwvvvYt06w,000077,data/iborotti/clips/huwvvvYt06w/000077/mouth.mp4,"Bunu çağın en başından beri, yani anladım daha hani çadır kurmayı dahi bilmiyorken de yapıyorduk bunu biz.",6.56,Onur Tirpan
huwvvvYt06w,000078,data/iborotti/clips/huwvvvYt06w/000078/mouth.mp4,Şimdi de yapıyoruz. Bu insanoğlu bu içgüdüsel yani hayatta kalma içgüdüsünün bize on binlerce yılda getirdiği o mental yapıyı o hormon salgılama triggerları,13.49,Onur Tirpan
huwvvvYt06w,000079,data/iborotti/clips/huwvvvYt06w/000079/mouth.mp4,maalesef değiştirmeyecek. Dolayısıyla bu çok bir günde atlatabileceğimiz bir şey değil.,3.9,Onur Tirpan
huwvvvYt06w,000080,data/iborotti/clips/huwvvvYt06w/000080/mouth.mp4,Ama ne yapabilirsiniz ben size kendi izlediğim yolu göstereyim.,4.48,Onur Tirpan
huwvvvYt06w,000081,data/iborotti/clips/huwvvvYt06w/000081/mouth.mp4,Önce şöyle başlıyorsun abi. Bir iki soru sorarak başlıyorsun ve o zaman ben bu ilk yaptığım zamanlarda şu yoktu.,5.68,Onur Tirpan
huwvvvYt06w,000082,data/iborotti/clips/huwvvvYt06w/000082/mouth.mp4,Yani böyle bildiğimiz Harness 'lar daha henüz çıkmamıştı.,2.62,Onur Tirpan
huwvvvYt06w,000083,data/iborotti/clips/huwvvvYt06w/000083/mouth.mp4,Yani 2 senelik 3 senelik bir zamandan başlıyoruz. Yapay zekayla böyle iç iç olmaya başladığımız zamanla ki yapay zekayla nereden baksan 5 senedir falan var yani öyle.,7.06,Onur Tirpan
huwvvvYt06w,000084,data/iborotti/clips/huwvvvYt06w/000084/mouth.mp4,Az buzda bir zaman değil. Bayadır hayatımızda yani.,3.04,Onur Tirpan
huwvvvYt06w,000085,data/iborotti/clips/huwvvvYt06w/000085/mouth.mp4,O ilk 3 ile beraber GPT 'ün çıkmasıyla beraber.,2.6,Onur Tirpan
huwvvvYt06w,000086,data/iborotti/clips/huwvvvYt06w/000086/mouth.mp4,Biri soru durarak başlıyorsun. Karar alırken destek alarak başlıyorsun.,4.86,Onur Tirpan
huwvvvYt06w,000087,data/iborotti/clips/huwvvvYt06w/000087/mouth.mp4,Emin olmadığın bir şey sorarak başlıyorsun. Ondan sonra bir başka aşamada ufak ufak böyle biraz da hani oradan aldığın kodu yapıştırmaya başlıyorsun.,6.84,Onur Tirpan
huwvvvYt06w,000088,data/iborotti/clips/huwvvvYt06w/000088/mouth.mp4,Kodu alıp yapıştırıyorsun. Ondan sonra ufak ufak 3.,4.12,Onur Tirpan
huwvvvYt06w,000089,data/iborotti/clips/huwvvvYt06w/000089/mouth.mp4,"aşamada artık kodu senin yerine yazan cursor gibi, windsurf gibi, cloud code gibi, ne bileyim, visual studio code copilot gibi, github copilot gibi artık adı neyse bir sürü adı var bu sıçtığım microsoft ürünlerinin.",10.86,Onur Tirpan
huwvvvYt06w,000090,data/iborotti/clips/huwvvvYt06w/000090/mouth.mp4,Bir isim belirleyemediler gitti. Microsoft 'un 190 tane copilot 'i var.,4.18,Onur Tirpan
huwvvvYt06w,000091,data/iborotti/clips/huwvvvYt06w/000091/mouth.mp4,"Onun copilot 'i, excel copilot, office copilot, office 365 copilot, github copilot, windows copilot,",6.12,Onur Tirpan
huwvvvYt06w,000094,data/iborotti/clips/huwvvvYt06w/000094/mouth.mp4,Sponsora falan değil bu arada. Keşke sponsor olsalar.,2.98,Onur Tirpan
huwvvvYt06w,000095,data/iborotti/clips/huwvvvYt06w/000095/mouth.mp4,O kadar içiyoruz. Bir de gidip para veriyorum üzerinde.,3.81,Onur Tirpan
huwvvvYt06w,000097,data/iborotti/clips/huwvvvYt06w/000097/mouth.mp4,Ne diyorsun lan ben? Heh. Ondan sonra kodları böyle biraz da kendin tuğla yazdırdın evreye giriyorsun.,5.18,Onur Tirpan
huwvvvYt06w,000098,data/iborotti/clips/huwvvvYt06w/000098/mouth.mp4,Orada da şu direnç başlıyor. O kod yazdı ben olsam bunu böyle yapmazdım.,4.06,Onur Tirpan
huwvvvYt06w,000100,data/iborotti/clips/huwvvvYt06w/000100/mouth.mp4,ben bu kodu kendim maintain edemem böyle.,2.7,Onur Tirpan
huwvvvYt06w,000101,data/iborotti/clips/huwvvvYt06w/000101/mouth.mp4,Ben bu kodu böyle bir direnç.,2.32,Onur Tirpan
huwvvvYt06w,000102,data/iborotti/clips/huwvvvYt06w/000102/mouth.mp4,Ondan sonra şunu yapıyorsun. Yaşadım bunu ben.,2.85,Onur Tirpan
huwvvvYt06w,000103,data/iborotti/clips/huwvvvYt06w/000103/mouth.mp4,Yapay zeka ile yaptığım ve çalışan projeyi,2.92,Onur Tirpan
huwvvvYt06w,000104,data/iborotti/clips/huwvvvYt06w/000104/mouth.mp4,kenara aldım. Oradaki parçaları kendim düzenleyerek baştan yaptım.,4.76,Onur Tirpan
huwvvvYt06w,000105,data/iborotti/clips/huwvvvYt06w/000105/mouth.mp4,Dedim ki bu çok karışık oldu. Bu gereksiz karışık oldu. Bu niye böyle?,2.5,Onur Tirpan
huwvvvYt06w,000106,data/iborotti/clips/huwvvvYt06w/000106/mouth.mp4,Burada bunun olması gerekmiyor ki falan diyeyim. Bir bunu ben yapmak istediğim şekilde yaptıramıyorum buna duygusu.,6.12,Onur Tirpan
huwvvvYt06w,000107,data/iborotti/clips/huwvvvYt06w/000107/mouth.mp4,Ondan sonra ufak ufak. He lan bunu böyle dersek aslında böyle yapıyormuş.,3.58,Onur Tirpan
huwvvvYt06w,000108,data/iborotti/clips/huwvvvYt06w/000108/mouth.mp4,Skilleri keşfediyorsun. Agentleri keşfediyorsun.,2.4,Onur Tirpan
huwvvvYt06w,000111,data/iborotti/clips/huwvvvYt06w/000111/mouth.mp4,günün sonunda süreç şuna geliyor. Ben bunu yarı otonom bir şekilde kullanabiliyorum ve güvenli bir şekilde kullanabiliyorum 'a geliyor.,8.43,Onur Tirpan
huwvvvYt06w,000112,data/iborotti/clips/huwvvvYt06w/000112/mouth.mp4,Bunun altında birçok şey var. Hani bildiğin şeyleri unutmak demeyelim buna ama alıştığın alışkanlıkların dışına çıkmak çok önemli oluyor burada.,8.59,Onur Tirpan
huwvvvYt06w,000113,data/iborotti/clips/huwvvvYt06w/000113/mouth.mp4,Çünkü artık sen yapmıyorsun.,4.55,Onur Tirpan
huwvvvYt06w,000114,data/iborotti/clips/huwvvvYt06w/000114/mouth.mp4,Ve olan şey senin istediğin gibi yapılmayabiliyor.,2.94,Onur Tirpan
huwvvvYt06w,000115,data/iborotti/clips/huwvvvYt06w/000115/mouth.mp4,Ama bu kötü olduğu anlamına gelmiyor. Çünkü ben bugüne kadar dürüstçe yapay zeka kullanarak yaptığım projelere baktığım zaman Sanki dediğim gibi neredeyse her gün en az bir tane iki tane ufak tefek bir şeyler deneyip yapıyorum yani böyle yayınlamak için değil bir yerde kullanmak için değil merak yani ben bunu yapsam yapabiliyor,16.13,Onur Tirpan
huwvvvYt06w,000116,data/iborotti/clips/huwvvvYt06w/000116/mouth.mp4,muyum merak yani bir yer kullanmıyorum ya bazılarını bunların yani test ettikten sonra merak çok,7.41,Onur Tirpan
huwvvvYt06w,000117,data/iborotti/clips/huwvvvYt06w/000117/mouth.mp4,net bir şekilde söyleyebilirim ki bana böyle sınırsız zaman versem ben bunları elle yapsam elle yaptığım hallerinin kodları daha okunabilir olur kabul ediyorum ama daha çok buglı olur benim yaptığım versiyonu ve uzun vadede,14.4,Onur Tirpan
huwvvvYt06w,000118,data/iborotti/clips/huwvvvYt06w/000118/mouth.mp4,o az yazılmış kodun,2.52,Onur Tirpan
huwvvvYt06w,000119,data/iborotti/clips/huwvvvYt06w/000119/mouth.mp4,"gerçek hayatta, production'da bir faydasını göremezsin ve ben yapay zekadan daha",7.34,Onur Tirpan
huwvvvYt06w,000120,data/iborotti/clips/huwvvvYt06w/000120/mouth.mp4,iyi kod yazamıyorum.,2.82,Onur Tirpan
huwvvvYt06w,000121,data/iborotti/clips/huwvvvYt06w/000121/mouth.mp4,"Yani değişti o iş. Ben yapay zekanın yazıcı, ben 15 yılımı C -Sharp 'la geçirdim.",4.76,Onur Tirpan
huwvvvYt06w,000122,data/iborotti/clips/huwvvvYt06w/000122/mouth.mp4,Tamam C -Sharp 'la kod yazdım. Her platformuna kod yazdım C -Sharp 'la.,3.7,Onur Tirpan
huwvvvYt06w,000123,data/iborotti/clips/huwvvvYt06w/000123/mouth.mp4,"C -Sharp 'la mobil uygulama geliştirdim. Zomarin 'e girdim, çıktım.",3.5,Onur Tirpan
huwvvvYt06w,000125,data/iborotti/clips/huwvvvYt06w/000125/mouth.mp4,Blender değildi ya. Blazer çıktı ona girdim.,2.6,Onur Tirpan
huwvvvYt06w,000126,data/iborotti/clips/huwvvvYt06w/000126/mouth.mp4,API 'li yazdım. İşte ESPX zamanında UI 'ya girdim.,4.16,Onur Tirpan
huwvvvYt06w,000127,data/iborotti/clips/huwvvvYt06w/000127/mouth.mp4,Çıktım. Ben C -Sarp 'ın her türlüsünü yazdım. Ve ben bu kadar C -Sarp 'la zaman geçirmiş bir insan olmama rağmen,5.76,Onur Tirpan
huwvvvYt06w,000128,data/iborotti/clips/huwvvvYt06w/000128/mouth.mp4,yapayken daha iyi C -Sarp 'u yazamıyorum. Bunu ne kadar çabuk kabullenirsem bu senin için ne kadar hızlı bir şekilde problem olmaktan çıkıp,7.46,Onur Tirpan
huwvvvYt06w,000129,data/iborotti/clips/huwvvvYt06w/000129/mouth.mp4,okey normal bir duruma dönüşürse kendin o kadar iyilik yaparsın abi.,4.42,Onur Tirpan
huwvvvYt06w,000130,data/iborotti/clips/huwvvvYt06w/000130/mouth.mp4,Eski usulleri kilitlenip kalmamak için şundan daha doğru bir zaman seçemezsiniz kendinize.,6.38,Onur Tirpan
huwvvvYt06w,000131,data/iborotti/clips/huwvvvYt06w/000131/mouth.mp4,"Eski üsüllerden kastım, bildiğiniz her şeyin değişmesine kafanızı açmanız gerekiyor.",7.2,Onur Tirpan
huwvvvYt06w,000132,data/iborotti/clips/huwvvvYt06w/000132/mouth.mp4,Kalbinizi açmanız gerekiyor. Zihninizi açmanız gerekiyor.,3.0,Onur Tirpan
huwvvvYt06w,000133,data/iborotti/clips/huwvvvYt06w/000133/mouth.mp4,"Beynin vücudunuzun neresiyle bu işi yapmaya çalışıyorsanız,",3.08,Onur Tirpan
huwvvvYt06w,000134,data/iborotti/clips/huwvvvYt06w/000134/mouth.mp4,götünüzü açmaya çok kolay. Tabii onu açayım. Götünüzü yapıyorsanız açmanızı tavsiye etmiyorum ama şimdi ben götüyle kod yazılımcıda gördüğüm zamanında hani şimdi bana isimlerini söyletmeyin ama rencide etmiyorum arkadaşlarımıza ama götür ya da yazan gör demeyeceğim ama onun götürü açmasına gerek yok.,14.1,Onur Tirpan
huwvvvYt06w,000135,data/iborotti/clips/huwvvvYt06w/000135/mouth.mp4,Neyse ciddiyete dönüyorum. Değişime çok açık olmak zorundasın şu anda.,8.01,Onur Tirpan
huwvvvYt06w,000136,data/iborotti/clips/huwvvvYt06w/000136/mouth.mp4,Yani bu bildiklerini unut demek değil.,3.45,Onur Tirpan
huwvvvYt06w,000137,data/iborotti/clips/huwvvvYt06w/000137/mouth.mp4,"Senin öğrendiğin, edindiğin tecrübenin, yaptığın projelerin başarıya ulaşmasındaki etkisi çok büyük olacak.",5.84,Onur Tirpan
huwvvvYt06w,000138,data/iborotti/clips/huwvvvYt06w/000138/mouth.mp4,Ama umduğun şekilde değil.,3.28,Onur Tirpan
huwvvvYt06w,000139,data/iborotti/clips/huwvvvYt06w/000139/mouth.mp4,"Umduğun yolda değil. Sen bazen bir PR yaparken, bazen bir komit atarken ne bileyim bazen yaptığın şeyi test yaptırdığın mı desek artık bilmiyorum.",9.86,Onur Tirpan
huwvvvYt06w,000140,data/iborotti/clips/huwvvvYt06w/000140/mouth.mp4,Onu test isterken gözüne takılan haa yok bu uzun vadede şöyle bir risk olabilir deyip düzeltip edeceğin kritik şeyler olacak senin.,7.69,Onur Tirpan
huwvvvYt06w,000141,data/iborotti/clips/huwvvvYt06w/000141/mouth.mp4,Ne bileyim bir şeyin yapılmasını isterken onun nasıl yapılması gerektiğini aktardığın ve bu projenin düzgün şekillenmesini sağladığın çok şey oluyor.,8.22,Onur Tirpan
huwvvvYt06w,000142,data/iborotti/clips/huwvvvYt06w/000142/mouth.mp4,Çünkü yapay zekaya hala çok kısa yani,3.04,Onur Tirpan
huwvvvYt06w,000143,data/iborotti/clips/huwvvvYt06w/000143/mouth.mp4,rotasız bir istek girdiğin zaman yine coşup gidiyor saçmalayabiliyor yani.,6.26,Onur Tirpan
huwvvvYt06w,000144,data/iborotti/clips/huwvvvYt06w/000144/mouth.mp4,Hani böyle istediği kadar iyi olsun bu model. Ne kadar az bilgi verirsen ne kadar az direkşin verirsen o kadar kendi kafasına göre ilerliyor değil mi?,6.3,Onur Tirpan
huwvvvYt06w,000145,data/iborotti/clips/huwvvvYt06w/000145/mouth.mp4,Ama sen bir şey bir intentle ben bunun böyle olmasını istediğim için böyle yapılmasını istiyorum ve bunun arkasında da mantıklı zeki sebeplerin varsa sen yapay zekanın yapabileceği bütün hataları elimine ediyorsun.,11.2,Onur Tirpan
huwvvvYt06w,000146,data/iborotti/clips/huwvvvYt06w/000146/mouth.mp4,Ve o sen olmadan olmuyor. Şu anda yanıtlar.,2.5,Onur Tirpan
huwvvvYt06w,000147,data/iborotti/clips/huwvvvYt06w/000147/mouth.mp4,İleride değişebilir bilmiyorum. İleride değişse bile bunları opere edecek insanlara ihtiyaç olacak bir şekilde yani iş şuna geliyor.,9.52,Onur Tirpan
huwvvvYt06w,000148,data/iborotti/clips/huwvvvYt06w/000148/mouth.mp4,Yapay zekanın planladığı her ki diyor yani her mesela şöyle,5.85,Onur Tirpan
huwvvvYt06w,000149,data/iborotti/clips/huwvvvYt06w/000149/mouth.mp4,senaryolar var. Twitter'da görüyorsunuz illa ki.,2.76,Onur Tirpan
huwvvvYt06w,000150,data/iborotti/clips/huwvvvYt06w/000150/mouth.mp4,İşte yapay zeka bana fikir buldu. He yapay zeka fikri yaptı.,3.2,Onur Tirpan
huwvvvYt06w,000151,data/iborotti/clips/huwvvvYt06w/000151/mouth.mp4,He yapay zeka müşteri buldu. Eee yapay zeka maintain ediyor.,3.18,Onur Tirpan
huwvvvYt06w,000152,data/iborotti/clips/huwvvvYt06w/000152/mouth.mp4,Eee parayı da yapay zeka ya veriyorsun.,2.86,Onur Tirpan
huwvvvYt06w,000153,data/iborotti/clips/huwvvvYt06w/000153/mouth.mp4,Yani günün sonunda ben bu döngünün şu anda o kadar ejintik olabileceğini düşünmüyorum.,7.52,Onur Tirpan
huwvvvYt06w,000154,data/iborotti/clips/huwvvvYt06w/000154/mouth.mp4,En azından şu aşamada. Gelecekte zaten şu an söylediğim her şey bir noktada,6.88,Onur Tirpan
huwvvvYt06w,000155,data/iborotti/clips/huwvvvYt06w/000155/mouth.mp4,yanlış olacak zaten. Ne zaman yanlış olacağını bilmiyorum sadece.,3.2,Onur Tirpan
huwvvvYt06w,000156,data/iborotti/clips/huwvvvYt06w/000156/mouth.mp4,Belli bir zaman sonra buradaki tespitlerimizin hepsi zaman aşımına uğruyor zaten.,4.22,Onur Tirpan
huwvvvYt06w,000157,data/iborotti/clips/huwvvvYt06w/000157/mouth.mp4,Onu bilerek izleyelim. Hani bundan bir iki sene sonra bu videoyu izliyorsanız muhtemelen çok komik olabilir video yani.,5.02,Onur Tirpan
huwvvvYt06w,000158,data/iborotti/clips/huwvvvYt06w/000158/mouth.mp4,Hani tamamen insan kalmamış dünyada.,3.08,Onur Tirpan
huwvvvYt06w,000159,data/iborotti/clips/huwvvvYt06w/000159/mouth.mp4,Her şey robot olmuş böyle. Robotlar benim videoyu izledi.,2.78,Onur Tirpan
huwvvvYt06w,000160,data/iborotti/clips/huwvvvYt06w/000160/mouth.mp4,Geri zekalı ya bak ne diyor. Ama sektörün nasıl etkileneceğini düşündüğümü ben sizlerle samimi bir şekilde paylaşayım.,9.32,Onur Tirpan
huwvvvYt06w,000161,data/iborotti/clips/huwvvvYt06w/000161/mouth.mp4,Bu şekilde değişen bir görüş bu arada. Çünkü yani değil mi ya?,3.12,Onur Tirpan
huwvvvYt06w,000162,data/iborotti/clips/huwvvvYt06w/000162/mouth.mp4,Değişmeyen görüş yanlış görüştür. Değişmek zorunda.,3.52,Onur Tirpan
huwvvvYt06w,000163,data/iborotti/clips/huwvvvYt06w/000163/mouth.mp4,Prensiplerimizi değiştirmekten bahsmıyoruz. Öngörümüzü değiştirmekten bahsediyoruz.,3.84,Onur Tirpan
huwvvvYt06w,000164,data/iborotti/clips/huwvvvYt06w/000164/mouth.mp4,Şimdi eskisi gibi böyle eskiden bir proje yaparken 10 ila 32 'li ekipler olurdu.,7.18,Onur Tirpan
huwvvvYt06w,000165,data/iborotti/clips/huwvvvYt06w/000165/mouth.mp4,Tek bir ürünün üzerine çalışan. O zamanlar çok hızlı bir şekilde abi.,4.12,Onur Tirpan
huwvvvYt06w,000166,data/iborotti/clips/huwvvvYt06w/000166/mouth.mp4,Değişti. Değişmeye devam ediyor. Şu anda bir ürün bir yani Hani,8.31,Onur Tirpan
huwvvvYt06w,000167,data/iborotti/clips/huwvvvYt06w/000167/mouth.mp4,product engineer bak artık hani şey diyemiyoruz artık full stack engineer dediğimiz şeyin bir anlamı kalmadı.,5.86,Onur Tirpan
huwvvvYt06w,000168,data/iborotti/clips/huwvvvYt06w/000168/mouth.mp4,Backend engineer dediğimiz şeyin title 'ların bir anlamı kalmadı.,4.04,Onur Tirpan
huwvvvYt06w,000169,data/iborotti/clips/huwvvvYt06w/000169/mouth.mp4,Hani buna bazıları front deployed engineer diyor.,3.4,Onur Tirpan
huwvvvYt06w,000170,data/iborotti/clips/huwvvvYt06w/000170/mouth.mp4,Front deployed ne demekse sanki savaşa gidiyoruz. Nasıl satayım savaş meydana?,3.44,Onur Tirpan
huwvvvYt06w,000171,data/iborotti/clips/huwvvvYt06w/000171/mouth.mp4,Böyle diyen var. Product engineer diyen var.,3.1,Onur Tirpan
huwvvvYt06w,000172,data/iborotti/clips/huwvvvYt06w/000172/mouth.mp4,Benim en sevdiğim title 'lardan biri sanırım bu product engineer.,3.24,Onur Tirpan
huwvvvYt06w,000173,data/iborotti/clips/huwvvvYt06w/000173/mouth.mp4,Yani bir ürünün baştan sona geliştirilmesinden sorumlu mühendis engineer.,4.48,Onur Tirpan
huwvvvYt06w,000174,data/iborotti/clips/huwvvvYt06w/000174/mouth.mp4,Neyse artık kodmonkey tamam mı?,2.86,Onur Tirpan
huwvvvYt06w,000175,data/iborotti/clips/huwvvvYt06w/000175/mouth.mp4,Benim Twitter'da handle 'ım kodmonkey çünkü.,2.3,Onur Tirpan
huwvvvYt06w,000176,data/iborotti/clips/huwvvvYt06w/000176/mouth.mp4,Handle 'ım derken kendime yazdığım bayağı da kodmonkey olarak kendimi taratıyorum.,3.74,Onur Tirpan
huwvvvYt06w,000177,data/iborotti/clips/huwvvvYt06w/000177/mouth.mp4,Seviverim hoşuma gidiyor. Çocukluktan kalan bir anım.,2.26,Onur Tirpan
huwvvvYt06w,000178,data/iborotti/clips/huwvvvYt06w/000178/mouth.mp4,Eskisi gibi böyle 10 kişilik 20 kişilik ekiplerin çok kalacağını düşünmüyorum.,3.96,Onur Tirpan
huwvvvYt06w,000179,data/iborotti/clips/huwvvvYt06w/000179/mouth.mp4,Tabii ki böyle işletim sistemi falan yapıyorsam bu başka bir şey ama hani,2.78,Onur Tirpan
huwvvvYt06w,000180,data/iborotti/clips/huwvvvYt06w/000180/mouth.mp4,birçok kurumun birçok start -up 'ın ufak tefek internal tool 'ları var.,5.63,Onur Tirpan
huwvvvYt06w,000181,data/iborotti/clips/huwvvvYt06w/000181/mouth.mp4,Mesela ben bugüne kadar yazılım geliştirme süreçlerinde çalıştığım şirketlerin hemen hemen yarısında internal tool 'lar geliştirdim.,10.32,Onur Tirpan
huwvvvYt06w,000182,data/iborotti/clips/huwvvvYt06w/000182/mouth.mp4,"Internal tool ne demek abi? Şirketin kendi işini yaparken işini daha iyi yapması için, kararını daha iyi verebilmesi için, kendi verisini daha iyi analiz edebilmesi için, A için, B için, C için kendi kendine yazılım geliştirmesi.",13.88,Onur Tirpan
huwvvvYt06w,000183,data/iborotti/clips/huwvvvYt06w/000183/mouth.mp4,"Bunu müşterileri açmazlar, bunu gidip dışarıya yayınlamazlar.",3.26,Onur Tirpan
huwvvvYt06w,000184,data/iborotti/clips/huwvvvYt06w/000184/mouth.mp4,Kendi çalışanlarının kullandığı tool 'larlar bunlar genelde.,2.46,Onur Tirpan
huwvvvYt06w,000186,data/iborotti/clips/huwvvvYt06w/000186/mouth.mp4,Yaptığım tool 'ların yarısından çoğu böyleydi.,2.24,Onur Tirpan
huwvvvYt06w,000187,data/iborotti/clips/huwvvvYt06w/000187/mouth.mp4,Yani geliştirdiğimiz projelerin. Ya da en azından bir müştere gittiğin zaman iki tane müşteriyle customer facing uygulama yapıyorsan bir tane iki tane de böyle arkada bunları yapıyordun genelde ufak tefek.,9.32,Onur Tirpan
huwvvvYt06w,000188,data/iborotti/clips/huwvvvYt06w/000188/mouth.mp4,Yani orta ve ufak ölçekte.,2.56,Onur Tirpan
huwvvvYt06w,000189,data/iborotti/clips/huwvvvYt06w/000189/mouth.mp4,Ben en son işime 6 ay önce falan başladım sanırım şu andaki şirketimde.,5.33,Onur Tirpan
huwvvvYt06w,000190,data/iborotti/clips/huwvvvYt06w/000190/mouth.mp4,6 aydır buradayım. 8 tane falan yaptım 6 ayda.,5.11,Onur Tirpan
huwvvvYt06w,000191,data/iborotti/clips/huwvvvYt06w/000191/mouth.mp4,Bunlar gibi internal tool. Bu birkaç tane customer facing bir şeyimiz de var.,3.64,Onur Tirpan
huwvvvYt06w,000192,data/iborotti/clips/huwvvvYt06w/000192/mouth.mp4,Customer facing derken yine business to business bir konsept ama.,3.08,Onur Tirpan
huwvvvYt06w,000193,data/iborotti/clips/huwvvvYt06w/000193/mouth.mp4,Yani müşterinin eriştiği bazı şeylerimiz de var.,2.8,Onur Tirpan
huwvvvYt06w,000194,data/iborotti/clips/huwvvvYt06w/000194/mouth.mp4,Böyle 8 tane tool geliştirdik. Ve bunları bizim tek başıma yaptı.,3.36,Onur Tirpan
huwvvvYt06w,000195,data/iborotti/clips/huwvvvYt06w/000195/mouth.mp4,Ve benim gibi diğer yazılımcı arkadaşlar da bizim ekipte en az bu kadar ürün ya geliştirdiler ya da geliştirmekte olan ürünü tamamladılar.,8.55,Onur Tirpan
huwvvvYt06w,000196,data/iborotti/clips/huwvvvYt06w/000196/mouth.mp4,Ya da maintain etmeye devam ediyorlar. Şimdi eskiden dediğim gibi ne olurdu?,3.96,Onur Tirpan
huwvvvYt06w,000197,data/iborotti/clips/huwvvvYt06w/000197/mouth.mp4,Bu projenin bir tanesini 3 yazılımcı ile 3 ile 15 arasında bir insan olurdu bunların.,4.48,Onur Tirpan
huwvvvYt06w,000198,data/iborotti/clips/huwvvvYt06w/000198/mouth.mp4,bir tanesinde. Şimdi hepsinde bir tane var.,2.94,Onur Tirpan
huwvvvYt06w,000199,data/iborotti/clips/huwvvvYt06w/000199/mouth.mp4,Hatta yeri geliyor. İki tanesini aynı anda bir kişi yapıyor bunların.,3.28,Onur Tirpan
huwvvvYt06w,000200,data/iborotti/clips/huwvvvYt06w/000200/mouth.mp4,"Çünkü hani mesela öyle bir prompt giriyorsun ki bazen öyle bir süreç başlatıyorsun ki onun yazılması, kendi yaptığın testlerin geçmesi, onun user interface 'in test edilmesi 15 ila 45 dakika alabiliyor.",11.78,Onur Tirpan
huwvvvYt06w,000201,data/iborotti/clips/huwvvvYt06w/000201/mouth.mp4,Ya bu arada hani böyle oturmuyorsun gibi bir şeyler yapıyorsun yani.,4.34,Onur Tirpan
huwvvvYt06w,000202,data/iborotti/clips/huwvvvYt06w/000202/mouth.mp4,O yüzden ikinci proje aynı anda yapabiliyorsun. Burada birazcık mental yorgunluk oluşmaya başlıyor.,4.16,Onur Tirpan
huwvvvYt06w,000203,data/iborotti/clips/huwvvvYt06w/000203/mouth.mp4,Ama yapabiliyorsun. Şu anda en azından. Yani yaşla da alakalı.,3.24,Onur Tirpan
huwvvvYt06w,000204,data/iborotti/clips/huwvvvYt06w/000204/mouth.mp4,45 'inde bunu yapamayabilirim belki ama 35 'e itibariyle yapabiliyorum.,6.33,Onur Tirpan
huwvvvYt06w,000205,data/iborotti/clips/huwvvvYt06w/000205/mouth.mp4,Şimdi videoya nasıl başladık? Abi videoda dedik ki bilgimiz yazılım geliştirme sürecinin bitmesin.,5.14,Onur Tirpan
huwvvvYt06w,000206,data/iborotti/clips/huwvvvYt06w/000206/mouth.mp4,"Şimdi yazılım geliştirme süreci her an değişimde tool değişiyor, model değişiyor, harness değişiyor, yeni bir şey çıkıyor onu deniyorsun, başka bir şey çıkıyor onu deniyorsun,",9.5,Onur Tirpan
huwvvvYt06w,000207,data/iborotti/clips/huwvvvYt06w/000207/mouth.mp4,güvenlik açıkları çıkıyor onlarla uğraşıyorsun. Hızlı bir şekilde değişime ayak uydurabilmen gerekiyor.,5.38,Onur Tirpan
huwvvvYt06w,000208,data/iborotti/clips/huwvvvYt06w/000208/mouth.mp4,Ben zaten kendimi bildiğim bileli yazılım geliştirme söktüğü dediğin şey,4.34,Onur Tirpan
huwvvvYt06w,000209,data/iborotti/clips/huwvvvYt06w/000209/mouth.mp4,kendini 3 ila 4 yılda bir yenilemek zorunda kaldığım bir alandı zaten.,4.72,Onur Tirpan
huwvvvYt06w,000210,data/iborotti/clips/huwvvvYt06w/000210/mouth.mp4,Bu 3 -4 yılda 3 -4 aya indi.,2.28,Onur Tirpan
huwvvvYt06w,000211,data/iborotti/clips/huwvvvYt06w/000211/mouth.mp4,"Bu işi severek, gönül vererek, keyif alarak yapan insanlar için çok ciddi bir sorun değil bu.",5.68,Onur Tirpan
huwvvvYt06w,000212,data/iborotti/clips/huwvvvYt06w/000212/mouth.mp4,Zaten adamları evde de bıraktığın zaman bunu yapıyorlardı zaten.,3.1,Onur Tirpan
huwvvvYt06w,000213,data/iborotti/clips/huwvvvYt06w/000213/mouth.mp4,Ama iş nereye geldi abi? Bu işi sadece mesleki olarak yapmak istiydi.,4.7,Onur Tirpan
huwvvvYt06w,000214,data/iborotti/clips/huwvvvYt06w/000214/mouth.mp4,Ya ben bu işten para kazanmak istiyorum ve beni ellesini istemiyorum kimse kafasında olan insanlar.,4.42,Onur Tirpan
huwvvvYt06w,000215,data/iborotti/clips/huwvvvYt06w/000215/mouth.mp4,haliyle senin benim kadar keyif almıyorlar bu değişimin hızından.,4.64,Onur Tirpan
huwvvvYt06w,000216,data/iborotti/clips/huwvvvYt06w/000216/mouth.mp4,Birkaç böyle insanla muhatap oldum son bir yıl içerisinde.,4.46,Onur Tirpan
huwvvvYt06w,000217,data/iborotti/clips/huwvvvYt06w/000217/mouth.mp4,Onlarla muhatap olmak da zor. Öncelikle onu söyleyeyim çünkü değişime inanılmaz bir direnç gösteriyorlar.,4.98,Onur Tirpan
huwvvvYt06w,000218,data/iborotti/clips/huwvvvYt06w/000218/mouth.mp4,Çünkü hani o değişimin yaşanmasını istemiyorlar.,2.38,Onur Tirpan
huwvvvYt06w,000219,data/iborotti/clips/huwvvvYt06w/000219/mouth.mp4,Çünkü bir şeylerle yeniden öğrenmek zorunda kalmak istemiyorlar.,2.54,Onur Tirpan
huwvvvYt06w,000220,data/iborotti/clips/huwvvvYt06w/000220/mouth.mp4,Ama bunun dolayısıyla şimdi ben onlara ayak uydurmayacağım.,4.46,Onur Tirpan
huwvvvYt06w,000221,data/iborotti/clips/huwvvvYt06w/000221/mouth.mp4,"Yani ben onların canı sıkılıyor diye, onlar bunu öğrenmek istemiyor diye Ben ne yaptığım projelerin saçma sapan eski usüllerde yapılmasını istiyorum.",9.08,Onur Tirpan
huwvvvYt06w,000222,data/iborotti/clips/huwvvvYt06w/000222/mouth.mp4,"Ne test aşamasının, ne güvenlik testi aşamasının.",4.09,Onur Tirpan
huwvvvYt06w,000223,data/iborotti/clips/huwvvvYt06w/000223/mouth.mp4,"Yani bir şey, ya ben bununla içinde güvenliği hissetmiyorum, bu çok hızlı, ben buna alışamadım.",4.78,Onur Tirpan
huwvvvYt06w,000224,data/iborotti/clips/huwvvvYt06w/000224/mouth.mp4,Bana ne? Değişmek zorundasın.,2.84,Onur Tirpan
huwvvvYt06w,000225,data/iborotti/clips/huwvvvYt06w/000225/mouth.mp4,Bak bu anlattığım insan gibiysen acilen kafayı değiştirmen lazım.,2.9,Onur Tirpan
huwvvvYt06w,000226,data/iborotti/clips/huwvvvYt06w/000226/mouth.mp4,"Ben sana dost tavsiyesi veriyorum burada. Bana abi mi diyorsun, dostum mu dersin, kardeşim mi dersin,",5.68,Onur Tirpan
huwvvvYt06w,000227,data/iborotti/clips/huwvvvYt06w/000227/mouth.mp4,"torunum mu dersin, artık hangi yaş evresindeysen. gözlerimin içine bak ve beni ne olur dinle.",5.16,Onur Tirpan
huwvvvYt06w,000228,data/iborotti/clips/huwvvvYt06w/000228/mouth.mp4,"Değişime direnen kafa yapısında bir insansan ve anlattığın ama o çok hızlı ilerliyor, böyle olmamalı bunları yapıyorsan hızlı bir şekilde bu alandan çıkman lazım çünkü geride kalacaksın.",10.68,Onur Tirpan
huwvvvYt06w,000229,data/iborotti/clips/huwvvvYt06w/000229/mouth.mp4,Değişime direnemezsin. Değişime direndiğin zaman kendine gol atarsın.,4.32,Onur Tirpan
huwvvvYt06w,000230,data/iborotti/clips/huwvvvYt06w/000230/mouth.mp4,Değişimin bugüne kadar durdurulabildiği insanlık tarihinde hiç bir kez dahi görülebilmiş bir şey değil.,5.88,Onur Tirpan
huwvvvYt06w,000231,data/iborotti/clips/huwvvvYt06w/000231/mouth.mp4,Geciktirilebildiğine dahi şahit olmamışız doğru düşünün değişimin.,3.0,Onur Tirpan
huwvvvYt06w,000232,data/iborotti/clips/huwvvvYt06w/000232/mouth.mp4,O yüzden hani insanlığın bügüntüde kadarki hani 50 bin yıllık tarihine bakarsak hiç,6.46,Onur Tirpan
huwvvvYt06w,000233,data/iborotti/clips/huwvvvYt06w/000233/mouth.mp4,başarılamamış bir şeyi tek başına başarmaya çalışma güzel kardeşim.,3.22,Onur Tirpan
huwvvvYt06w,000234,data/iborotti/clips/huwvvvYt06w/000234/mouth.mp4,Ben buna direneceğim. Direnme. Yani devam et hayatına.,4.57,Onur Tirpan
huwvvvYt06w,000235,data/iborotti/clips/huwvvvYt06w/000235/mouth.mp4,Öğren. Adapte ol. Üretime devam et.,2.88,Onur Tirpan
huwvvvYt06w,000236,data/iborotti/clips/huwvvvYt06w/000236/mouth.mp4,Yapmaya devam et. Heyecanı bu. Sana ihtiyacın olan şey heyecan biraz.,3.5,Onur Tirpan
huwvvvYt06w,000237,data/iborotti/clips/huwvvvYt06w/000237/mouth.mp4,Deneme heyecanı. Bir şeyleri kurcalama heyecanı.,2.86,Onur Tirpan
huwvvvYt06w,000238,data/iborotti/clips/huwvvvYt06w/000238/mouth.mp4,Belki zaman lazım. Sıkıntı ne biliyor musun? Milletin çocuğu var.,3.16,Onur Tirpan
huwvvvYt06w,000239,data/iborotti/clips/huwvvvYt06w/000239/mouth.mp4,İlişkisi var. arkada şortlum var maintain etmesi gereken arada bir görüşmesi gerektiği şimdi bu kadar sosyal hayatın içerisinde adam zaten sabah yedi işe gidiyor sekizde akşam beş buçuk altıda işten çıkıp evine gidiyorlar falan insanlar haliyle bir de şimdi şey geliyor,16.24,Onur Tirpan
huwvvvYt06w,000240,data/iborotti/clips/huwvvvYt06w/000240/mouth.mp4,değil mi sıçırtma ağzına bir de onunla mı uğraşacağım,3.06,Onur Tirpan
huwvvvYt06w,000241,data/iborotti/clips/huwvvvYt06w/000241/mouth.mp4,bana kızma ben çarılım yapay zekayı ama bunu yapmazsan er ya da geç bakın yazılımcılardan bahsetmiyorum sadece içinde teknoloji bulunan bütün sektörlerde yaşanacak bu.,13.24,Onur Tirpan
huwvvvYt06w,000242,data/iborotti/clips/huwvvvYt06w/000242/mouth.mp4,Şu an yaşanmıyorsa bile yaşanacak. Adapte olmak zorundasınız.,4.28,Onur Tirpan
huwvvvYt06w,000243,data/iborotti/clips/huwvvvYt06w/000243/mouth.mp4,Seçeneğiniz yok. Kendinize seçeneğiniz varmış gibi davranıp kendinize ihanet etmeyin yani.,5.56,Onur Tirpan
huwvvvYt06w,000245,data/iborotti/clips/huwvvvYt06w/000245/mouth.mp4,Şu anda hala zamanım var bunları öğrenmek için.,3.18,Onur Tirpan
huwvvvYt06w,000246,data/iborotti/clips/huwvvvYt06w/000246/mouth.mp4,"Hala o cundan tutmak için fırsatım var. Hala geride kalmadan bu ileride ihtiyaç olacak o mühendis, o product engineer o AI engineer adına ne koymak istiyorsam bunun artık.",12.66,Onur Tirpan
huwvvvYt06w,000247,data/iborotti/clips/huwvvvYt06w/000247/mouth.mp4,Hala o olabilme şansım varken treni şu anda yakalaman lazım.,3.68,Onur Tirpan
huwvvvYt06w,000248,data/iborotti/clips/huwvvvYt06w/000248/mouth.mp4,Şu an start -up yapmak için de güzel zaman niş bir alan bulmak için de orada bir ürün geliştirmek için.,6.09,Onur Tirpan
huwvvvYt06w,000249,data/iborotti/clips/huwvvvYt06w/000249/mouth.mp4,Güzel zaman çok spesifik bir iki müşteri bulup bunlara uzun süreler hizmet verebilmek için güzel zaman,5.96,Onur Tirpan
huwvvvYt06w,000250,data/iborotti/clips/huwvvvYt06w/000250/mouth.mp4,kendini iyi yetiştirip normalde eski usul yazılımcılık metotlarıyla,6.8,Onur Tirpan
huwvvvYt06w,000251,data/iborotti/clips/huwvvvYt06w/000251/mouth.mp4,"bulunamayacağın şirketlere yaklaşabilmek, bunlarla diyaloğa girmek burada belki kendine bir kariyer inşa edebilmek daha mümkün.",6.84,Onur Tirpan
huwvvvYt06w,000252,data/iborotti/clips/huwvvvYt06w/000252/mouth.mp4,Şu anda sen ne kadar becerikliysen bir insan olarak söyleyeyim.,4.2,Onur Tirpan
huwvvvYt06w,000253,data/iborotti/clips/huwvvvYt06w/000253/mouth.mp4,Yazılım geliştirme bilgisini unut.,2.3,Onur Tirpan
huwvvvYt06w,000254,data/iborotti/clips/huwvvvYt06w/000254/mouth.mp4,Hiç bunlardan artık bahsetmiyorum sana. Eskiden burada az da olsa hangi teknoloji nasıl kullanılmadı falan filan diye konuşurdu ya bunlar teknolojik alanlarında YouTube'da,8.83,Onur Tirpan
huwvvvYt06w,000255,data/iborotti/clips/huwvvvYt06w/000255/mouth.mp4,tamamen irrelevant olmuşlar en azından tecrübeli yazılımcılar için.,3.26,Onur Tirpan
huwvvvYt06w,000256,data/iborotti/clips/huwvvvYt06w/000256/mouth.mp4,Tabi ki az tecrübeli yazılımcıların biraz daha öğrenmesi en azından altındaki sebebi anlaması lazım ama iş şuna geliyor.,6.32,Onur Tirpan
huwvvvYt06w,000257,data/iborotti/clips/huwvvvYt06w/000257/mouth.mp4,Ben programlama öğrendiğim zamanlarda Böyle bir iki tane etrafımızdaki bugün geri dönüp baktığında saygı duymadığım insanlardan şunu ayrı bilgisayarın nasıl çalıştığını öğrenmeniz lazım.,11.4,Onur Tirpan
huwvvvYt06w,000258,data/iborotti/clips/huwvvvYt06w/000258/mouth.mp4,Ben bilgisayarın nasıl çalıştığını benden 20 yaş daha yaşlı mühendisler gibi bir türden öğrenmedim.,7.34,Onur Tirpan
huwvvvYt06w,000259,data/iborotti/clips/huwvvvYt06w/000259/mouth.mp4,Bunlar hani bilgisayarın birilerle sıfırlarla çalıştığı evrede var olmuş öyle yaşamış öyle gelişmiş biraz daha bunun altındaki konsepti daha iyi kavrayabilmiş insanlar ama bana şu söylenir de onları anlamadan hiçbir şey yapamazsın.,14.1,Onur Tirpan
huwvvvYt06w,000260,data/iborotti/clips/huwvvvYt06w/000260/mouth.mp4,Hiçbir zaman o derinlikte anlamadım.,2.4,Onur Tirpan
huwvvvYt06w,000261,data/iborotti/clips/huwvvvYt06w/000261/mouth.mp4,O derinlikte öğrenmeye çalışmadım. Dizinde muhtemelen öyle öğrenmenize gerek kalmayacak.,8.73,Onur Tirpan
huwvvvYt06w,000262,data/iborotti/clips/huwvvvYt06w/000262/mouth.mp4,Hatta çok muhtemel ihtimalle şimdi ben de insanlara şu anda diyorum ya öyle bir hani atıyorum dokunu öğrenmen lazım.,6.74,Onur Tirpan
huwvvvYt06w,000263,data/iborotti/clips/huwvvvYt06w/000263/mouth.mp4,Gitti niye olduğunu bilmem lazım. Niyelerini öğrenmeniz lazım diye bazen tavsiye veriyorum.,4.34,Onur Tirpan
huwvvvYt06w,000264,data/iborotti/clips/huwvvvYt06w/000264/mouth.mp4,Geçerli bir tavsiye. Bir şeyin niyesini öğrendiğin zaman karar verirken daha iyi karar verebiliyorsun ama iş şuna geliyor.,6.02,Onur Tirpan
huwvvvYt06w,000265,data/iborotti/clips/huwvvvYt06w/000265/mouth.mp4,Yapay zekayla o kadar doğru kararlar verebilirsin ki konsepti doğru anlatırsan.,4.34,Onur Tirpan
huwvvvYt06w,000266,data/iborotti/clips/huwvvvYt06w/000266/mouth.mp4,Sen zaten yapay zekadan daha iyi karar verememeye başlıyorsun.,2.94,Onur Tirpan
huwvvvYt06w,000267,data/iborotti/clips/huwvvvYt06w/000267/mouth.mp4,Ben bazen sistem dizayn ediyorum burada teorik olarak.,2.84,Onur Tirpan
huwvvvYt06w,000268,data/iborotti/clips/huwvvvYt06w/000268/mouth.mp4,Kafamdaki şeyi anlatıyorum. Çıkarttığı şey benim yapmak istediğim şeyle çok benzer olmaya başladım.,5.3,Onur Tirpan
huwvvvYt06w,000269,data/iborotti/clips/huwvvvYt06w/000269/mouth.mp4,Bunun bir sebebi benim istediğim şeyi daha iyi anlatabilmem.,3.0,Onur Tirpan
huwvvvYt06w,000270,data/iborotti/clips/huwvvvYt06w/000270/mouth.mp4,Yapay zekadan neyi beklediğimi öğrendiğim için.,2.82,Onur Tirpan
huwvvvYt06w,000271,data/iborotti/clips/huwvvvYt06w/000271/mouth.mp4,Ondan nasıl muhaddiyalı kuralacağımı öğrendiğim için.,3.06,Onur Tirpan
huwvvvYt06w,000272,data/iborotti/clips/huwvvvYt06w/000272/mouth.mp4,İlginç sebebi modeller de öğreniyorlar günün geçtikçe.,2.4,Onur Tirpan
huwvvvYt06w,000273,data/iborotti/clips/huwvvvYt06w/000273/mouth.mp4,Harnesslar daha iyi hale geliyorlar. Dolayısıyla belki sizlerin de benim öğrendiğim seviyeden başlayıp öğrenmeniz hiçbir zaman gerek olmayacak.,8.88,Onur Tirpan
huwvvvYt06w,000274,data/iborotti/clips/huwvvvYt06w/000274/mouth.mp4,"Belki benim öğrendiğim şeyleri hiçbir zaman öğrenmenize gerek kalmadan en az benim kadar iyi, güzel proje, yazılım, ürün geliştirebileceksin.",10.37,Onur Tirpan
huwvvvYt06w,000275,data/iborotti/clips/huwvvvYt06w/000275/mouth.mp4,"Çok muhtemel ihtimalle, çok yakın zamanda. Hatta belki bugün bile yapabiliyor, olabilirsin bunu.",4.82,Onur Tirpan
huwvvvYt06w,000276,data/iborotti/clips/huwvvvYt06w/000276/mouth.mp4,"Burada benim bu kanalda anlattığım, mayı sevdiğim şeyler yap şunlar.",2.76,Onur Tirpan
huwvvvYt06w,000277,data/iborotti/clips/huwvvvYt06w/000277/mouth.mp4,Benim aklımdan ne geçiyor? Ben şu anda 18,4.44,Onur Tirpan
huwvvvYt06w,000278,data/iborotti/clips/huwvvvYt06w/000278/mouth.mp4,yaşındaki halime ne örnek vermek isterdim?,2.56,Onur Tirpan
huwvvvYt06w,000279,data/iborotti/clips/huwvvvYt06w/000279/mouth.mp4,Şu anda ben sizin yaşınızda olsaydım bana birinin ne anlatmasını isterdim?,6.79,Onur Tirpan
huwvvvYt06w,000280,data/iborotti/clips/huwvvvYt06w/000280/mouth.mp4,Ben hep bu çerçevede düşünüp konuşmaya çalışıyorum.,3.28,Onur Tirpan
huwvvvYt06w,000281,data/iborotti/clips/huwvvvYt06w/000281/mouth.mp4,"Mentorship dediğimiz şey yani birine rehberlik yapmak, birine yol göstermek kariyer anlamında özellikle artık çift taraflı.",9.19,Onur Tirpan
huwvvvYt06w,000282,data/iborotti/clips/huwvvvYt06w/000282/mouth.mp4,Eskiden böyle yani bu sektörde 20 yılını harcamış birisi yine böyle.,4.38,Onur Tirpan
huwvvvYt06w,000283,data/iborotti/clips/huwvvvYt06w/000283/mouth.mp4,10 dakika muhabbet ettiğin zaman aydınlanıyordun mesela.,2.36,Onur Tirpan
huwvvvYt06w,000284,data/iborotti/clips/huwvvvYt06w/000284/mouth.mp4,"Ne bileyim 10 sene burada bilmem ne yapmış birisi böyle mentolik aldığın zaman 1 ay 2 ay, 3 ay, 6 ay çok şey öğreniyordun.",7.82,Onur Tirpan
huwvvvYt06w,000285,data/iborotti/clips/huwvvvYt06w/000285/mouth.mp4,Hala geçerli. Ama ben çok ciddi söylüyorum.,4.65,Onur Tirpan
huwvvvYt06w,000286,data/iborotti/clips/huwvvvYt06w/000286/mouth.mp4,"Benim YouTube 'a video çekmeye başlamam ve bu hayatımıza yapay zekanın girmesiyle beraber özellikle ben reverse mentorship anlamında yani gençlerin bana, daha az tecrübeli arkadaşlarım bana",12.12,Onur Tirpan
huwvvvYt06w,000287,data/iborotti/clips/huwvvvYt06w/000287/mouth.mp4,kattıkları azım sanamayacak sevgili.,2.26,Onur Tirpan
huwvvvYt06w,000288,data/iborotti/clips/huwvvvYt06w/000288/mouth.mp4,Bakın Discord'da arkadaşlarımız var. Güvenlikle ilgileniyorlar.,3.18,Onur Tirpan
huwvvvYt06w,000289,data/iborotti/clips/huwvvvYt06w/000289/mouth.mp4,Onlarla arada sırada muhabbet ediyoruz mesela. Onların sohbetlerini okuyorum bazen.,4.4,Onur Tirpan
huwvvvYt06w,000290,data/iborotti/clips/huwvvvYt06w/000290/mouth.mp4,Öğreniyorum. Bazen mesela bir arkadaşla konuşuyorsun.,7.52,Onur Tirpan
huwvvvYt06w,000291,data/iborotti/clips/huwvvvYt06w/000291/mouth.mp4,"Yaşıtın ya da daha genç birisiyle mesela. Bir tool 'u nasıl kullandığını söylüyor, anlatıyor.",4.86,Onur Tirpan
huwvvvYt06w,000292,data/iborotti/clips/huwvvvYt06w/000292/mouth.mp4,Diyorsun ki aa olan çok iyiymiş. E ben onlardan daha tecrübeliyim belki.,4.42,Onur Tirpan
huwvvvYt06w,000293,data/iborotti/clips/huwvvvYt06w/000293/mouth.mp4,Ben onlardan daha çok yapmışım bunu. Çok çok daha daha daha her şeyde ben belki daha kısımındayım.,6.15,Onur Tirpan
huwvvvYt06w,000294,data/iborotti/clips/huwvvvYt06w/000294/mouth.mp4,Ama adamdan bir şey öğrenebiliyorsun ve bu çok daha sık olmaya başladı.,3.2,Onur Tirpan
huwvvvYt06w,000295,data/iborotti/clips/huwvvvYt06w/000295/mouth.mp4,Eskiden bu kadar yoğun değildi bu. Eskiden senden daha azıcı birbirinden bir şey öğrenebilme ihtimalin yani on binde birdi.,7.31,Onur Tirpan
huwvvvYt06w,000296,data/iborotti/clips/huwvvvYt06w/000296/mouth.mp4,Şimdi yirmide bire düştü anladın? Yani konuştun yirmi gençten bir tanesi sana bir şey katıyor.,4.74,Onur Tirpan
huwvvvYt06w,000297,data/iborotti/clips/huwvvvYt06w/000297/mouth.mp4,Eskiden on binde bir iki tanesi katabiliyordu sana bir şey.,2.78,Onur Tirpan
huwvvvYt06w,000298,data/iborotti/clips/huwvvvYt06w/000298/mouth.mp4,Değişti iş. Dolayısıyla benim YouTube'da olmamın da bana sizin muhtemelen fark edemediğiniz çok fazla etkisi oldu.,7.48,Onur Tirpan
huwvvvYt06w,000299,data/iborotti/clips/huwvvvYt06w/000299/mouth.mp4,"YouTube 'a video çekmemden dolayı LinkedIn'den bana fikrini anlatan arkadaşlardan öğrendiklerim, startup olan arkadaşların öğrendiklerim destek olduğum birkaç tane start -up oldu böyle.",10.1,Onur Tirpan
huwvvvYt06w,000300,data/iborotti/clips/huwvvvYt06w/000300/mouth.mp4,Biz bu işi yapıyoruz. Bize hani şu konsepte birazcık hani dışarıdan destek olabilir misin kısmında destek olduğum insanlardan öğrendiğim şeyler oldu.,8.82,Onur Tirpan
huwvvvYt06w,000301,data/iborotti/clips/huwvvvYt06w/000301/mouth.mp4,Ben de onlardan öğreniyorum. Onlar da benden öğreniyorlar.,2.44,Onur Tirpan
huwvvvYt06w,000302,data/iborotti/clips/huwvvvYt06w/000302/mouth.mp4,Dolayısıyla çok iki yönlü bir şey bu. Hiçbir zaman tek yönlü olmamıştı ama hiç bu kadar da çift yönlü olduğunu hatırlamıyorum ben hayatımın hiçbir evresinde.,9.76,Onur Tirpan
huwvvvYt06w,000303,data/iborotti/clips/huwvvvYt06w/000303/mouth.mp4,Hani bir yazılım geliştirme sektöründe bulunan birisi olarak kendilerinden iki yaş genç arkadaşlardan bile genelde fersah fersah daha ki bilgin olurdu.,9.97,Onur Tirpan
huwvvvYt06w,000304,data/iborotti/clips/huwvvvYt06w/000304/mouth.mp4,Şimdi kafayı kırıp bu işe kendini gömmüş birisi bir yılda eski usul yazılımcıların 10 yılda öğrendiği şeye hakim olabiliyor konseptlere.,10.08,Onur Tirpan
huwvvvYt06w,000305,data/iborotti/clips/huwvvvYt06w/000305/mouth.mp4,Bunun negatif yanlarını da görüyorum. Çünkü şunu görüyorsun bazen.,3.78,Onur Tirpan
huwvvvYt06w,000306,data/iborotti/clips/huwvvvYt06w/000306/mouth.mp4,Yapay zekadan bir şey duyduğu zaman bunu ölümüne tapan insanlar görüyorum.,4.16,Onur Tirpan
huwvvvYt06w,000307,data/iborotti/clips/huwvvvYt06w/000307/mouth.mp4,E bu da yanlış ama onlar da deneye yanında öğrenecekler herhalde.,3.28,Onur Tirpan
huwvvvYt06w,000308,data/iborotti/clips/huwvvvYt06w/000308/mouth.mp4,Çünkü başka bir yolu yok çünkü bunun. Ama hani hayatı boyunca eski usullerde yazılımı geliştirmemiş.,5.86,Onur Tirpan
huwvvvYt06w,000309,data/iborotti/clips/huwvvvYt06w/000309/mouth.mp4,"yeni usullere yeni girişen ve kendi fikirlerine tapan,",5.71,Onur Tirpan
huwvvvYt06w,000310,data/iborotti/clips/huwvvvYt06w/000310/mouth.mp4,chat gbt ile cloud ile olan sohbetlerine,3.14,Onur Tirpan
huwvvvYt06w,000311,data/iborotti/clips/huwvvvYt06w/000311/mouth.mp4,"bir fact book gibi inanan, alternatif senaryoların tamamen yanlış olduğuna inanan bazı insanlara bunları yapacak bir şey yok.",7.2,Onur Tirpan
huwvvvYt06w,000312,data/iborotti/clips/huwvvvYt06w/000312/mouth.mp4,Bunlar hep vardı yine bağlamaya devam edecekler. Umarımız vazgeçerler bu durumdan ama var yani.,5.52,Onur Tirpan
huwvvvYt06w,000313,data/iborotti/clips/huwvvvYt06w/000313/mouth.mp4,Neyse dediğim gibi. Amacımız fear mongering değil.,2.28,Onur Tirpan
huwvvvYt06w,000314,data/iborotti/clips/huwvvvYt06w/000314/mouth.mp4,Sizi korkutmak için korkacak bir şey yok. Korkacak bir şey varsa da korkmanın bir anlamı yok.,4.18,Onur Tirpan
huwvvvYt06w,000316,data/iborotti/clips/huwvvvYt06w/000316/mouth.mp4,Yol bulamıyor. Kapattık yollarını. Öyle.,3.65,Onur Tirpan
huwvvvYt06w,000317,data/iborotti/clips/huwvvvYt06w/000317/mouth.mp4,Amacımı sohbet etmek zaten. Sık sık görüşlerimi paylaşmaya çalışıyorum ki bir hem bu bilgileri içselleştirmeme faydası oluyor.,11.58,Onur Tirpan
huwvvvYt06w,000318,data/iborotti/clips/huwvvvYt06w/000318/mouth.mp4,Kabulleniş sürecinde self reflection böyle hani kendine kendi kendine ikna etme süreci birazcık aslında bu benim yaptığım videolar.,8.12,Onur Tirpan
huwvvvYt06w,000319,data/iborotti/clips/huwvvvYt06w/000319/mouth.mp4,Yani ben kendi videolarımdan bazen bir şeyler öğreniyorum.,3.94,Onur Tirpan
huwvvvYt06w,000320,data/iborotti/clips/huwvvvYt06w/000320/mouth.mp4,Çok komik. Biliyorum çok saçma geliyor olabilir size ama.,2.54,Onur Tirpan
huwvvvYt06w,000321,data/iborotti/clips/huwvvvYt06w/000321/mouth.mp4,Bazen bir videoyu çekerken video bittikten sonra daha aydınlanmış bir insan olarak ayarlıyorum videoları.,5.66,Onur Tirpan
huwvvvYt06w,000322,data/iborotti/clips/huwvvvYt06w/000322/mouth.mp4,Çok saçma. Ama size her zaman samimi olmaya çalışmak gibi böyle içimde böyle bir,7.11,Onur Tirpan
huwvvvYt06w,000323,data/iborotti/clips/huwvvvYt06w/000323/mouth.mp4,nasıl diyeyim. Bir kural değil bu ama sadakatle yaklaşmaya çalıştığım şey.,5.58,Onur Tirpan
huwvvvYt06w,000324,data/iborotti/clips/huwvvvYt06w/000324/mouth.mp4,Karşındaki insanlar tanımadığım insanlar dürüst olmak ve bu dürüstlük benim kendime dürüst olmam ve kendimi de geliştirmen ve kendime kendi eksiklerimi görmem da bana faydası oluyor.,9.4,Onur Tirpan
huwvvvYt06w,000325,data/iborotti/clips/huwvvvYt06w/000325/mouth.mp4,Çok saçma. Böyle bir şey olmamak lazım belki ama oluyor.,3.06,Onur Tirpan
huwvvvYt06w,000326,data/iborotti/clips/huwvvvYt06w/000326/mouth.mp4,Yapacak bir şey yok. Neyse. Efendim yorumlardan devam edebiliriz.,4.85,Onur Tirpan
huwvvvYt06w,000327,data/iborotti/clips/huwvvvYt06w/000327/mouth.mp4,Videoları ufak tefek kısa tutmaya çalışacağım.,2.4,Onur Tirpan
huwvvvYt06w,000328,data/iborotti/clips/huwvvvYt06w/000328/mouth.mp4,Çünkü çekilmiyor abi. Gerçekten bazen çekilmiyor.,3.24,Onur Tirpan
huwvvvYt06w,000329,data/iborotti/clips/huwvvvYt06w/000329/mouth.mp4,3 saatlik video çekiyorsun. Bazen ben kendim onların test izlemesini bile yapamıyorum bazen yani.,6.15,Onur Tirpan
huwvvvYt06w,000330,data/iborotti/clips/huwvvvYt06w/000330/mouth.mp4,Öyle. Ayrıca buradan da,4.5,Onur Tirpan
huwvvvYt06w,000331,data/iborotti/clips/huwvvvYt06w/000331/mouth.mp4,ben size bir şeyler anlatırken şu,3.04,Onur Tirpan
huwvvvYt06w,000332,data/iborotti/clips/huwvvvYt06w/000332/mouth.mp4,oluyor olabilir. Aa çok mantıklı ve ben buna katılmıyorum.,6.48,Onur Tirpan
huwvvvYt06w,000333,data/iborotti/clips/huwvvvYt06w/000333/mouth.mp4,Katıldığınız zamanlarda kritik yaparak yani filtreden geçirerek bu adam haklı mı acaba gerçekten değil sorgulamanızı öneriyorum.,8.48,Onur Tirpan
huwvvvYt06w,000334,data/iborotti/clips/huwvvvYt06w/000334/mouth.mp4,Ben ve herkes YouTube'da denk geldiğiniz herkesten bilgi almaya çalıştığınız tecrübe edinmeye çalıştığınız herkesi sorgulamanız lazım.,7.14,Onur Tirpan
huwvvvYt06w,000335,data/iborotti/clips/huwvvvYt06w/000335/mouth.mp4,Ve yorumlarda fikirlerimi önerilerimi,4.61,Onur Tirpan
huwvvvYt06w,000336,data/iborotti/clips/huwvvvYt06w/000336/mouth.mp4,eleştirebilirsiniz. Çünkü bu iki yönlü rehberliğin ana şeyi bu zaten.,4.88,Onur Tirpan
huwvvvYt06w,000337,data/iborotti/clips/huwvvvYt06w/000337/mouth.mp4,Siz bana bir şey söylemezseniz benim sizin ne düşündüğünüz fikrim olmaz.,3.42,Onur Tirpan
huwvvvYt06w,000338,data/iborotti/clips/huwvvvYt06w/000338/mouth.mp4,Kendimde var olan bir eksi birileri bazen söylemeden öğrenemiyor olabilirsin.,6.12,Onur Tirpan
huwvvvYt06w,000339,data/iborotti/clips/huwvvvYt06w/000339/mouth.mp4,Dolayısıyla ben benimle farklı fikirlerde olmasına okey bir insanım.,5.28,Onur Tirpan
huwvvvYt06w,000340,data/iborotti/clips/huwvvvYt06w/000340/mouth.mp4,Okey olmaya çalışıyorum. Bu bitiren bir süreç değil.,3.94,Onur Tirpan
huwvvvYt06w,000341,data/iborotti/clips/huwvvvYt06w/000341/mouth.mp4,"Bu kendini hep geliştirmen gereken bir şey yani. Çünkü hani bir insan karşıdan kritik feedback almak, hani kritize edilmek, eleştirilmek, eleştiriye düzgün cevap verebilmek, o eleştirdeki bilgiyi alıp onun üzerine aksiyon alınmak zor ve bir kerede öğrenilip",15.8,Onur Tirpan
huwvvvYt06w,000342,data/iborotti/clips/huwvvvYt06w/000342/mouth.mp4,hep uygulanabilen bir şey değil. Bu bir süreç yani ölene kadar devam eden bir süreç bu.,3.66,Onur Tirpan
huwvvvYt06w,000343,data/iborotti/clips/huwvvvYt06w/000343/mouth.mp4,Dolayısıyla karşılıklı olsun istiyorsanız bu öğrenme fikrinizi gerekirse uzun uzun gerekirse yani iPhone 'lardaki Android 'lerdeki sesten yazıya dönüşmeyi kullanarak anlatın fikrinizi abi.,13.45,Onur Tirpan
huwvvvYt06w,000344,data/iborotti/clips/huwvvvYt06w/000344/mouth.mp4,Karşılıklı konuşarak böyle böyle hem hatalarınızı bulacağız hem birbirinizden bir şeyler öğreneceğiz.,4.68,Onur Tirpan
huwvvvYt06w,000345,data/iborotti/clips/huwvvvYt06w/000345/mouth.mp4,En güzel yoru bu. Diyorum ve kaçıyorum.,2.8,Onur Tirpan
huwvvvYt06w,000346,data/iborotti/clips/huwvvvYt06w/000346/mouth.mp4,Kendinize yapın. Sonraki videolarda görüşürüz.,3.1,Onur Tirpan
huwvvvYt06w,000347,data/iborotti/clips/huwvvvYt06w/000347/mouth.mp4,Yeniliklere direnmeyin. Kendinize kötülük yapmayın.,4.1,Onur Tirpan
huwvvvYt06w,000348,data/iborotti/clips/huwvvvYt06w/000348/mouth.mp4,Etrafınızda da sevdiğiniz insanlara aynı o,4.44,Onur Tirpan
huwvvvYt06w,000349,data/iborotti/clips/huwvvvYt06w/000349/mouth.mp4,guidance diyeyim o rehberlik siz yapmaya çalışın.,3.16,Onur Tirpan
huwvvvYt06w,000350,data/iborotti/clips/huwvvvYt06w/000350/mouth.mp4,"Böyle kendini yani orta yaş ve öncesinde bulunan ve bu teknolojiyi reddeden hala hayatına adapte etmemiş insanlar varsa hayatınızda etrafınızda sevdiğiniz, aile üyeleriniz, arkadaşlarınız dostlarınız.",13.29,Onur Tirpan
huwvvvYt06w,000351,data/iborotti/clips/huwvvvYt06w/000351/mouth.mp4,Benim tavsiyem ellerinden tutun.,2.32,Onur Tirpan
huwvvvYt06w,000352,data/iborotti/clips/huwvvvYt06w/000352/mouth.mp4,Çünkü Çünkü bu tool 'ları kullanmayı öğrenememiş birçok insanın ben gerçekten çok ciddi bir şekilde geride kalacağını düşünüyorum.,9.76,Onur Tirpan
huwvvvYt06w,000353,data/iborotti/clips/huwvvvYt06w/000353/mouth.mp4,Dolayısıyla hani nacizane ben size burada iyi,4.36,Onur Tirpan
huwvvvYt06w,000354,data/iborotti/clips/huwvvvYt06w/000354/mouth.mp4,niyetli bir şeyler anlatmaya çalışıyorum. Size gördüklerimi yansıtmaya çalışıyorum.,3.56,Onur Tirpan
huwvvvYt06w,000355,data/iborotti/clips/huwvvvYt06w/000355/mouth.mp4,Endüstriyeden yılların getirdiği tecrübeli bunları filtreten geçirip size aktarmaya çalışıyorum.,4.28,Onur Tirpan
huwvvvYt06w,000356,data/iborotti/clips/huwvvvYt06w/000356/mouth.mp4,Aynısını siz de etrafınızdaki insanları yapın.,2.84,Onur Tirpan
huwvvvYt06w,000357,data/iborotti/clips/huwvvvYt06w/000357/mouth.mp4,Hani o topluma olan borcunu böyle diyebilirsiniz gençler.,4.4,Onur Tirpan
huwvvvYt06w,000358,data/iborotti/clips/huwvvvYt06w/000358/mouth.mp4,Şey gibi oldu ya kamu spodu gibi oldu. Neyse gidiyorum ben.,4.99,Onur Tirpan
huwvvvYt06w,000359,data/iborotti/clips/huwvvvYt06w/000359/mouth.mp4,Görüşürüz sonra. Kendinize iyi bakın.,2.24,Onur Tirpan
rmbj5LqNKWs,000000,data/iborotti/clips/rmbj5LqNKWs/000000/mouth.mp4,Hepinize merhaba. Umarım hepiniz iyisinizdir.,2.52,Furkan Ozturk
rmbj5LqNKWs,000001,data/iborotti/clips/rmbj5LqNKWs/000001/mouth.mp4,Biliyorsunuz birazcık videoları ara vermek durumunda kaldım.,3.08,Furkan Ozturk
rmbj5LqNKWs,000002,data/iborotti/clips/rmbj5LqNKWs/000002/mouth.mp4,İşlerim ciddi derecede yoğun. Özellikle Kaltek'te başladıktan sonra bu kendi labımı kurma işlerim bayağıca vakit alıyor.,6.68,Furkan Ozturk
rmbj5LqNKWs,000003,data/iborotti/clips/rmbj5LqNKWs/000003/mouth.mp4,Ama bildiğiniz gibi videoları bırakmıyorum.,2.76,Furkan Ozturk
rmbj5LqNKWs,000004,data/iborotti/clips/rmbj5LqNKWs/000004/mouth.mp4,"Sadece ara veriyorum. Bazen ara uzun oluyor, bazen kısa oluyor.",3.2,Furkan Ozturk
rmbj5LqNKWs,000005,data/iborotti/clips/rmbj5LqNKWs/000005/mouth.mp4,Bu videomun konusu yapay zeka olacak.,2.44,Furkan Ozturk
rmbj5LqNKWs,000006,data/iborotti/clips/rmbj5LqNKWs/000006/mouth.mp4,"Yapay zekanın kullanımı özellikle, akademideki kullanımı üzerine olacak.",4.14,Furkan Ozturk
rmbj5LqNKWs,000007,data/iborotti/clips/rmbj5LqNKWs/000007/mouth.mp4,Bu bana çokça sorulan bir soruydu. Ancak ben birazcık ertelemeyi tercih ettim.,4.3,Furkan Ozturk
rmbj5LqNKWs,000008,data/iborotti/clips/rmbj5LqNKWs/000008/mouth.mp4,Çünkü henüz emin olmadığım noktalar vardı.,2.92,Furkan Ozturk
rmbj5LqNKWs,000009,data/iborotti/clips/rmbj5LqNKWs/000009/mouth.mp4,Bunu tabii ki akademisyenler de artık ciddi derecede tartışmaya başladı.,4.2,Furkan Ozturk
rmbj5LqNKWs,000010,data/iborotti/clips/rmbj5LqNKWs/000010/mouth.mp4,Biz Kaltek'te hatta bununla ilgili son birkaç fakülte toplantısını bu konuya ayırdık.,4.82,Furkan Ozturk
rmbj5LqNKWs,000011,data/iborotti/clips/rmbj5LqNKWs/000011/mouth.mp4,Özellikle yapay zeka kullanımının işte değerlendirmedeki etkileri ve biz bununla nasıl başa çıkacağız diye.,6.74,Furkan Ozturk
rmbj5LqNKWs,000012,data/iborotti/clips/rmbj5LqNKWs/000012/mouth.mp4,Onun için zannediyorum vakitli bir video olacak.,3.88,Furkan Ozturk
rmbj5LqNKWs,000013,data/iborotti/clips/rmbj5LqNKWs/000013/mouth.mp4,Şöyle ki yani yapay zeka bildiğimiz üzere çok önemli ve yıkıcı bir teknoloji.,4.6,Furkan Ozturk
rmbj5LqNKWs,000014,data/iborotti/clips/rmbj5LqNKWs/000014/mouth.mp4,Hem işte finansda hem günlük hayatımızda hem çeşitli teknolojilerde her şeyde çok önemli gelişmelere sebep olan bir devrim oldu bu.,11.14,Furkan Ozturk
rmbj5LqNKWs,000015,data/iborotti/clips/rmbj5LqNKWs/000015/mouth.mp4,Eğitimde de elbette birçok şeyi değiştiriyor.,2.42,Furkan Ozturk
rmbj5LqNKWs,000016,data/iborotti/clips/rmbj5LqNKWs/000016/mouth.mp4,Bilimsel problem çözmede de önemli olduğu açık.,2.54,Furkan Ozturk
rmbj5LqNKWs,000017,data/iborotti/clips/rmbj5LqNKWs/000017/mouth.mp4,Yani zaten 2024 senesinde biliyorsunuz iki tane Nobel yapay zeka ve bununla ilgili yapılan araştırmalara gitti.,8.44,Furkan Ozturk
rmbj5LqNKWs,000018,data/iborotti/clips/rmbj5LqNKWs/000018/mouth.mp4,Fizik Nobel 'i yapay zekanın temellerini oluşturan çalışmalara diyelim.,4.56,Furkan Ozturk
rmbj5LqNKWs,000019,data/iborotti/clips/rmbj5LqNKWs/000019/mouth.mp4,John Hopfield ve Jeffrey Hinton 'a gitti.,2.58,Furkan Ozturk
rmbj5LqNKWs,000020,data/iborotti/clips/rmbj5LqNKWs/000020/mouth.mp4,O aynı senenin Kimya Nobel 'inin bir bölümü de Dennis Hassabis ve John Jumper 'ın çalışması yine yapay zeka ile ilgili bir problem çözme metoduydu.,10.77,Furkan Ozturk
rmbj5LqNKWs,000021,data/iborotti/clips/rmbj5LqNKWs/000021/mouth.mp4,Bu proteinlerin nasıl katlandığını yapay zeka kullanarak çözdüler.,3.8,Furkan Ozturk
rmbj5LqNKWs,000022,data/iborotti/clips/rmbj5LqNKWs/000022/mouth.mp4,Yani bilimsel problem çözme dönemi olduğu çok açık bir şey.,3.2,Furkan Ozturk
rmbj5LqNKWs,000023,data/iborotti/clips/rmbj5LqNKWs/000023/mouth.mp4,Elbette akademik birçok şeyi etkiliyor.,2.7,Furkan Ozturk
rmbj5LqNKWs,000024,data/iborotti/clips/rmbj5LqNKWs/000024/mouth.mp4,Onun için önemli bir konu olduğunu düşünüyorum.,2.56,Furkan Ozturk
rmbj5LqNKWs,000025,data/iborotti/clips/rmbj5LqNKWs/000025/mouth.mp4,Yani aslında yapay zeka yeni bir teknoloji değil.,2.58,Furkan Ozturk
rmbj5LqNKWs,000026,data/iborotti/clips/rmbj5LqNKWs/000026/mouth.mp4,"Yani birkaç senenin teknolojisi değil, epeycedir etrafta olan bir şey ama özellikle ChatGPT 'nin yani bu büyük dil modelleri, LLM denilen şeylerin bunları kullanan konuşma botlarının ortaya çıkmasıyla birlikte bir iki sene önce zannediyorum hayatımıza ciddi bir",16.08,Furkan Ozturk
rmbj5LqNKWs,000027,data/iborotti/clips/rmbj5LqNKWs/000027/mouth.mp4,"şekilde giriş yaptı. Değilse örneğin Jim Simons meşhur finansçı, 80 'lerde henüz bu makine öğrenmesi ve yapay zekan dönüşü çeşitli sistemleri kullanarak finans işlerini yapmaya başlamıştı, yatırım yapmaya başlamıştı ve bununla da bunu kullanarak da çok ciddi paralar",16.18,Furkan Ozturk
rmbj5LqNKWs,000028,data/iborotti/clips/rmbj5LqNKWs/000028/mouth.mp4,kazandı. Yine biliyorsunuz 90 'lı yıllarda bu IBM 'in Deep Blue bilgisayarı Kasparov 'la beraber kalmıştı.,7.52,Furkan Ozturk
rmbj5LqNKWs,000029,data/iborotti/clips/rmbj5LqNKWs/000029/mouth.mp4,"Bu teknolojiler aslında zaten ilerletiliyordu, inşa ediliyordu diyelim.",4.88,Furkan Ozturk
rmbj5LqNKWs,000030,data/iborotti/clips/rmbj5LqNKWs/000030/mouth.mp4,"Ancak LLM 'lerle, büyük dil modelleriyle birlikte tamamen hayatımıza girmiş oldular.",5.6,Furkan Ozturk
rmbj5LqNKWs,000031,data/iborotti/clips/rmbj5LqNKWs/000031/mouth.mp4,Bir anlamda biz bunların ne kadar geliştiğinin farkına varmış olduk.,3.14,Furkan Ozturk
rmbj5LqNKWs,000032,data/iborotti/clips/rmbj5LqNKWs/000032/mouth.mp4,"Ben bu konunun uzmanı değilim. Yani bu sistemlerin nasıl çalıştığını, teknik detaylarının doğrusu bilmiyorum.",4.82,Furkan Ozturk
rmbj5LqNKWs,000033,data/iborotti/clips/rmbj5LqNKWs/000033/mouth.mp4,"Kabaca bir fikrim var. Büyük dil modelleri, LLM 'ler aslında temel olarak olasılıksal sistemler.",5.76,Furkan Ozturk
rmbj5LqNKWs,000034,data/iborotti/clips/rmbj5LqNKWs/000034/mouth.mp4,Bir veri havuzunuz var. Bu veri havuzunuzda bunu eğitiyorsunuz.,4.72,Furkan Ozturk
rmbj5LqNKWs,000035,data/iborotti/clips/rmbj5LqNKWs/000035/mouth.mp4,Ve bu eğitim neticesinde siz ona bir soru sorduğunuzda en yüksek ihtimalle cevabı veriyor size.,5.32,Furkan Ozturk
rmbj5LqNKWs,000036,data/iborotti/clips/rmbj5LqNKWs/000036/mouth.mp4,Yani yaptığı şey bu elbette verinin kalitesiyle sınırlı bir şey.,3.44,Furkan Ozturk
rmbj5LqNKWs,000037,data/iborotti/clips/rmbj5LqNKWs/000037/mouth.mp4,Ve verdiği şey de dediğim gibi ihtimal hesabına dayalı bir şey.,3.82,Furkan Ozturk
rmbj5LqNKWs,000038,data/iborotti/clips/rmbj5LqNKWs/000038/mouth.mp4,Yani aslında gerçeği bilen bir sistem değil bunlar.,2.96,Furkan Ozturk
rmbj5LqNKWs,000039,data/iborotti/clips/rmbj5LqNKWs/000039/mouth.mp4,Dolayısıyla hem verinin kaliteli olmadığı yerlerde çuvallıyorlar.,4.28,Furkan Ozturk
rmbj5LqNKWs,000040,data/iborotti/clips/rmbj5LqNKWs/000040/mouth.mp4,Hem de cevabını her zaman yüksek ihtimalle cevabının verilemeyeceği yerlerde çuvallıyorlar.,4.8,Furkan Ozturk
rmbj5LqNKWs,000041,data/iborotti/clips/rmbj5LqNKWs/000041/mouth.mp4,"Yani mesela meşhur bir şey vardı, yapay zekaya işte dolu şarap bardağı çizdirme problemi vardı ve bunu yapamıyor.",7.4,Furkan Ozturk
rmbj5LqNKWs,000042,data/iborotti/clips/rmbj5LqNKWs/000042/mouth.mp4,"Yani diyorsunuz ki bir şarap bardağını tam üzerine kadar dolu, sıvının üzerine kadar dolu olacağı şekilde bir resmini çiz ve bana göster diyorsunuz.",9.12,Furkan Ozturk
rmbj5LqNKWs,000043,data/iborotti/clips/rmbj5LqNKWs/000043/mouth.mp4,Yarım şarap bardağı gösteriyor. Diyorsunuz ki bak bu yarım şarap bardağı ben işte bunu tam üzerine kadar doldurmanı istiyorum vesaire diye uğraşmanıza rağmen bu kadar basit görünebilecek bir şey aslında yapamıyor.,11.44,Furkan Ozturk
rmbj5LqNKWs,000044,data/iborotti/clips/rmbj5LqNKWs/000044/mouth.mp4,Neden? Çünkü veri onunla sınırlı ve en yüksek ihtimali cevap ona denk geliyor.,4.4,Furkan Ozturk
rmbj5LqNKWs,000045,data/iborotti/clips/rmbj5LqNKWs/000045/mouth.mp4,Yani etrafta olan bütün şarap bardağı resimleri oraya kadar doldurulmuş ve tam dolu bir şarap bardağı resmi olmadığı için onu yapamıyor.,7.52,Furkan Ozturk
rmbj5LqNKWs,000046,data/iborotti/clips/rmbj5LqNKWs/000046/mouth.mp4,Su bardağı dediğinizde yapabiliyor çünkü onunla ilgili veri var.,3.38,Furkan Ozturk
rmbj5LqNKWs,000047,data/iborotti/clips/rmbj5LqNKWs/000047/mouth.mp4,"Bunu zannediyorum sonraki şeylerde, güncellemelerde çözdüler ama bir örnekti bu.",4.84,Furkan Ozturk
rmbj5LqNKWs,000048,data/iborotti/clips/rmbj5LqNKWs/000048/mouth.mp4,Mesela ben kendi konumda da chatbotların problemlerini görüyorum.,4.14,Furkan Ozturk
rmbj5LqNKWs,000049,data/iborotti/clips/rmbj5LqNKWs/000049/mouth.mp4,"Mesela diyorsunuz ki işte yaşam nerede başlamıştır? İnternette olan, var olan,",3.8,Furkan Ozturk
rmbj5LqNKWs,000050,data/iborotti/clips/rmbj5LqNKWs/000050/mouth.mp4,en yaygın görünen popüler bilgiden size bir şeyler veriyor.,3.24,Furkan Ozturk
rmbj5LqNKWs,000051,data/iborotti/clips/rmbj5LqNKWs/000051/mouth.mp4,"Yani çok böyle detaylı analiz, scholarship yapabilecek durumda değiller.",4.18,Furkan Ozturk
rmbj5LqNKWs,000052,data/iborotti/clips/rmbj5LqNKWs/000052/mouth.mp4,Yani her gereç gibi elbette ki sınırları var.,3.28,Furkan Ozturk
rmbj5LqNKWs,000053,data/iborotti/clips/rmbj5LqNKWs/000053/mouth.mp4,Ama çok çok önemli gereçler. Dil modelleri ve genel olarak yapay zeka ve önemli kolaylık sağlıyorlar.,5.74,Furkan Ozturk
rmbj5LqNKWs,000054,data/iborotti/clips/rmbj5LqNKWs/000054/mouth.mp4,Ve bunları bilmemiz ve bilinçli olarak da kullanabilmemiz lazım.,3.92,Furkan Ozturk
rmbj5LqNKWs,000055,data/iborotti/clips/rmbj5LqNKWs/000055/mouth.mp4,Bunlar internetteki veriyi analiz ettikleri için en nihayetinde insanların ürettikleri bilgiyi size çekip sunuyorlar.,7.38,Furkan Ozturk
rmbj5LqNKWs,000056,data/iborotti/clips/rmbj5LqNKWs/000056/mouth.mp4,"Yani diyelim ki işte New York Times gibi gazetelerde çıkan yazılar, Wikipedia'da insanların doldurduğu işte maddeler diyelim onların aslında bir kaynağı oluyor.",9.14,Furkan Ozturk
rmbj5LqNKWs,000057,data/iborotti/clips/rmbj5LqNKWs/000057/mouth.mp4,Bu biri bittiği zaman da artık yeni bir şey üretememeye başlayabilirler.,3.7,Furkan Ozturk
rmbj5LqNKWs,000058,data/iborotti/clips/rmbj5LqNKWs/000058/mouth.mp4,Elbette insanlar bunun üzerine çalışıyorlar. Daha genel zeka modelleri de önümüzdeki yıllarda ortaya çıkabilir.,5.12,Furkan Ozturk
rmbj5LqNKWs,000059,data/iborotti/clips/rmbj5LqNKWs/000059/mouth.mp4,Muhtemelen zaten bildiğiniz şeyleri size tekrar söylemek istedim.,3.86,Furkan Ozturk
rmbj5LqNKWs,000060,data/iborotti/clips/rmbj5LqNKWs/000060/mouth.mp4,"Hani eğitim, öğrenim konusunda yapay zekanın öneminden bahsetmeden önce ve kendimin bu teknolojiyi nasıl kullandığından bahsetmeden önce şeyi söylemek isterim.",9.84,Furkan Ozturk
rmbj5LqNKWs,000061,data/iborotti/clips/rmbj5LqNKWs/000061/mouth.mp4,Yani ben tam eğitimi bitirdiğimde bu teknoloji hayatımıza girdi.,4.02,Furkan Ozturk
rmbj5LqNKWs,000062,data/iborotti/clips/rmbj5LqNKWs/000062/mouth.mp4,Bundan dolayı da baya mutluyum yani yapay zeka hayatımıza girmeden eğitimi tamamlamış oldum.,5.46,Furkan Ozturk
rmbj5LqNKWs,000063,data/iborotti/clips/rmbj5LqNKWs/000063/mouth.mp4,Tam ben doktora tezimi yazarken ortaya çıktı bu sistemler.,2.8,Furkan Ozturk
rmbj5LqNKWs,000064,data/iborotti/clips/rmbj5LqNKWs/000064/mouth.mp4,Ben de hemen kullanmaya başlamamıştım zaten. Ancak sonrasında ciddi derecede popüler oldular ve kullanımları da yaygınlaştı.,6.3,Furkan Ozturk
rmbj5LqNKWs,000065,data/iborotti/clips/rmbj5LqNKWs/000065/mouth.mp4,"Sonrasında ben onları kullanmaya başladım. Elbette hani bundan mutlu olmamın sebebi de şu, yani ben işte lise çağındayken, üniversite çağındayken, doktoramı yaparken daha klasik öğrenim araçlarını kullandım ve bir anlamda hani tabiri caizse burnum sürtülerek bazı şeyleri yaptım.",15.36,Furkan Ozturk
rmbj5LqNKWs,000066,data/iborotti/clips/rmbj5LqNKWs/000066/mouth.mp4,Dolayısıyla kullandığım şeyin hani arka planını birazcık daha öğrenebilmiş oldum.,4.26,Furkan Ozturk
rmbj5LqNKWs,000067,data/iborotti/clips/rmbj5LqNKWs/000067/mouth.mp4,"Yani söz gelimi, işte bir kitaptan bir bilgiyi okuyup çalışmayı uzun süre yaptık.",5.3,Furkan Ozturk
rmbj5LqNKWs,000068,data/iborotti/clips/rmbj5LqNKWs/000068/mouth.mp4,"İşte bir kod yazarken o kodun içini, dışını, sintaksini, algoritmasını hep bilerek kendimiz sıfırdan yazdık.",6.86,Furkan Ozturk
rmbj5LqNKWs,000069,data/iborotti/clips/rmbj5LqNKWs/000069/mouth.mp4,"Dolayısıyla hatalı bir sistem gördüğümde yapay zekanı ürettiği, onun neden hatalı olduğunu görebiliyorum.",6.32,Furkan Ozturk
rmbj5LqNKWs,000070,data/iborotti/clips/rmbj5LqNKWs/000070/mouth.mp4,"Elbette şu an eğitimine başlayan, şu an lisansa başlayan insanlar aslında ciddi tehlike altında var bu açıdan.",5.88,Furkan Ozturk
rmbj5LqNKWs,000071,data/iborotti/clips/rmbj5LqNKWs/000071/mouth.mp4,Çünkü bu çok kolaylık sağlayan şeyler aynı zamanda sizi bazı şeyleri öğrenememenize de yol açabilir.,6.4,Furkan Ozturk
rmbj5LqNKWs,000072,data/iborotti/clips/rmbj5LqNKWs/000072/mouth.mp4,Dolayısıyla bu açılardan dikkatli olmak lazım.,3.16,Furkan Ozturk
rmbj5LqNKWs,000073,data/iborotti/clips/rmbj5LqNKWs/000073/mouth.mp4,"Yani bilim insanı olarak bilim üretirken kullandığımız sezgi, anlayış, kavrayış aslında bazı şeylerin üzerine acı çekerek uzun saatler neticesinde böyle yanlışı, doğruyu, deneye deneye, kalemle, kağıtla böyle",15.34,Furkan Ozturk
rmbj5LqNKWs,000074,data/iborotti/clips/rmbj5LqNKWs/000074/mouth.mp4,uğraşarak elde ettiğimiz kazanımlar.,3.28,Furkan Ozturk
rmbj5LqNKWs,000075,data/iborotti/clips/rmbj5LqNKWs/000075/mouth.mp4,"O kazanımlar olmazsa biz de bilimsel algı, sezgiyi geliştiremeyiz.",4.8,Furkan Ozturk
rmbj5LqNKWs,000076,data/iborotti/clips/rmbj5LqNKWs/000076/mouth.mp4,Bu olmazsa da yeni bir fikir üretmemiz çok zorlaşır.,3.32,Furkan Ozturk
rmbj5LqNKWs,000077,data/iborotti/clips/rmbj5LqNKWs/000077/mouth.mp4,Dolayısıyla bu konuda dikkatli olmak lazım. Eğer hiç bilmediğiniz bir şey yapay zekaya yaptırıyorsanız birazcık düşünün derim.,6.48,Furkan Ozturk
rmbj5LqNKWs,000078,data/iborotti/clips/rmbj5LqNKWs/000078/mouth.mp4,"Eğer bildiğiniz bir konuda yardım alıyorsanız, kaba iş yaptırıyorsanız diyeyim, bildiğiniz bir şey nasıl yapıldığınızı zaten anladığınız bir şeyi yaptırabilirsiniz.",8.88,Furkan Ozturk
rmbj5LqNKWs,000079,data/iborotti/clips/rmbj5LqNKWs/000079/mouth.mp4,Ama hiç bilmediğiniz bir konuda yapay zekaya bir şey yaptırmayın.,3.58,Furkan Ozturk
rmbj5LqNKWs,000080,data/iborotti/clips/rmbj5LqNKWs/000080/mouth.mp4,"Çünkü onun verdiği cevabın doğru olup olmadığını test edebilecek, sizde henüz bir arka plan oluşmamış demektir.",6.48,Furkan Ozturk
rmbj5LqNKWs,000081,data/iborotti/clips/rmbj5LqNKWs/000081/mouth.mp4,Ben yapay zekayı şu an kullanıyorum. Yani bu chat GPT çıktığı zaman onu kullanmaya başlamıştım.,5.16,Furkan Ozturk
rmbj5LqNKWs,000082,data/iborotti/clips/rmbj5LqNKWs/000082/mouth.mp4,Şimdi birazcık daha bu işte Google 'ın Gemini denilen robotunu kullanıyorum.,4.46,Furkan Ozturk
rmbj5LqNKWs,000083,data/iborotti/clips/rmbj5LqNKWs/000083/mouth.mp4,Caltech 'in çünkü onun premium şeyine erişimi var ücretsiz olarak.,4.6,Furkan Ozturk
rmbj5LqNKWs,000084,data/iborotti/clips/rmbj5LqNKWs/000084/mouth.mp4,Yakın zamanlarda Cloud denen bir sistem çiftli model.,3.4,Furkan Ozturk
rmbj5LqNKWs,000085,data/iborotti/clips/rmbj5LqNKWs/000085/mouth.mp4,Onun hiç doğrusu kullanmadım onun üzerinde çok bilgim yok ama Gemini'den gayet memnunum.,4.76,Furkan Ozturk
rmbj5LqNKWs,000086,data/iborotti/clips/rmbj5LqNKWs/000086/mouth.mp4,Ne için kullanıyorum? Öncelikle arama motor olarak kullanıyorum yani bir şey soruyorum.,4.68,Furkan Ozturk
rmbj5LqNKWs,000087,data/iborotti/clips/rmbj5LqNKWs/000087/mouth.mp4,Onun verdiği cevaplarında işte kaynaklarına dikkat ederek verdiği cevaplara bakıyorum yani.,5.34,Furkan Ozturk
rmbj5LqNKWs,000088,data/iborotti/clips/rmbj5LqNKWs/000088/mouth.mp4,Sonrasında dil düzeltmek için kullanıyorum.,2.3,Furkan Ozturk
rmbj5LqNKWs,000089,data/iborotti/clips/rmbj5LqNKWs/000089/mouth.mp4,"Yani bir metin yazdığım zaman eğer belli bir dil kullanımından emin değilsem veya birazcık daha cilalı bir şey istiyorsam hani yapay zekay diyorum ki benim böyle böyle bir metnim var bunu İngilizce dilini, Almanca dilini mesela hangi dilde yazdıysanız Türkçenin",15.54,Furkan Ozturk
rmbj5LqNKWs,000090,data/iborotti/clips/rmbj5LqNKWs/000090/mouth.mp4,imla ve yazım kurallarına göre gözden geçirip bana cümlelerimi ve işte ifadelerimi değiştirmeden bunun daha doğru ifade edilmiş noktalaması vesairesiyle haline verebilir misin gibi bir komut yazıyorum.,11.8,Furkan Ozturk
rmbj5LqNKWs,000091,data/iborotti/clips/rmbj5LqNKWs/000091/mouth.mp4,"Ve o komut bana düzeltilmiş hallerini işte imla hatası yaptıysam, noktalama hatası yaptıysam onları düzeltip bana geri veriyor.",6.98,Furkan Ozturk
rmbj5LqNKWs,000092,data/iborotti/clips/rmbj5LqNKWs/000092/mouth.mp4,Çeviri de yine kullanmak faydalı olabiliyor.,2.36,Furkan Ozturk
rmbj5LqNKWs,000093,data/iborotti/clips/rmbj5LqNKWs/000093/mouth.mp4,"Özellikle İngilizce, Almanca çevirilerde iyi çalışıyor.",2.52,Furkan Ozturk
rmbj5LqNKWs,000094,data/iborotti/clips/rmbj5LqNKWs/000094/mouth.mp4,"Türkçe, İngilizce de benim görebildiğim kadarıyla yani o eskiden bildiğimiz işte Google Translate 'in, Google çevirinin hatası yani şeyinin çok üzerinde çeviriler yapıyor.",9.04,Furkan Ozturk
rmbj5LqNKWs,000095,data/iborotti/clips/rmbj5LqNKWs/000095/mouth.mp4,Elbette yine de bir kere daha okumanız gerekiyor. Yani özellikle yayınlayacağınız bir şeyi kesinlikle yapay zekadan çıkan bir şey yayınlamamak lazım okumadan.,7.72,Furkan Ozturk
rmbj5LqNKWs,000096,data/iborotti/clips/rmbj5LqNKWs/000096/mouth.mp4,"Kod yazdırmak için kullanıyorum, onu söyleyeyim.",2.94,Furkan Ozturk
rmbj5LqNKWs,000097,data/iborotti/clips/rmbj5LqNKWs/000097/mouth.mp4,"Çünkü neden? Ben kod yazmayı biliyorum. Yani bir şeyin nasıl yazılacağını, bir algoritmanın nasıl geliştirileceğini, sintaksin neye benzettiğini gayet iyi biliyorum.",8.5,Furkan Ozturk
rmbj5LqNKWs,000098,data/iborotti/clips/rmbj5LqNKWs/000098/mouth.mp4,Çok uzun yıllardır kod yazıyorum. Şu an benim için kod yazmak eğlenceli bir aktivite değil.,4.48,Furkan Ozturk
rmbj5LqNKWs,000099,data/iborotti/clips/rmbj5LqNKWs/000099/mouth.mp4,"Yani özellikle algoritma geliştirmeyeceksem, bir şeyi, bir problem çözmeyeceksem koddan, yani ne bileyim, bir veri analizi, basit bir veri analizi yapılacaksa.",8.54,Furkan Ozturk
rmbj5LqNKWs,000100,data/iborotti/clips/rmbj5LqNKWs/000100/mouth.mp4,Bir dosyadan belli sayıları alıp onları belli işte istatistiksel analiz yapıp sonra onların grafiğini çizdireceksem yani bu tarz basit şeyleri kendim yapmak yerine yapay zekayı yaptırıyorum ve çok da iyi yapıyor.,11.98,Furkan Ozturk
rmbj5LqNKWs,000101,data/iborotti/clips/rmbj5LqNKWs/000101/mouth.mp4,Büyük ölçüde hatasız yapıyor bunları. Onun için kullanmak da benim açımdan bir sorun yok ama dediğim gibi kod yazmayı bilmiyorsanız yapay zekayı kod yazdırmayın.,8.04,Furkan Ozturk
rmbj5LqNKWs,000102,data/iborotti/clips/rmbj5LqNKWs/000102/mouth.mp4,Çünkü hata yaptığı zaman hatanın nereden geldiğini bile bilmeyeceksiniz.,4.06,Furkan Ozturk
rmbj5LqNKWs,000103,data/iborotti/clips/rmbj5LqNKWs/000103/mouth.mp4,Sintaksi yani okuduğunuz şeyi o gördüğünüz şeyi sizin içselleştirdiğiniz o dile çevirmeyi bilmiyorsunuz demektir.,6.12,Furkan Ozturk
rmbj5LqNKWs,000104,data/iborotti/clips/rmbj5LqNKWs/000104/mouth.mp4,Onun için onu yapmayın. Sintaks için elbette kullanmak yine yaygın bir şey.,4.0,Furkan Ozturk
rmbj5LqNKWs,000105,data/iborotti/clips/rmbj5LqNKWs/000105/mouth.mp4,"Bir dilden bir dile çevirirken, işte MATLAB'den Python 'a yine onları iyi yapıyor.",4.44,Furkan Ozturk
rmbj5LqNKWs,000106,data/iborotti/clips/rmbj5LqNKWs/000106/mouth.mp4,Dediğim gibi veri analiz işlerini çok iyi yapıyor. Bu kuru veriyi sizin için söylediğiniz metotlarla işlemeyi gayet iyi biliyor.,5.96,Furkan Ozturk
rmbj5LqNKWs,000107,data/iborotti/clips/rmbj5LqNKWs/000107/mouth.mp4,Ya kısacası orijinallik gerektirmeyen herhangi bir iş için ve bildiğiniz işler için kullanabilirsiniz.,4.76,Furkan Ozturk
rmbj5LqNKWs,000108,data/iborotti/clips/rmbj5LqNKWs/000108/mouth.mp4,Bir asistan gibi düşünün. Yani yapmak istemediğiniz ama nasıl yapılacağını bildiğiniz bir iş için kullanabilirsiniz.,6.06,Furkan Ozturk
rmbj5LqNKWs,000109,data/iborotti/clips/rmbj5LqNKWs/000109/mouth.mp4,Ne için kullanmıyorum peki? Bir de ondan bahsedeyim.,3.14,Furkan Ozturk
rmbj5LqNKWs,000110,data/iborotti/clips/rmbj5LqNKWs/000110/mouth.mp4,Bir metin yazdırmak için kullanmıyorum. Yani ben yazdığım metinde seçtiğim kelimelerin kendi kelimelerim olmasını istiyorum.,6.3,Furkan Ozturk
rmbj5LqNKWs,000111,data/iborotti/clips/rmbj5LqNKWs/000111/mouth.mp4,"Çünkü yazılan böyle her e -mail, bana gelen her e -mail şey olmaya başladı özellikle genç öğrencilerden.",5.78,Furkan Ozturk
rmbj5LqNKWs,000112,data/iborotti/clips/rmbj5LqNKWs/000112/mouth.mp4,"Yani böyle aynı fabrikadan çıkmış, çok bariz bir şekilde yapay zeka yazdırıldığı belli olan şeyler geliyor.",5.68,Furkan Ozturk
rmbj5LqNKWs,000113,data/iborotti/clips/rmbj5LqNKWs/000113/mouth.mp4,"Ve çok sıkıcı yani sizin ne düşündüğünüzü, sizin kullandığınız kelimeleri, sizin kelime seçimlerinizi merak ediyorum.",5.82,Furkan Ozturk
rmbj5LqNKWs,000114,data/iborotti/clips/rmbj5LqNKWs/000114/mouth.mp4,"Ben bir makale yazdığım zaman, ne bileyim, birine bir şey yazdığım zaman onun benim seçtiğim kelimelerle yazılmasını tercih ederim.",6.46,Furkan Ozturk
rmbj5LqNKWs,000115,data/iborotti/clips/rmbj5LqNKWs/000115/mouth.mp4,Dolayısıyla metin yazdırmak için kullanmayın derim.,2.68,Furkan Ozturk
rmbj5LqNKWs,000116,data/iborotti/clips/rmbj5LqNKWs/000116/mouth.mp4,O yaratıcı bir aktivite. Değerlendirme için de kullanmayın derim.,3.0,Furkan Ozturk
rmbj5LqNKWs,000117,data/iborotti/clips/rmbj5LqNKWs/000117/mouth.mp4,"Özellikle ne bileyim bir makalenin değerlendirmesini yapıyorsanız veyahut işte bir rapor, bir tez vesaire okuyorsanız yapay zeka orada satır aralarını kaçırabiliyor.",9.54,Furkan Ozturk
rmbj5LqNKWs,000118,data/iborotti/clips/rmbj5LqNKWs/000118/mouth.mp4,Ana fikri iyi buluyor genellikle. Hani özet iyi çıkarıyor ama o detaylarda hata yapıldıysa onun kaçırması çok olası.,7.42,Furkan Ozturk
rmbj5LqNKWs,000119,data/iborotti/clips/rmbj5LqNKWs/000119/mouth.mp4,Bunu da yaptırmayın derim. Araştırma problemi çözdürmek için kullanmıyorum.,3.8,Furkan Ozturk
rmbj5LqNKWs,000120,data/iborotti/clips/rmbj5LqNKWs/000120/mouth.mp4,Ben kullanmıyorum. Çünkü dediğim gibi nasıl çalıştığını çok iyi bilmediğim sistemler.,4.18,Furkan Ozturk
rmbj5LqNKWs,000121,data/iborotti/clips/rmbj5LqNKWs/000121/mouth.mp4,Ama araştırma problemi çözdürmek için kullanılıyor yani zaten konuşmanın başında da bahsettim proteinlerin nasıl katlandığını biz yapay zeka sayesinde çözdük bu alfa fold ile ama onu geliştiren insanlar zaten bu sistemlerin bir anlamda öncülüğünü yapan onlardan anlayan insanlar.,15.46,Furkan Ozturk
rmbj5LqNKWs,000122,data/iborotti/clips/rmbj5LqNKWs/000122/mouth.mp4,Dolayısıyla aslında o yani özel yapay zeka sistemlerin de belli bir problem spesifiğinde yani onları geliştirebilen belli bir problemi çözmek için geliştirebilen insanlar hani ben anlamadığım bu sistemi kendi bilmediğim bir problemi çözdürmek için kullanmak istemiyorum.,14.58,Furkan Ozturk
rmbj5LqNKWs,000123,data/iborotti/clips/rmbj5LqNKWs/000123/mouth.mp4,Hani bu bana mantıklı gelmiyor. Bir de problemi çözerken o problemi sizi işte belli yerlere götürüyor.,6.52,Furkan Ozturk
rmbj5LqNKWs,000124,data/iborotti/clips/rmbj5LqNKWs/000124/mouth.mp4,"Hata yapıyorsunuz, oradan geri geliyorsunuz.",2.28,Furkan Ozturk
rmbj5LqNKWs,000125,data/iborotti/clips/rmbj5LqNKWs/000125/mouth.mp4,O hatalı yere gittiğiniz zaman da bir şey öğreniyorsunuz.,3.44,Furkan Ozturk
rmbj5LqNKWs,000126,data/iborotti/clips/rmbj5LqNKWs/000126/mouth.mp4,Yani o da size bir şeyler katıyor. Size biri sorduğu zaman ya bunu yapmışsın da niye bunu yapmadın dediği zaman ha onu denedim şuradan o çıkmadı diyebiliyorsunuz.,6.92,Furkan Ozturk
rmbj5LqNKWs,000127,data/iborotti/clips/rmbj5LqNKWs/000127/mouth.mp4,"Yani aslında orada bir scholarship var, orada bir öğrenme, sezgi geliştirme süreci de var problem geliştirirken.",6.74,Furkan Ozturk
rmbj5LqNKWs,000128,data/iborotti/clips/rmbj5LqNKWs/000128/mouth.mp4,"Bildiğim bir şeyi çözdürürken, veri analizi yaptırmaktan bahsetmiyorum, bir problem çözdürmekten bahsediyorum.",6.12,Furkan Ozturk
rmbj5LqNKWs,000129,data/iborotti/clips/rmbj5LqNKWs/000129/mouth.mp4,Dolayısıyla dediğim gibi araştırma problemlerini çözdürmek benim yapay zeka ile yaptığım bir şey değil.,4.52,Furkan Ozturk
rmbj5LqNKWs,000130,data/iborotti/clips/rmbj5LqNKWs/000130/mouth.mp4,"Yine işte yapay zeka ile sunum hazırlama, ders hazırlama bunları da yapmıyorum.",4.36,Furkan Ozturk
rmbj5LqNKWs,000131,data/iborotti/clips/rmbj5LqNKWs/000131/mouth.mp4,Bunların benim için bir makale yazmaktan bir farkı yok.,2.9,Furkan Ozturk
rmbj5LqNKWs,000132,data/iborotti/clips/rmbj5LqNKWs/000132/mouth.mp4,"Hepsi benim ürettiğim şeyler. Kendi kelime seçimlerimle, kendi kurgumla olmasını tercih ediyorum.",4.86,Furkan Ozturk
rmbj5LqNKWs,000133,data/iborotti/clips/rmbj5LqNKWs/000133/mouth.mp4,Benim kullandığım gibi kullanın demiyorum ama ben bu şekilde kullanıyorum.,3.2,Furkan Ozturk
rmbj5LqNKWs,000134,data/iborotti/clips/rmbj5LqNKWs/000134/mouth.mp4,"Genel olarak bir tavsiye isterseniz, bununla ilgili de dediğim gibi bilmediğiniz bir şeyi yapay zekayı asla yaptırmayın derim.",6.24,Furkan Ozturk
rmbj5LqNKWs,000135,data/iborotti/clips/rmbj5LqNKWs/000135/mouth.mp4,"Ne yaparsanız yapın ve her ne şekilde yaparsanız yapın, bilim insanı olarak, bir konu işte çalışıp anlamaya çalışan, problem çözmeye çalışan bir insan olarak yapmanız gereken temel şey hani kuru bir veriyi alıp içselleştirmeniz, anlamanız lazım.",14.7,Furkan Ozturk
rmbj5LqNKWs,000136,data/iborotti/clips/rmbj5LqNKWs/000136/mouth.mp4,"Bunu kitap okuyarak, hocalarınızla konuşarak, ders dinleyerek nasıl oluyorsa bunların hepsi zaten olacak.",4.94,Furkan Ozturk
rmbj5LqNKWs,000137,data/iborotti/clips/rmbj5LqNKWs/000137/mouth.mp4,"Bu şeyler neticesinde sizin kafanızda işte o belli noktalar birbirine bağlanmaya başlıyor, makul gelmeye başlıyor, anlıyorsunuz, belli işte şeylerde kendinizi ikna edebiliyorsunuz, sizin bunu yapabilmeniz önemli ve bu anladıklarınızı da birazcık aklınızda tutup",16.12,Furkan Ozturk
rmbj5LqNKWs,000138,data/iborotti/clips/rmbj5LqNKWs/000138/mouth.mp4,"bir çalışan hafıza geliştirmeniz lazım, working memory denilen şey.",3.5,Furkan Ozturk
rmbj5LqNKWs,000139,data/iborotti/clips/rmbj5LqNKWs/000139/mouth.mp4,Bunun sayesinde bunları yapabilirseniz bir iç gömünüz oluyor.,3.3,Furkan Ozturk
rmbj5LqNKWs,000140,data/iborotti/clips/rmbj5LqNKWs/000140/mouth.mp4,Bir problemi anlamaya başlıyorsunuz. Bir problemi tespit edebilmeye başlıyorsunuz.,3.9,Furkan Ozturk
rmbj5LqNKWs,000141,data/iborotti/clips/rmbj5LqNKWs/000141/mouth.mp4,Bir problemin olduğunu bile görebilmek önemli bir şey değil mi?,2.88,Furkan Ozturk
rmbj5LqNKWs,000142,data/iborotti/clips/rmbj5LqNKWs/000142/mouth.mp4,"Bir problemi tespit etmek. Ve problemi gördüğünüz zaman eğer böyle bir kavrayış geliştirdiyseniz, çeşitli şeyler arasına bağlantı kurduysanız, yani sezginiz varsa çözümün nereden gelebileceğini de problemi çözmeden kestirmeye başlıyorsunuz.",14.64,Furkan Ozturk
rmbj5LqNKWs,000143,data/iborotti/clips/rmbj5LqNKWs/000143/mouth.mp4,Yani diyorsunuz ki ya bu şuradan çözülür herhalde.,3.18,Furkan Ozturk
rmbj5LqNKWs,000144,data/iborotti/clips/rmbj5LqNKWs/000144/mouth.mp4,"Bir sene uğraşıyorsunuz, çözüyorsunuz. Gerçekten de oradan çözülmüş oluyor.",4.0,Furkan Ozturk
rmbj5LqNKWs,000145,data/iborotti/clips/rmbj5LqNKWs/000145/mouth.mp4,Hani o sezgi nasıl gelişiyor? İşte uzun süre o problemle haşır neşir olarak gelişiyor.,5.34,Furkan Ozturk
rmbj5LqNKWs,000146,data/iborotti/clips/rmbj5LqNKWs/000146/mouth.mp4,"Eğer problemle haşır neşir olmayı bırakırsanız, o işi yapay zeka yaptırırsanız, kısa yoldan giderseniz o sezginiz asla gelişmez.",7.14,Furkan Ozturk
rmbj5LqNKWs,000147,data/iborotti/clips/rmbj5LqNKWs/000147/mouth.mp4,Dolayısıyla yani yapay zeka araçlarını çok kullanmayın derim.,3.14,Furkan Ozturk
rmbj5LqNKWs,000148,data/iborotti/clips/rmbj5LqNKWs/000148/mouth.mp4,"Bunu asla inşa edemezsiniz. Bu kavrayış, bu working memory 'i de geliştiremediğinizde anlamadığınız şeyi konuşmaya başlarsınız.",7.48,Furkan Ozturk
rmbj5LqNKWs,000149,data/iborotti/clips/rmbj5LqNKWs/000149/mouth.mp4,Anlamadığınız şeyi yazmaya başlarsınız. Bir insanla böyle kara tahtı önünde de tartışırken bunlar hep açığa çıkar.,5.64,Furkan Ozturk
rmbj5LqNKWs,000150,data/iborotti/clips/rmbj5LqNKWs/000150/mouth.mp4,"Yapay zeka modelleri kendisi bilgi üretmediği için, var olan bilgiyi bir şekilde sentezleyip oradan olasılıksal bir çıkarım yaptığı için de orada yeni bir şeyi bulabilmeniz onlarla birazcık zor.",12.78,Furkan Ozturk
rmbj5LqNKWs,000151,data/iborotti/clips/rmbj5LqNKWs/000151/mouth.mp4,Direkt bir chatbotları kullanarak. Elbette bir geliştiriciyseniz ve bir problemin bilinçli şekilde bunları uyguluyorsanız o başka bir iş.,6.8,Furkan Ozturk
rmbj5LqNKWs,000152,data/iborotti/clips/rmbj5LqNKWs/000152/mouth.mp4,O zaten yapılıyor. Epeyce de uzun süredir yapılıyor aslında.,4.08,Furkan Ozturk
rmbj5LqNKWs,000153,data/iborotti/clips/rmbj5LqNKWs/000153/mouth.mp4,Ondan bahsetmiyorum. Peki bu yapay zeka devrimi neticesinde diyelim bunların bu kadar yaygınlaşması neticesinde bizi neler bekliyor ne olacak birazcık da bunlardan bahsedeyim.,8.8,Furkan Ozturk
rmbj5LqNKWs,000154,data/iborotti/clips/rmbj5LqNKWs/000154/mouth.mp4,Elbette ilk sonuç şu üretkenlik artacak artıyor değil mi?,3.34,Furkan Ozturk
rmbj5LqNKWs,000155,data/iborotti/clips/rmbj5LqNKWs/000155/mouth.mp4,Çünkü bazı sıkıcı mundane taskleri yani teknik şeyleri yapay zeka sizin için çok hızlı yapabilmeye başlıyor.,8.04,Furkan Ozturk
rmbj5LqNKWs,000156,data/iborotti/clips/rmbj5LqNKWs/000156/mouth.mp4,Bir anlamda sizin sürekli yanınızda olan bir asistanınız varmış gibi size yardımcı olmaya başlıyor.,5.14,Furkan Ozturk
rmbj5LqNKWs,000157,data/iborotti/clips/rmbj5LqNKWs/000157/mouth.mp4,"Dolayısıyla problem çözmek, işte belli şeyleri hazırlamak hızlanacak, hızlanıyor.",4.9,Furkan Ozturk
rmbj5LqNKWs,000158,data/iborotti/clips/rmbj5LqNKWs/000158/mouth.mp4,Teknik anlamda bir iş bitiricilik yani yapay zekanı yaptı.,3.38,Furkan Ozturk
rmbj5LqNKWs,000159,data/iborotti/clips/rmbj5LqNKWs/000159/mouth.mp4,"Biz aslında kurguyu eğer yapabilirsek, problemi verirsek, bir şablon çizersek yapay zeka işi bitiriyor.",6.32,Furkan Ozturk
rmbj5LqNKWs,000160,data/iborotti/clips/rmbj5LqNKWs/000160/mouth.mp4,"O iş bitiricilik de hızlandı. Elbette bazı meslekler yok oluyor, yok olacak.",5.04,Furkan Ozturk
rmbj5LqNKWs,000161,data/iborotti/clips/rmbj5LqNKWs/000161/mouth.mp4,"Ya mesela muhasebecilik, görüntüden analiz yapan insanlar yani tedavi kısmında değil de işte bir filme bakıp oradan çıkarım yapan doktorların mislekleri.",11.28,Furkan Ozturk
rmbj5LqNKWs,000162,data/iborotti/clips/rmbj5LqNKWs/000162/mouth.mp4,"Yani bu tarz veri analizine bağlı diyeyim, kuru veri analizine bağlı meslekler büyük ölçüde yok olacak ki muhtemelen de bu iyi bir şey zaten.",8.6,Furkan Ozturk
rmbj5LqNKWs,000163,data/iborotti/clips/rmbj5LqNKWs/000163/mouth.mp4,Çünkü biz o insanların kıymetli zekasını daha kıymetli işler için kullanabilmeye başlayacağız.,5.24,Furkan Ozturk
rmbj5LqNKWs,000164,data/iborotti/clips/rmbj5LqNKWs/000164/mouth.mp4,Yani bütün işte sanayi devriminde olduğu gibi bazı araç gereçlerin işte bilgisayarların ortaya çıktığında olduğu gibi.,6.04,Furkan Ozturk
rmbj5LqNKWs,000165,data/iborotti/clips/rmbj5LqNKWs/000165/mouth.mp4,Yani elbette bazı şeyler yok oluyor ama bazı şeyler de ortaya çıkıyor.,3.46,Furkan Ozturk
rmbj5LqNKWs,000166,data/iborotti/clips/rmbj5LqNKWs/000166/mouth.mp4,Yani şimdi biz 100 sene önce mesela yazılımcılık diye bir meslekten bahsedemiyorduk.,4.06,Furkan Ozturk
rmbj5LqNKWs,000167,data/iborotti/clips/rmbj5LqNKWs/000167/mouth.mp4,Şimdi yazılımcılığından geçilmiyor. Bazı meslekler ölüyorsa bazı meslekler de doğuyor.,4.9,Furkan Ozturk
rmbj5LqNKWs,000168,data/iborotti/clips/rmbj5LqNKWs/000168/mouth.mp4,İnsanların aslında kolaylığına oluyor bu tarz şeyler.,2.68,Furkan Ozturk
rmbj5LqNKWs,000169,data/iborotti/clips/rmbj5LqNKWs/000169/mouth.mp4,Bizim yapmak istemediğimiz daha ziyade daha kolay yapabileceğimiz şeyler artık yapmaya ihtiyacımız olmuyor.,5.12,Furkan Ozturk
rmbj5LqNKWs,000170,data/iborotti/clips/rmbj5LqNKWs/000170/mouth.mp4,Başka ne olacak? Veri analizinin önemi azalacak değil mi?,2.86,Furkan Ozturk
rmbj5LqNKWs,000171,data/iborotti/clips/rmbj5LqNKWs/000171/mouth.mp4,"Yani kuru veriye bakmanın, onu bir şeye dönüştürmenin çok zorluğu yok artık.",4.38,Furkan Ozturk
rmbj5LqNKWs,000172,data/iborotti/clips/rmbj5LqNKWs/000172/mouth.mp4,Ama ne olacak? Sezginin önemi artacak.,2.72,Furkan Ozturk
rmbj5LqNKWs,000173,data/iborotti/clips/rmbj5LqNKWs/000173/mouth.mp4,"Yani intuition dediğimiz belli içgörüleri geliştirebilen insanlar, geliştirmiş insanlar problemleri tespit etmeye, o problemlerin nasıl çözülebileceğini görmeye başlayacaklar ve bu problemleri görebilen insanlar da ellerinin altında iş bitirici, yapay zekalar olduğu",16.22,Furkan Ozturk
rmbj5LqNKWs,000174,data/iborotti/clips/rmbj5LqNKWs/000174/mouth.mp4,için onları daha hızlı çözebilecekler. O içgörüyü geliştirebilmeniz lazım.,4.2,Furkan Ozturk
rmbj5LqNKWs,000175,data/iborotti/clips/rmbj5LqNKWs/000175/mouth.mp4,"Elbette yine deneysel çalışan insanlar, disiplinler arası çalışan insanlar bundan büyük faydalanacaklar, faydalanıyorlar.",6.88,Furkan Ozturk
rmbj5LqNKWs,000176,data/iborotti/clips/rmbj5LqNKWs/000176/mouth.mp4,Çünkü belli konseptleri bir disiplinden alıp öbürünü uygulamak istiyorsanız aslında yapay zeka tool 'ları sizin işinize yarıyor.,8.14,Furkan Ozturk
rmbj5LqNKWs,000178,data/iborotti/clips/rmbj5LqNKWs/000178/mouth.mp4,Elbette yeni problemler için bunu yapamaz ama disiplinler arası çalışırken zaten belli bir disiplinin kavrayışını geliştirmeniz pek mümkün olmuyor.,7.96,Furkan Ozturk
rmbj5LqNKWs,000179,data/iborotti/clips/rmbj5LqNKWs/000179/mouth.mp4,Ama o disiplindeki bilgiyi kendiniz nasıl kullanacaksınız o önemli oluyor.,4.02,Furkan Ozturk
rmbj5LqNKWs,000180,data/iborotti/clips/rmbj5LqNKWs/000180/mouth.mp4,Bu kısımlarda da yardımcı olabileceğini düşünüyorum.,3.06,Furkan Ozturk
rmbj5LqNKWs,000181,data/iborotti/clips/rmbj5LqNKWs/000181/mouth.mp4,Ben de kendimde bunun kullanımını görüyorum.,2.5,Furkan Ozturk
rmbj5LqNKWs,000182,data/iborotti/clips/rmbj5LqNKWs/000182/mouth.mp4,Tabii ki her zaman olduğu gibi kaliteli veri üretiminin önemi daha da artıyor değil mi?,4.16,Furkan Ozturk
rmbj5LqNKWs,000183,data/iborotti/clips/rmbj5LqNKWs/000183/mouth.mp4,Çünkü yani yapay zeka internetteki veriyi kullandığı için veya var olan veriyi kullandığı için bu var olan verinin kalitesi onun ürettiği şeylerin sonucunu çok ciddi şekilde etkiliyor.,9.52,Furkan Ozturk
rmbj5LqNKWs,000184,data/iborotti/clips/rmbj5LqNKWs/000184/mouth.mp4,Yani siz mesela bir arama yaptığınızda yapay zeka botları yine Wikipedia'dan insanların oraya koyduğu Ansiklopatik bilgiden mesela bir çıkarım yapıyor.,8.44,Furkan Ozturk
rmbj5LqNKWs,000185,data/iborotti/clips/rmbj5LqNKWs/000185/mouth.mp4,"O ansiklopatik bilgiyi oraya koyabilmek, onu hazırlayabilmek, deneyler yapıp onu üretebilmek yine çok çok önemli.",5.94,Furkan Ozturk
rmbj5LqNKWs,000186,data/iborotti/clips/rmbj5LqNKWs/000186/mouth.mp4,Bilimdeki çok çok önemli şeylerden bir tanesi değil mi?,2.66,Furkan Ozturk
rmbj5LqNKWs,000187,data/iborotti/clips/rmbj5LqNKWs/000187/mouth.mp4,"Problemi sadece çözmek değil, problemin olduğunu görebilmek, problemi tespit edebilmek.",4.32,Furkan Ozturk
rmbj5LqNKWs,000188,data/iborotti/clips/rmbj5LqNKWs/000188/mouth.mp4,Hangi problemi çözmenin önemli olduğunu anlamak.,2.5,Furkan Ozturk
rmbj5LqNKWs,000189,data/iborotti/clips/rmbj5LqNKWs/000189/mouth.mp4,Ve ben bunun öneminin de artacağına artmış olduğunu düşünüyorum.,3.72,Furkan Ozturk
rmbj5LqNKWs,000190,data/iborotti/clips/rmbj5LqNKWs/000190/mouth.mp4,"Bu geliştirilen hani tool 'lar, araçlar elbette bir de şeyi gösterdi bize.",4.12,Furkan Ozturk
rmbj5LqNKWs,000191,data/iborotti/clips/rmbj5LqNKWs/000191/mouth.mp4,Zekanın bir ölçütü satın alınabilir bir şeymiş aslında.,4.06,Furkan Ozturk
rmbj5LqNKWs,000192,data/iborotti/clips/rmbj5LqNKWs/000192/mouth.mp4,Yani bu işlemciler var biliyorsunuz işte Nvidia 'nın öncülük yapıp geliştirdiği.,5.08,Furkan Ozturk
rmbj5LqNKWs,000193,data/iborotti/clips/rmbj5LqNKWs/000193/mouth.mp4,"Bunların bir enerji altyapısı var. Bunlar çok ciddi enerji harcıyor, soğutulmaları gerekiyor vesaire.",5.3,Furkan Ozturk
rmbj5LqNKWs,000194,data/iborotti/clips/rmbj5LqNKWs/000194/mouth.mp4,O enerjiyi alıp zekayı çeviriyorlar.,2.46,Furkan Ozturk
rmbj5LqNKWs,000195,data/iborotti/clips/rmbj5LqNKWs/000195/mouth.mp4,Yani bir kilowatt saatlik zeka alıyorsunuz gibi oluyor.,3.64,Furkan Ozturk
rmbj5LqNKWs,000196,data/iborotti/clips/rmbj5LqNKWs/000196/mouth.mp4,Ama bu zeka bizim o zeka dediğimiz daha böyle genel bulutsu kavramın aslında bir kısmını ifade ediyor.,7.4,Furkan Ozturk
rmbj5LqNKWs,000197,data/iborotti/clips/rmbj5LqNKWs/000197/mouth.mp4,Bir anlamda problem çözücü. Teknik iş gören zekayı biz aslında satın alabilmeye başladık.,5.3,Furkan Ozturk
rmbj5LqNKWs,000198,data/iborotti/clips/rmbj5LqNKWs/000198/mouth.mp4,Başka tip zekaların aslında önemini daha çok artırmış oldu bu.,3.38,Furkan Ozturk
rmbj5LqNKWs,000199,data/iborotti/clips/rmbj5LqNKWs/000199/mouth.mp4,"Söz gelimi biz mesela programcılık mesleğinin en akıllı insanların, en zeki insanların mesleği olarak görüyorduk değil mi?",6.16,Furkan Ozturk
rmbj5LqNKWs,000200,data/iborotti/clips/rmbj5LqNKWs/000200/mouth.mp4,Bu işi bayağı zeki insanlar yapabiliyordu.,2.36,Furkan Ozturk
rmbj5LqNKWs,000201,data/iborotti/clips/rmbj5LqNKWs/000201/mouth.mp4,Yapay zekanın bakın en hızlıca rol çaldığı meslek bu oldu.,3.98,Furkan Ozturk
rmbj5LqNKWs,000202,data/iborotti/clips/rmbj5LqNKWs/000202/mouth.mp4,Yani en çok programcılık şeyini etkiledi en hızlı bir şekilde.,3.4,Furkan Ozturk
rmbj5LqNKWs,000203,data/iborotti/clips/rmbj5LqNKWs/000203/mouth.mp4,Yani demektir ki bizim belli tip zekaları artık yapay zeka kullanarak satın alıp o işleri ona yaptırabileceğimiz bir çağa geldik.,9.0,Furkan Ozturk
rmbj5LqNKWs,000204,data/iborotti/clips/rmbj5LqNKWs/000204/mouth.mp4,Ama demek değil ki bu. O zeka dediğimiz kavramın bütün altındaki farklı yerler artık bu makinelere devredilecek.,8.08,Furkan Ozturk
rmbj5LqNKWs,000205,data/iborotti/clips/rmbj5LqNKWs/000205/mouth.mp4,"Hayır öyle değil. Yani hissiyatın, sezginin, köşeleri önceden görmenin, öngörünün, bir yandan da liderliğin önemi çok daha artmış oldu.",8.52,Furkan Ozturk
rmbj5LqNKWs,000206,data/iborotti/clips/rmbj5LqNKWs/000206/mouth.mp4,"Hani empatik bir zekanın, duygusal zekayla birleştirilmiş o teknik becerilerin önemi daha çok artmış oldu.",6.88,Furkan Ozturk
rmbj5LqNKWs,000207,data/iborotti/clips/rmbj5LqNKWs/000207/mouth.mp4,"Bir anlamda daha komple düşünebilen, insanlarla birlikte çalışabilen, empati yapabilen, bir hissiyatı olan, sezgisi olan insanlar daha çok önemli olmaya başladı artık.",11.08,Furkan Ozturk
rmbj5LqNKWs,000208,data/iborotti/clips/rmbj5LqNKWs/000208/mouth.mp4,"Bir de tabii şeyi de söylemek lazım, yapay zekanın bir motivasyonu da yok değil mi?",5.28,Furkan Ozturk
rmbj5LqNKWs,000209,data/iborotti/clips/rmbj5LqNKWs/000209/mouth.mp4,Yani yapay zeka sizin için bir veriyi analiz edebilir ama o veri analizinin neden önemli olduğunu siz bilirsiniz.,7.0,Furkan Ozturk
rmbj5LqNKWs,000210,data/iborotti/clips/rmbj5LqNKWs/000210/mouth.mp4,Onu belli bir problem çerçevesine oturtup o problemi çözme motivasyonuyla yapay zekayı siz yaptırabilirsiniz.,6.38,Furkan Ozturk
rmbj5LqNKWs,000211,data/iborotti/clips/rmbj5LqNKWs/000211/mouth.mp4,"Dolayısıyla motivasyonu olan, problem çözmek isteyen, problemleri görebilen, sezgisi olan insanlar için çok iyi, satın alınabilir, materyal, zeka ölçülü bir kaynak haline geldi.",10.6,Furkan Ozturk
rmbj5LqNKWs,000212,data/iborotti/clips/rmbj5LqNKWs/000212/mouth.mp4,Bu da olumlu bir şey ve önemli bir şey. Geçmişteki bilim insanlarının acaba hangileri yapay zekayla daha önem kazanırdı?,7.34,Furkan Ozturk
rmbj5LqNKWs,000213,data/iborotti/clips/rmbj5LqNKWs/000213/mouth.mp4,Mesela Einstein tipi bir bilim insanı değil mi? Sezgisi çok güçlü bir deha Einstein.,4.28,Furkan Ozturk
rmbj5LqNKWs,000214,data/iborotti/clips/rmbj5LqNKWs/000214/mouth.mp4,problemleri hani sezgisiyle çözüyor veya sezgisiyle görüyor diyelim.,4.48,Furkan Ozturk
rmbj5LqNKWs,000215,data/iborotti/clips/rmbj5LqNKWs/000215/mouth.mp4,O tarz bir zekanın nasıl diyelim mesela von Neumann tipi bir zeka,3.7,Furkan Ozturk
rmbj5LqNKWs,000216,data/iborotti/clips/rmbj5LqNKWs/000216/mouth.mp4,inanılmaz bir kapasite yani şey var işlemcisi var von Neumann 'ın elbette sezgisi de var.,6.5,Furkan Ozturk
rmbj5LqNKWs,000217,data/iborotti/clips/rmbj5LqNKWs/000217/mouth.mp4,Problemleri çok önceden de görüyor ama her şeyi yapabilen bir adam ama onun böyle çok bilinen kısmı şeydir.,6.66,Furkan Ozturk
rmbj5LqNKWs,000218,data/iborotti/clips/rmbj5LqNKWs/000218/mouth.mp4,Problemleri çok çok hızlı çözebilmesidir bazı.,3.18,Furkan Ozturk
rmbj5LqNKWs,000219,data/iborotti/clips/rmbj5LqNKWs/000219/mouth.mp4,"Hani o tip bir zekadan birazcık daha sezgisel bir zekaya diyelim Malva von Neumann 'ın büyük işlemcisinden Einstein 'ın sezgiciliğine, problemleri sezgisiyle görüp tanımlayıp o problemlere o şekilde yaklaşabilmesinin daha da önemli olduğu bir çağa sanırım",15.92,Furkan Ozturk
rmbj5LqNKWs,000220,data/iborotti/clips/rmbj5LqNKWs/000220/mouth.mp4,geçiyoruz. Eğitimciler bu konu hakkında ne düşünüyor?,3.04,Furkan Ozturk
rmbj5LqNKWs,000221,data/iborotti/clips/rmbj5LqNKWs/000221/mouth.mp4,Bir de bundan bahsedeyim. Ya bu şu an hani üniversitelerde konuşulan bir şey.,4.28,Furkan Ozturk
rmbj5LqNKWs,000222,data/iborotti/clips/rmbj5LqNKWs/000222/mouth.mp4,Çünkü siz bir ödev verdiğinizde o ödevdeki problemlerde genel olarak özellikle lisans seviyesinde zaten çözümü olan problemler olduğu için ve çözüm bir yerlerde olduğu için siz bunu yapay zekaya sorduğunuz zaman epeyce kaliteli bir şekilde size yapay zeka modelleri çözüm,16.06,Furkan Ozturk
rmbj5LqNKWs,000223,data/iborotti/clips/rmbj5LqNKWs/000223/mouth.mp4,verebilmeye başladı. Ama demek değildir ki siz bunu yaptığınız zaman onun muhtevasını anlamış oluyorsunuz.,5.36,Furkan Ozturk
rmbj5LqNKWs,000224,data/iborotti/clips/rmbj5LqNKWs/000224/mouth.mp4,Siz oraya götüren şeyleri anlamış oluyorsunuz. Öyle olmuyor.,2.58,Furkan Ozturk
rmbj5LqNKWs,000225,data/iborotti/clips/rmbj5LqNKWs/000225/mouth.mp4,"Dolayısıyla bu problem aslında yani yapay zekaya dolmuş insanların şu an lisans eğitimine başlayan, şu an doktorasına başlayan insanların bu konularda dikkatli olması lazım.",9.84,Furkan Ozturk
rmbj5LqNKWs,000226,data/iborotti/clips/rmbj5LqNKWs/000226/mouth.mp4,Yani ben mesela kendi vereceğim derslerde sözlü sınavları birazcık daha ön plana çıkartmayı düşünüyorum.,5.8,Furkan Ozturk
rmbj5LqNKWs,000227,data/iborotti/clips/rmbj5LqNKWs/000227/mouth.mp4,"Çünkü bir insanla kara tahtı önünde çalışır, tartışırken bir konu üzerinde konuşurken Eğer bir konuyu anlamadıysa o bariz bir şekilde ortaya çıkıyor.",7.76,Furkan Ozturk
rmbj5LqNKWs,000228,data/iborotti/clips/rmbj5LqNKWs/000228/mouth.mp4,Dolayısıyla ben bu yöne doğru bir gidişatında olabileceğini düşünüyorum.,4.62,Furkan Ozturk
rmbj5LqNKWs,000229,data/iborotti/clips/rmbj5LqNKWs/000229/mouth.mp4,Çünkü siz eğer bir konuyu bilmiyorsanız birazcık zorluk çekip o konuyu öğrenebilmeniz lazım.,6.0,Furkan Ozturk
rmbj5LqNKWs,000230,data/iborotti/clips/rmbj5LqNKWs/000230/mouth.mp4,Belli problemleri elinize kağıt kalem alıp çözebiliyor olmanız lazım.,3.46,Furkan Ozturk
rmbj5LqNKWs,000231,data/iborotti/clips/rmbj5LqNKWs/000231/mouth.mp4,Bunu yapmadan nasıl sez geliştirilir ben bilmiyorum.,3.42,Furkan Ozturk
rmbj5LqNKWs,000232,data/iborotti/clips/rmbj5LqNKWs/000232/mouth.mp4,"Eğitimci olarak da bir insanın görevi, bir hocanın görevi öğrencilerin materyali anlamasıdır.",5.88,Furkan Ozturk
rmbj5LqNKWs,000233,data/iborotti/clips/rmbj5LqNKWs/000233/mouth.mp4,Yine illa problemleri çözen bir metni size sunması değildir.,3.76,Furkan Ozturk
rmbj5LqNKWs,000234,data/iborotti/clips/rmbj5LqNKWs/000234/mouth.mp4,Onun için üniversitedeki insanların da birazcık buna dikkat etmesi lazım.,3.66,Furkan Ozturk
rmbj5LqNKWs,000235,data/iborotti/clips/rmbj5LqNKWs/000235/mouth.mp4,"Yani belli işte böyle yazılı çözümlerden ziyade belki de işte sözlü sınavların, sunumların, hani iletişimi daha öne çıkaran şeylerin, kavrayışı daha öne çıkaran şeylerin artık değerlendirme materyali olarak sunulması lazım.",13.86,Furkan Ozturk
rmbj5LqNKWs,000236,data/iborotti/clips/rmbj5LqNKWs/000236/mouth.mp4,Aksi halde siz bir ödev verdiğinizde artık şeyden hiç bize an emin olamıyorsunuz.,3.86,Furkan Ozturk
rmbj5LqNKWs,000237,data/iborotti/clips/rmbj5LqNKWs/000237/mouth.mp4,Öğrencim bunu çözdü yoksa bir yapay zeka modeline mi bunu çözdürdü?,4.04,Furkan Ozturk
rmbj5LqNKWs,000238,data/iborotti/clips/rmbj5LqNKWs/000238/mouth.mp4,Bu da aslında ciddi bir problem. Bunun şu an çok iyi bir çözümü de yok.,3.54,Furkan Ozturk
rmbj5LqNKWs,000239,data/iborotti/clips/rmbj5LqNKWs/000239/mouth.mp4,İnsanlar bunu aktif olarak tartışıyor. Son olarak şeyden bahsedip bu bahsi bitireyim.,4.84,Furkan Ozturk
rmbj5LqNKWs,000240,data/iborotti/clips/rmbj5LqNKWs/000240/mouth.mp4,"Yani bu bir devrim, yapay zeka devrimi. Bu devrimler nasıl oluyor ve bir sonraki devrim diyelim her neyse o, onu yakalamak için ülkeler, ülkemiz ne yapabilir?",9.2,Furkan Ozturk
rmbj5LqNKWs,000241,data/iborotti/clips/rmbj5LqNKWs/000241/mouth.mp4,Ya bu yapay zeka devrimi de en nihayetinde yine Amerika'da oldu.,3.86,Furkan Ozturk
rmbj5LqNKWs,000242,data/iborotti/clips/rmbj5LqNKWs/000242/mouth.mp4,"Buradaki hani o inovasyon kültürünün bunda önemi var, risk alabilmenin önemi var.",5.8,Furkan Ozturk
rmbj5LqNKWs,000243,data/iborotti/clips/rmbj5LqNKWs/000243/mouth.mp4,Ya Amerika'da elbette birçok problemler var.,2.4,Furkan Ozturk
rmbj5LqNKWs,000244,data/iborotti/clips/rmbj5LqNKWs/000244/mouth.mp4,"Amerika 'nın bazı kurumları geriliyor, politik şeyler bunları etkiliyor ama yine inovasyon da bana kalırsa yine bu ülke birinci sırada.",6.38,Furkan Ozturk
rmbj5LqNKWs,000245,data/iborotti/clips/rmbj5LqNKWs/000245/mouth.mp4,Ve hani Nvidia gibi bir şirket geçtiğimiz yıllarda işte o 3 -4 trilyon dolar değerlendirmeyi gördü.,5.52,Furkan Ozturk
rmbj5LqNKWs,000246,data/iborotti/clips/rmbj5LqNKWs/000246/mouth.mp4,"bu tarz devrimleri yakalamak istiyorsanız, insanlara bu tarz şeyler geliştirebilecek özgürlük ortamını sağlamanız lazım.",6.8,Furkan Ozturk
rmbj5LqNKWs,000247,data/iborotti/clips/rmbj5LqNKWs/000247/mouth.mp4,Ve elbette temel disiplinlere ağırlık verdirmeniz lazım.,3.14,Furkan Ozturk
rmbj5LqNKWs,000248,data/iborotti/clips/rmbj5LqNKWs/000248/mouth.mp4,"Yani yapay öğrenmenin nasıl çıktığına, yapay zekanın nasıl çıktığına bakın fizikten çıkıyor.",4.5,Furkan Ozturk
rmbj5LqNKWs,000249,data/iborotti/clips/rmbj5LqNKWs/000249/mouth.mp4,"Onun için zaten iki tane fizikçi, Hopfield meşhur, oradaki fizikçi, ona onun için nomel verildi.",7.28,Furkan Ozturk
rmbj5LqNKWs,000250,data/iborotti/clips/rmbj5LqNKWs/000250/mouth.mp4,İşte belli istatistiksel modelleri çok derin olduğu ortaya çıktı ki bu işte yapay öğrenmeye yol açtı bunlar.,6.5,Furkan Ozturk
rmbj5LqNKWs,000251,data/iborotti/clips/rmbj5LqNKWs/000251/mouth.mp4,"Yani temel disiplinlere önem verirseniz 50 yıl sonra, 40 yıl sonra, bazen 100 yıl sonra bunların neticesinde bu tarz devrimleri ortaya çıkarabilirsiniz.",9.66,Furkan Ozturk
rmbj5LqNKWs,000252,data/iborotti/clips/rmbj5LqNKWs/000252/mouth.mp4,Bunlara önem vermezseniz o devrim olur.,3.0,Furkan Ozturk
rmbj5LqNKWs,000253,data/iborotti/clips/rmbj5LqNKWs/000253/mouth.mp4,Siz de o devrimi peşinden sürüklenirsiniz.,2.66,Furkan Ozturk
rmbj5LqNKWs,000254,data/iborotti/clips/rmbj5LqNKWs/000254/mouth.mp4,"Yani kimsenin umurunda olmayan, çağın çok ötesinde şeyleri bugün yaparsanız ancak devrimleri kaçırmazsınız.",5.92,Furkan Ozturk
rmbj5LqNKWs,000255,data/iborotti/clips/rmbj5LqNKWs/000255/mouth.mp4,"Eğer şu an herkesin umurunda olan şeyleri, herkesin konuştuğu şeyleri yaparsanız sadece trend içinde sürükleniyorsunuz demektir.",7.32,Furkan Ozturk
rmbj5LqNKWs,000256,data/iborotti/clips/rmbj5LqNKWs/000256/mouth.mp4,Eğer kimsenin umurunda olmayan derin şeyler yapmak istiyorsanız da temel bilimlere ağırlık vermeniz lazım.,5.68,Furkan Ozturk
rmbj5LqNKWs,000257,data/iborotti/clips/rmbj5LqNKWs/000257/mouth.mp4,Bu işte Nvidia 'nın CEO'su Jensen Huang 'a soruyorlar.,3.62,Furkan Ozturk
rmbj5LqNKWs,000258,data/iborotti/clips/rmbj5LqNKWs/000258/mouth.mp4,Şu an üniversiteye gitseniz ne okursunuz diye.,2.54,Furkan Ozturk
rmbj5LqNKWs,000259,data/iborotti/clips/rmbj5LqNKWs/000259/mouth.mp4,Bu da fizik okurdum diyor. Aşağı yukarı argümanları da bu bahsettiğim şeylere dayanıyor.,4.7,Furkan Ozturk
rmbj5LqNKWs,000260,data/iborotti/clips/rmbj5LqNKWs/000260/mouth.mp4,"Eğer bir devrimi yakalamak istiyorsanız her şey ayı kaçırdıktan sonra, bir şeyin önemi anlaşıldıktan sonra bir şeyler yapmanız sizi bir sonraki devrime hazırlamaz.",9.92,Furkan Ozturk
rmbj5LqNKWs,000261,data/iborotti/clips/rmbj5LqNKWs/000261/mouth.mp4,Yani bir şeyin önemi anlaşıldıktan sonra yaptığınız şeyler sizi hiçbir zaman ileriye sıçratmaz.,5.94,Furkan Ozturk
rmbj5LqNKWs,000262,data/iborotti/clips/rmbj5LqNKWs/000262/mouth.mp4,Ancak takip ettirir. Yani var olanı takip edersiniz.,3.6,Furkan Ozturk
rmbj5LqNKWs,000263,data/iborotti/clips/rmbj5LqNKWs/000263/mouth.mp4,Mesele yani bir şeyin önemi ortaya çıkmadan önce onu öngörebilmek.,3.91,Furkan Ozturk
rmbj5LqNKWs,000264,data/iborotti/clips/rmbj5LqNKWs/000264/mouth.mp4,"Kimse ona ilgilenmezken bunu ilerletmeye çalışabilmek, orada irade göstermek, onun üzerine çalışmak, kaynak bulmak.",7.92,Furkan Ozturk
rmbj5LqNKWs,000265,data/iborotti/clips/rmbj5LqNKWs/000265/mouth.mp4,Sıkıntılı olacak bu çünkü önemi anlaşılmamış tanım icabı.,4.06,Furkan Ozturk
rmbj5LqNKWs,000266,data/iborotti/clips/rmbj5LqNKWs/000266/mouth.mp4,"Kaynak yaratmak, irade göstermek ve onu o şekilde, o şartlarda ilerletmek ancak sizi bir sonraki devrimlere taşır.",7.72,Furkan Ozturk
rmbj5LqNKWs,000267,data/iborotti/clips/rmbj5LqNKWs/000267/mouth.mp4,Yani 2025 yılında yapay zeka çalıştığı ayları yapabilirsiniz.,3.58,Furkan Ozturk
rmbj5LqNKWs,000268,data/iborotti/clips/rmbj5LqNKWs/000268/mouth.mp4,"Bakın biz de burada konuşuyoruz. Anlamamız lazım, nasıl kullanacağımızı öğrenmemiz lazım.",4.78,Furkan Ozturk
rmbj5LqNKWs,000269,data/iborotti/clips/rmbj5LqNKWs/000269/mouth.mp4,Ama bu yaptığımız şeyler aslında trendi takip ediyor.,2.48,Furkan Ozturk
rmbj5LqNKWs,000270,data/iborotti/clips/rmbj5LqNKWs/000270/mouth.mp4,Yani o devrimi başlatan başkaları için çalışmış oluyoruz.,3.26,Furkan Ozturk
rmbj5LqNKWs,000271,data/iborotti/clips/rmbj5LqNKWs/000271/mouth.mp4,İşte Nvidia zengin olmuş oluyor vesaire biz bunları kullandığımız zaman.,3.14,Furkan Ozturk
rmbj5LqNKWs,000272,data/iborotti/clips/rmbj5LqNKWs/000272/mouth.mp4,"Önümüzdeki devrimlere öncülük etmek istiyorsanız, Yani önünüzdeki çıkar yol, temel bilimlere ağırlık vermek, her şeyin temeli olan bu disiplinlerin, yani her şeyi anlamamızı sağlayan bu disiplinlerin önemine kavramak.",12.3,Furkan Ozturk
rmbj5LqNKWs,000273,data/iborotti/clips/rmbj5LqNKWs/000273/mouth.mp4,"Hani günümüzde ne popüler, ne değil, ne para getirir, ne en çok konuşuluyor, şu an en sıcak konu ne değil.",5.38,Furkan Ozturk
rmbj5LqNKWs,000274,data/iborotti/clips/rmbj5LqNKWs/000274/mouth.mp4,"Hatta belli şeyleri sırf meraktan, sırf ilginiz çekiyor diye hiçbir önemi olmadan, tamamen keyfiniz için anlamayı, öğrenmeye çalışmak.",7.48,Furkan Ozturk
rmbj5LqNKWs,000275,data/iborotti/clips/rmbj5LqNKWs/000275/mouth.mp4,"Bunları uzun süre yaparsanız, bunların özendirildiği ortamlarda çalışırsanız özgürlük ortamlarında ancak işte oradan devrimler çıkıyor.",8.5,Furkan Ozturk
rmbj5LqNKWs,000276,data/iborotti/clips/rmbj5LqNKWs/000276/mouth.mp4,Bunlar tabii uzun vadeli şeyler yani bugün yaptığınız şeyin devrimini 5 sene sonra göremezsiniz.,5.94,Furkan Ozturk
rmbj5LqNKWs,000277,data/iborotti/clips/rmbj5LqNKWs/000277/mouth.mp4,"Bugün yaptığınız şeyin belki o devrimsel sonuçlarını, uygulamalarını ancak 20 yıl sonra, 30 yıl sonra, 100 yıl sonra, bazen 200 yıl sonra görebilirsiniz.",8.22,Furkan Ozturk
rmbj5LqNKWs,000278,data/iborotti/clips/rmbj5LqNKWs/000278/mouth.mp4,Ama bunu yapmadığınızda da o zaman asla o olmuyor.,3.22,Furkan Ozturk
rmbj5LqNKWs,000279,data/iborotti/clips/rmbj5LqNKWs/000279/mouth.mp4,Yani derler ya torununuzun çocuğunun altında gölgelenebileceği ağacı eğer bugünden dikmezseniz o zaman ileride de onun sonuçlarını elde eden siz olmuyorsunuz.,11.06,Furkan Ozturk
rmbj5LqNKWs,000280,data/iborotti/clips/rmbj5LqNKWs/000280/mouth.mp4,Onu yapan ve onu sabırla ilerleten başkalar oluyor.,3.22,Furkan Ozturk
rmbj5LqNKWs,000281,data/iborotti/clips/rmbj5LqNKWs/000281/mouth.mp4,Siz de o ayı kaçıktıktan sonra onu takip ediyor oluyorsunuz.,3.28,Furkan Ozturk
rmbj5LqNKWs,000282,data/iborotti/clips/rmbj5LqNKWs/000282/mouth.mp4,Umarım bu video faydalı olmuştur. Beni dinlediğiniz için teşekkür ederim. Sağ olun.,3.84,Furkan Ozturk
szxWQTNNCho,000000,data/iborotti/clips/szxWQTNNCho/000000/mouth.mp4,"Herkese merhaba, umarım iyisinizdir.",2.73,Furkan Ozturk
szxWQTNNCho,000001,data/iborotti/clips/szxWQTNNCho/000001/mouth.mp4,Bu videomun konusu üniversite sınavı ve sonrasında sizi bekleyecek olan lisans süreciyle ilgili olacak.,8.04,Furkan Ozturk
szxWQTNNCho,000002,data/iborotti/clips/szxWQTNNCho/000002/mouth.mp4,"Epeydir üniversite sınavı, bu sınavın ne ifade ettiği ve üniversite sınavından sonra üniversitede sizi nelerin bekleyeceğinden, başarılı bir lisans hayatında yapılması gerekenlerden bahsetmemiştim.",11.78,Furkan Ozturk
szxWQTNNCho,000003,data/iborotti/clips/szxWQTNNCho/000003/mouth.mp4,Bununla ilgili sıkça sorular gelmeye devam ediyor.,2.52,Furkan Ozturk
szxWQTNNCho,000004,data/iborotti/clips/szxWQTNNCho/000004/mouth.mp4,Dolayısıyla ben de bu videomda bundan bahsetmek istiyorum.,3.04,Furkan Ozturk
szxWQTNNCho,000005,data/iborotti/clips/szxWQTNNCho/000005/mouth.mp4,Öncelikle geçmiş olsun. Umarım herkes sıradan performansını yani denemelerde vesairede gösterdiği performansını gerçek sınavda da gösterebilmiştir.,10.06,Furkan Ozturk
szxWQTNNCho,000006,data/iborotti/clips/szxWQTNNCho/000006/mouth.mp4,Bu sınav elbette Türkiye'deki sistem için çok önemli bir sınav.,4.2,Furkan Ozturk
szxWQTNNCho,000007,data/iborotti/clips/szxWQTNNCho/000007/mouth.mp4,"Ne kadar ölçücü, ne kadar gerekli, başka bir şey yapılabilir mi vesaire bunlar tartışılabilir.",4.9,Furkan Ozturk
szxWQTNNCho,000008,data/iborotti/clips/szxWQTNNCho/000008/mouth.mp4,Ancak şu aşamada bunları tartışıp bunlara kafa yormaktansa bu sistemde en iyi bir şekilde bir sonraki aşamaya kendinizi nasıl hazırlayabilirsiniz?,9.38,Furkan Ozturk
szxWQTNNCho,000009,data/iborotti/clips/szxWQTNNCho/000009/mouth.mp4,Birazcık pragmatik olarak bunu düşünmekte bence fayda var.,3.8,Furkan Ozturk
szxWQTNNCho,000010,data/iborotti/clips/szxWQTNNCho/000010/mouth.mp4,Aksi halde bizim ne düşündüğümüzün ve ne istediğimizin aslında çok da bir etkisi olmuyor maalesef.,6.32,Furkan Ozturk
szxWQTNNCho,000011,data/iborotti/clips/szxWQTNNCho/000011/mouth.mp4,Bu sınav merkezi bir sınav. Yani üniversitelerin tek tek bir alım sınavı yok Türkiye'de ve herkes aynı sınava giriyor.,6.38,Furkan Ozturk
szxWQTNNCho,000012,data/iborotti/clips/szxWQTNNCho/000012/mouth.mp4,Belirli ölçüde bir elbette ki ölçücülüğü var.,3.66,Furkan Ozturk
szxWQTNNCho,000013,data/iborotti/clips/szxWQTNNCho/000013/mouth.mp4,"Ancak bu sınav neticesinde insanların aldıkları puanlarla birlikte, belirli bölümlere yerleşmeleriyle birlikte o bölümlerin kalitesi artmıyor veya azalmıyor.",9.46,Furkan Ozturk
szxWQTNNCho,000014,data/iborotti/clips/szxWQTNNCho/000014/mouth.mp4,Ve bölümlerin kendine ait belirli bir sıralaması aslında yok.,3.62,Furkan Ozturk
szxWQTNNCho,000015,data/iborotti/clips/szxWQTNNCho/000015/mouth.mp4,Yani biz mesela diyoruz ki işte Boğaziçi Üniversitesi 'nin işte X bölümü şu sıralamadan alıyor ancak başka bir üniversitenin aynı bölümü daha düşük bir sıralamadan alıyor veya başka bir bölümü daha yüksek bir sıralamadan alıyor.,13.34,Furkan Ozturk
szxWQTNNCho,000016,data/iborotti/clips/szxWQTNNCho/000016/mouth.mp4,"Bunlar hani onun ne kadar iyi olduğunu, size ne kadar uygun olduğuyla hiçbir alakası yok.",5.06,Furkan Ozturk
szxWQTNNCho,000017,data/iborotti/clips/szxWQTNNCho/000017/mouth.mp4,Bu tamamen sizden bir önceki sene bu sınava giren insanların tercihlerini yansıtan bir şey.,5.38,Furkan Ozturk
szxWQTNNCho,000018,data/iborotti/clips/szxWQTNNCho/000018/mouth.mp4,"Yani sizin ne istediğiniz, ne yapmak istediğiniz, ne okumak istediğiniz, neleri öğrenmek istediğinizle kesinlikle bilgisi yok.",6.56,Furkan Ozturk
szxWQTNNCho,000019,data/iborotti/clips/szxWQTNNCho/000019/mouth.mp4,"Dolayısıyla bölümlerin kalitesi, bölümlerin ne ifade ettiği ile bu sıralamaları karıştırmayın.",6.32,Furkan Ozturk
szxWQTNNCho,000020,data/iborotti/clips/szxWQTNNCho/000020/mouth.mp4,Ve tercihlerinizi de bu sıralamalara göre yapmayın derim.,3.4,Furkan Ozturk
szxWQTNNCho,000021,data/iborotti/clips/szxWQTNNCho/000021/mouth.mp4,Ne mümkünse zaten bu sınavdan önce bir merakınız vardır.,3.24,Furkan Ozturk
szxWQTNNCho,000022,data/iborotti/clips/szxWQTNNCho/000022/mouth.mp4,"Belirli konularda okumuşsunuzdur, gezmişsinizdir, insanlarla görüp tanışmışsınızdır.",5.28,Furkan Ozturk
szxWQTNNCho,000023,data/iborotti/clips/szxWQTNNCho/000023/mouth.mp4,"Kafanızda belirli bir şey şekillenmiştir ve bu sınav sizin o şeyleri daha derinlikli bir şekilde öğrenmenize vesile olacak, bölüme girmenize yardımcı oluyordur.",10.18,Furkan Ozturk
szxWQTNNCho,000024,data/iborotti/clips/szxWQTNNCho/000024/mouth.mp4,Değilse ben işte şu sıralamayı elde ettim.,3.62,Furkan Ozturk
szxWQTNNCho,000025,data/iborotti/clips/szxWQTNNCho/000025/mouth.mp4,Dolayısıyla şu sıralamada daha önceki sene öğrenci almış bölümlere yerleşeyim diye seçiminizi yaparsanız o zaman kendi seçiminizi değil aslında sizden bir önceki sene tercih yapan insanların yani genelin seçimini yapmış olursunuz.,15.0,Furkan Ozturk
szxWQTNNCho,000026,data/iborotti/clips/szxWQTNNCho/000026/mouth.mp4,Bu size kalmış bir şey ben bunu kendime yakıştıramam yani ben neyi istiyorum ben neye meraklıyım neyi öğrenmek istiyorum sonrasında ne gibi bir hayata kendimi hazırlamak istiyorum beni bu sorular ilgilendiriyordu ve bunun neticesinde fizik bölümünü tercih ettim.,15.1,Furkan Ozturk
szxWQTNNCho,000027,data/iborotti/clips/szxWQTNNCho/000027/mouth.mp4,Hangi bölümü tercih etmeniz konusunda size elbette bir tavsiye vermeyeceğim çünkü herkesin merakları ve tercihleri farklı.,6.54,Furkan Ozturk
szxWQTNNCho,000028,data/iborotti/clips/szxWQTNNCho/000028/mouth.mp4,"Genel olarak şeyi de söyleyemem size yani bu aralar şu bölümler revaçta bunu okursanız başarılı olursunuz, bunu okumazsanız başarılı olmazsınız gibi bir şey söylemek de mümkün değil.",9.54,Furkan Ozturk
szxWQTNNCho,000029,data/iborotti/clips/szxWQTNNCho/000029/mouth.mp4,Eğer birileri size bunları diyorsa onları da bence çok ciddiye almayın derim.,4.36,Furkan Ozturk
szxWQTNNCho,000030,data/iborotti/clips/szxWQTNNCho/000030/mouth.mp4,"Birincisi yani hangi bölüme girdiğiniz, hangi üniversiteyi okuduğunuz kadar ve hatta bundan daha önemli olarak orada ne yaptığınız, o imkanları nasıl değerlendirdiğiniz, o okuduğunuz bölümün gereklilikleri ne kadar yerine getirdiğiniz daha önemli",16.18,Furkan Ozturk
szxWQTNNCho,000031,data/iborotti/clips/szxWQTNNCho/000031/mouth.mp4,"olacak. Dolayısıyla ben şu okula girdim kesinlikle başarılı olacağım, şu bölümü tercih ettim kesinlikle başarılı olacağım veya kesinlikle başarısız olacağım diye bir şey söylemek söz konusu değil.",10.62,Furkan Ozturk
szxWQTNNCho,000032,data/iborotti/clips/szxWQTNNCho/000032/mouth.mp4,Bir de tabii şunu söylemek lazım. Yani lisansta okuduğunuz bölüm size belli bir konuda eğitim veriyor.,5.42,Furkan Ozturk
szxWQTNNCho,000033,data/iborotti/clips/szxWQTNNCho/000033/mouth.mp4,Onun direkt bir meslek karşılığı olmayabilir.,2.38,Furkan Ozturk
szxWQTNNCho,000034,data/iborotti/clips/szxWQTNNCho/000034/mouth.mp4,İlla onu yapmak zorunda da değilsiniz. Yani bazı bölümlerde bu çok bariz oluyor.,5.02,Furkan Ozturk
szxWQTNNCho,000035,data/iborotti/clips/szxWQTNNCho/000035/mouth.mp4,Mesela eğer tıp fakültesine girdiyseniz doktor olma ihtimaliniz çok yüksek.,4.44,Furkan Ozturk
szxWQTNNCho,000036,data/iborotti/clips/szxWQTNNCho/000036/mouth.mp4,Yani tıp fakültesine girip oradan fizikçi veya müzisyen olma ihtimaliniz daha düşük.,4.78,Furkan Ozturk
szxWQTNNCho,000037,data/iborotti/clips/szxWQTNNCho/000037/mouth.mp4,Orada hani birazcık daha kariyerinizdeki bir sonraki aşama daha belirli.,3.98,Furkan Ozturk
szxWQTNNCho,000038,data/iborotti/clips/szxWQTNNCho/000038/mouth.mp4,Ancak işte elektrik mühendisliği okudunuz veya fizik okuduysanız sonrasında ne yapacağınız birazcık daha belirsiz oluyor.,7.32,Furkan Ozturk
szxWQTNNCho,000039,data/iborotti/clips/szxWQTNNCho/000039/mouth.mp4,Daha fazla hani aslında seçenek daha fazla da belirsizlik var aynı şekilde.,4.16,Furkan Ozturk
szxWQTNNCho,000040,data/iborotti/clips/szxWQTNNCho/000040/mouth.mp4,"Ve buralarda da ne kadar ilerleyeceğiniz, ne kadar başarılı olacağınız illa o bölümü hangi bölümü okuduğunuzla ilişkili değil.",7.1,Furkan Ozturk
szxWQTNNCho,000041,data/iborotti/clips/szxWQTNNCho/000041/mouth.mp4,Çünkü sonrasında tamamen farklı bir şey de yapabilirsiniz.,2.92,Furkan Ozturk
szxWQTNNCho,000042,data/iborotti/clips/szxWQTNNCho/000042/mouth.mp4,Dolayısıyla yani demek istediğim sözün özü şu.,3.26,Furkan Ozturk
szxWQTNNCho,000043,data/iborotti/clips/szxWQTNNCho/000043/mouth.mp4,Bu seçtiğiniz bölümle ilgili direkt bir kafanızda gelecek beklentisi olmasın.,5.54,Furkan Ozturk
szxWQTNNCho,000044,data/iborotti/clips/szxWQTNNCho/000044/mouth.mp4,Yani seçtiğiniz bölümü bana kalırsa seçmenizdeki kriterin en başına koymanız gereken şey o konuların öğrenmeyene kadar meraklı olduğunuz.,9.32,Furkan Ozturk
szxWQTNNCho,000045,data/iborotti/clips/szxWQTNNCho/000045/mouth.mp4,"Fizik öğrenmeyene kadar meraklısınız, matematik öğrenmeyene kadar meraklısınız,",4.26,Furkan Ozturk
szxWQTNNCho,000046,data/iborotti/clips/szxWQTNNCho/000046/mouth.mp4,"işte tarih öğrenmeyene kadar meraklısınız, hukuk öğrenmeyene kadar meraklısınız ve sonrasında bu bilgileri kullanarak bir meslek icra ederek hayatınızı sürdürmek istiyor musunuz?",10.44,Furkan Ozturk
szxWQTNNCho,000047,data/iborotti/clips/szxWQTNNCho/000047/mouth.mp4,istemiyor musunuz? Yani asıl bu soruyu kendinize sorun.,3.22,Furkan Ozturk
szxWQTNNCho,000048,data/iborotti/clips/szxWQTNNCho/000048/mouth.mp4,"Sıralamalar insanların ne dediği, sonrasında işte hangisinden insanlar hangi meslekleri bulmuş vs.",6.4,Furkan Ozturk
szxWQTNNCho,000049,data/iborotti/clips/szxWQTNNCho/000049/mouth.mp4,bunlarla o kadar ilgilenmeyin. Kendinize bir yol çizmeye çalışın.,3.36,Furkan Ozturk
szxWQTNNCho,000050,data/iborotti/clips/szxWQTNNCho/000050/mouth.mp4,Kendinize bir yol çizerken de kendinizi en iyi şekilde eğiteceğini ve en mutlu en meraklı bir şekilde okuyacağınız bölümü tercih etmeye çalışın.,8.28,Furkan Ozturk
szxWQTNNCho,000051,data/iborotti/clips/szxWQTNNCho/000051/mouth.mp4,Ben şahsen böyle yaptım. Bu tabii ki bazılarınız için muhtemelen mümkün olmayacak.,5.62,Furkan Ozturk
szxWQTNNCho,000052,data/iborotti/clips/szxWQTNNCho/000052/mouth.mp4,Bunun aynı zamanda birazcık lüks olduğunun da farkındayım.,3.24,Furkan Ozturk
szxWQTNNCho,000053,data/iborotti/clips/szxWQTNNCho/000053/mouth.mp4,Ancak bunu böyle yaptığım için de şu an tatmin olarak yaptığım bir mesleğim var.,4.9,Furkan Ozturk
szxWQTNNCho,000054,data/iborotti/clips/szxWQTNNCho/000054/mouth.mp4,Çok mutlu bir şekilde yaptığım mesleği rica ediyorum.,2.94,Furkan Ozturk
szxWQTNNCho,000055,data/iborotti/clips/szxWQTNNCho/000055/mouth.mp4,Bunun da elbette sebebi baştan buraya meraklı olarak girmiş olmam.,3.72,Furkan Ozturk
szxWQTNNCho,000056,data/iborotti/clips/szxWQTNNCho/000056/mouth.mp4,Bunu yapmak istediğim için yapıyor olmam.,2.46,Furkan Ozturk
szxWQTNNCho,000057,data/iborotti/clips/szxWQTNNCho/000057/mouth.mp4,"Değilse, ya benim girdiğim sene ben üniversite sınavına ilk 100'den girmiştim yerleştiğim bölüme.",5.48,Furkan Ozturk
szxWQTNNCho,000058,data/iborotti/clips/szxWQTNNCho/000058/mouth.mp4,Şu anki sıralamalarla hiç uzaktan yakından alakası yoktu.,3.56,Furkan Ozturk
szxWQTNNCho,000059,data/iborotti/clips/szxWQTNNCho/000059/mouth.mp4,Bilkent Fizik bölümü o senelerde 60 bin civarında alıyordu.,3.6,Furkan Ozturk
szxWQTNNCho,000060,data/iborotti/clips/szxWQTNNCho/000060/mouth.mp4,Yani son yerleşen öğrenci o sıralamadan girmişti.,2.88,Furkan Ozturk
szxWQTNNCho,000061,data/iborotti/clips/szxWQTNNCho/000061/mouth.mp4,"Hani baktığınız zaman ilk yüz nerede, altmış bin nerede?",3.74,Furkan Ozturk
szxWQTNNCho,000062,data/iborotti/clips/szxWQTNNCho/000062/mouth.mp4,Hani onu hiç düşünmedim. Sonrasında da hiç pişman olmadım.,4.56,Furkan Ozturk
szxWQTNNCho,000063,data/iborotti/clips/szxWQTNNCho/000063/mouth.mp4,Elbette size benim yaptığımın aynısını yapın demiyorum.,3.02,Furkan Ozturk
szxWQTNNCho,000064,data/iborotti/clips/szxWQTNNCho/000064/mouth.mp4,Ancak kendi deneyimlerim üzerinden bunun beni çok tatmin ettiğini söylemiş olayım.,5.62,Furkan Ozturk
szxWQTNNCho,000065,data/iborotti/clips/szxWQTNNCho/000065/mouth.mp4,"Eğer kafanızda bir bölüm oturduysa, bana kalırsa bölüm ve sonrasında üniversiteyi tercih edin derim.",6.64,Furkan Ozturk
szxWQTNNCho,000066,data/iborotti/clips/szxWQTNNCho/000066/mouth.mp4,Yani o bölümü nerede okumak istiyorsanız çeşitli belki kafanızda kriterler vardır.,5.42,Furkan Ozturk
szxWQTNNCho,000067,data/iborotti/clips/szxWQTNNCho/000067/mouth.mp4,"Bazıları objektif, bazıları subjektif. Bunların neticesinde bölümü belirledikten sonra üniversiteyi tercih edin derim.",5.96,Furkan Ozturk
szxWQTNNCho,000068,data/iborotti/clips/szxWQTNNCho/000068/mouth.mp4,Elbette bir sürü şey rol oynuyor bunda.,2.5,Furkan Ozturk
szxWQTNNCho,000069,data/iborotti/clips/szxWQTNNCho/000069/mouth.mp4,Yani bazı üniversitelerin bazı bölümleri iyiyken aynı üniversitenin farklı bölümleri yine daha iyi olmayabiliyor.,7.5,Furkan Ozturk
szxWQTNNCho,000070,data/iborotti/clips/szxWQTNNCho/000070/mouth.mp4,Dolayısıyla genel geçer iyi bir üniversite de yok.,2.66,Furkan Ozturk
szxWQTNNCho,000071,data/iborotti/clips/szxWQTNNCho/000071/mouth.mp4,"Bir de tabii şehir var, işte aile var, çeşitli başka faktörler var.",4.68,Furkan Ozturk
szxWQTNNCho,000072,data/iborotti/clips/szxWQTNNCho/000072/mouth.mp4,Bunlar devreye giriyor. Bunları da göz önünde bulunduracaksınız.,3.0,Furkan Ozturk
szxWQTNNCho,000073,data/iborotti/clips/szxWQTNNCho/000073/mouth.mp4,Muhakkak Muhakkak gitmek istediğiniz üniversiteyi gezin derim.,3.2,Furkan Ozturk
szxWQTNNCho,000074,data/iborotti/clips/szxWQTNNCho/000074/mouth.mp4,Nereye gitmek istediğinizi yani nerede okuyacağınızı mutlaka bir gezin görün derim.,5.44,Furkan Ozturk
szxWQTNNCho,000075,data/iborotti/clips/szxWQTNNCho/000075/mouth.mp4,Oradaki insanlarla konuşun. Hali hazırda öğrencileri bir durdurun konuşun.,4.04,Furkan Ozturk
szxWQTNNCho,000076,data/iborotti/clips/szxWQTNNCho/000076/mouth.mp4,Orada okumak nasıl bir his?,2.34,Furkan Ozturk
szxWQTNNCho,000077,data/iborotti/clips/szxWQTNNCho/000077/mouth.mp4,"Orada sizi neler bekliyor? Muhakkak gideceğiniz bölümdeki, girmek istediğiniz bölümdeki hocalarla konuşun derim.",6.34,Furkan Ozturk
szxWQTNNCho,000078,data/iborotti/clips/szxWQTNNCho/000078/mouth.mp4,Ne kadar bilerek tercih yaparsanız o kadar iyi.,2.92,Furkan Ozturk
szxWQTNNCho,000079,data/iborotti/clips/szxWQTNNCho/000079/mouth.mp4,Elbette her şeyi bilmeniz mümkün değil. Bazen o yolun içine girdiğiniz zaman bazı şeyleri görmeye başlıyorsunuz.,6.48,Furkan Ozturk
szxWQTNNCho,000080,data/iborotti/clips/szxWQTNNCho/000080/mouth.mp4,"Bazen pişmanlıklar olabiliyor, ben bunu beklemiyordum diyebiliyorsunuz ama baştana kadar çok kendinizi eğitirseniz, gitmek istediğiniz yerle alakalı tercih yapmak için de elinizde o kadar veri olur.",12.07,Furkan Ozturk
szxWQTNNCho,000081,data/iborotti/clips/szxWQTNNCho/000081/mouth.mp4,Üniversite lisans süreci aslında çok eğlenceli bir süreç.,3.5,Furkan Ozturk
szxWQTNNCho,000082,data/iborotti/clips/szxWQTNNCho/000082/mouth.mp4,Yani önünüzde çok güzel bir 4 -5 yıl var eğer hazırlıkta okursanız.,5.04,Furkan Ozturk
szxWQTNNCho,000083,data/iborotti/clips/szxWQTNNCho/000083/mouth.mp4,Bunu çok iyi değerlendirmeniz lazım. Çünkü bu hayatınızın en güzel yılları ve aynı zamanda da hani çok gençsiniz.,7.4,Furkan Ozturk
szxWQTNNCho,000084,data/iborotti/clips/szxWQTNNCho/000084/mouth.mp4,Bu yıllarda öğrenmeye çok açıksınız. Bir sürü şeyi öğrenebilirsiniz ve öğrenmelisiniz.,5.74,Furkan Ozturk
szxWQTNNCho,000085,data/iborotti/clips/szxWQTNNCho/000085/mouth.mp4,"Ve bu zamanda öğrendiğiniz, kendinize kattığınız şeylerin sonrasında size katkısı da o ölçüde büyük oluyor.",6.44,Furkan Ozturk
szxWQTNNCho,000086,data/iborotti/clips/szxWQTNNCho/000086/mouth.mp4,Kendinize öğrettiğiniz şeyleri ki bu sadece akademik bilgi değil aynı zamanda görgü aynı zamanda belli sosyal bakış belli estetik bakış belki de sportif olarak kendinizi geliştirmeniz yani bir anlamda bireyselleşmeniz kendi,15.78,Furkan Ozturk
szxWQTNNCho,000087,data/iborotti/clips/szxWQTNNCho/000087/mouth.mp4,kimliğinizi kazanmanız düşünsel kimliğinizi oturtmanız bunlar üniversite yıllarında oluyor.,4.9,Furkan Ozturk
szxWQTNNCho,000088,data/iborotti/clips/szxWQTNNCho/000088/mouth.mp4,İnsanlar bu yıllarda çok çok kendini geliştiriyorlar.,3.92,Furkan Ozturk
szxWQTNNCho,000089,data/iborotti/clips/szxWQTNNCho/000089/mouth.mp4,Ailenin yanından belki ilk defa ayrıldığınız zaman olacak.,2.72,Furkan Ozturk
szxWQTNNCho,000090,data/iborotti/clips/szxWQTNNCho/000090/mouth.mp4,O ailenin size katlığı şeyin haricinde bir düşünce dünyanız gelişmeye başlayacak.,5.38,Furkan Ozturk
szxWQTNNCho,000091,data/iborotti/clips/szxWQTNNCho/000091/mouth.mp4,Belki kendine ait bir yaşam felsefeniz oluşacak.,3.6,Furkan Ozturk
szxWQTNNCho,000092,data/iborotti/clips/szxWQTNNCho/000092/mouth.mp4,Bunlar çok heyecan verici şeyler. Onun için sizin de heyecan duyuyor olduğunuzu zannediyorum.,5.26,Furkan Ozturk
szxWQTNNCho,000093,data/iborotti/clips/szxWQTNNCho/000093/mouth.mp4,"Bundan dolayı da mutlu olun, stres olmayın.",3.36,Furkan Ozturk
szxWQTNNCho,000094,data/iborotti/clips/szxWQTNNCho/000094/mouth.mp4,Çok güzel zamanlar bunlar. Olabildiğince kendinizi üniversite yıllarında geliştirmeye çalışın.,5.76,Furkan Ozturk
szxWQTNNCho,000095,data/iborotti/clips/szxWQTNNCho/000095/mouth.mp4,Çünkü bu yıllar bir daha geri gelmiyor ve o kadar vaktinizde hiçbir zaman olmuyor.,5.02,Furkan Ozturk
szxWQTNNCho,000096,data/iborotti/clips/szxWQTNNCho/000096/mouth.mp4,"Sonrasında işte yapacağınız belki bir doktora araştırmasında, doktora seviyesinde bir alana çok derinleşmeniz gerekiyor.",7.06,Furkan Ozturk
szxWQTNNCho,000097,data/iborotti/clips/szxWQTNNCho/000097/mouth.mp4,"O kadar genel çaplı bir eğitim almak için, genel çaplı kendinizi yetiştirmeniz için vaktiniz olmuyor.",5.86,Furkan Ozturk
szxWQTNNCho,000098,data/iborotti/clips/szxWQTNNCho/000098/mouth.mp4,Ve elbette tabii üniversitedeki sosyal yaşam da çok daha canlı oluyor.,5.14,Furkan Ozturk
szxWQTNNCho,000099,data/iborotti/clips/szxWQTNNCho/000099/mouth.mp4,Doktora daha sonrasında meslek hayatında daha dar bir çevreyle etkileşiyorsunuz.,3.94,Furkan Ozturk
szxWQTNNCho,000100,data/iborotti/clips/szxWQTNNCho/000100/mouth.mp4,"Yani kısacası sizin büyük ölçüde felsefenizin, düşünce dünyanızın en büyük şekilde gelişeceği zaman üniversite zamanı.",8.94,Furkan Ozturk
szxWQTNNCho,000101,data/iborotti/clips/szxWQTNNCho/000101/mouth.mp4,"Sonrasında onu birazcık daha olgunlaştırıyorsunuz, rafine ediyorsunuz.",3.68,Furkan Ozturk
szxWQTNNCho,000102,data/iborotti/clips/szxWQTNNCho/000102/mouth.mp4,Üzerine elbette şeyler koymaya devam ediyorsunuz.,2.34,Furkan Ozturk
szxWQTNNCho,000103,data/iborotti/clips/szxWQTNNCho/000103/mouth.mp4,Hiçbir zaman eğitim bitmiyor ama temellerini o zaman atıyorsunuz.,3.54,Furkan Ozturk
szxWQTNNCho,000104,data/iborotti/clips/szxWQTNNCho/000104/mouth.mp4,Bu akademik eğitimin temelleri için de öyle.,3.0,Furkan Ozturk
szxWQTNNCho,000105,data/iborotti/clips/szxWQTNNCho/000105/mouth.mp4,Unutmayın ki lisans eğitimi çok genel geçer bir eğitim.,3.16,Furkan Ozturk
szxWQTNNCho,000106,data/iborotti/clips/szxWQTNNCho/000106/mouth.mp4,"Yani üniversiteyi bitirdiğinizde fizikçi aslında olmuyorsunuz, üniversiteyi bitirdiğinizde matematikçi de olmuyorsunuz, hukukçu da olmuyorsunuz.",7.1,Furkan Ozturk
szxWQTNNCho,000108,data/iborotti/clips/szxWQTNNCho/000108/mouth.mp4,Kesinlikle derinleştiğiniz bir yer olmuyor.,3.04,Furkan Ozturk
szxWQTNNCho,000109,data/iborotti/clips/szxWQTNNCho/000109/mouth.mp4,"Yani zannetmeyin ki işte bütün fiziği dört senede öğrenebilirsiniz, bütün işte tarihi dört senede öğrenebilirsiniz.",6.88,Furkan Ozturk
szxWQTNNCho,000110,data/iborotti/clips/szxWQTNNCho/000110/mouth.mp4,"Böyle değil, böyle beklentiniz olmasın.",2.24,Furkan Ozturk
szxWQTNNCho,000111,data/iborotti/clips/szxWQTNNCho/000111/mouth.mp4,"Çünkü beklentiniz şu olsun, üniversite ile birlikte artık belirli bir konunun müfredatını 4 sene boyunca göreceksiniz ve bunun etrafında sizi geliştirecek belirli dersler alacaksınız.",12.3,Furkan Ozturk
szxWQTNNCho,000112,data/iborotti/clips/szxWQTNNCho/000112/mouth.mp4,Ve büyük ölçüde özgürlüğünüz olacak bunu yapabilmek için.,2.96,Furkan Ozturk
szxWQTNNCho,000113,data/iborotti/clips/szxWQTNNCho/000113/mouth.mp4,Yani lise müfredatı ve onun öncesi sizin hazırladığınız değil sizin için hazırlanmış bir müfredat.,5.2,Furkan Ozturk
szxWQTNNCho,000114,data/iborotti/clips/szxWQTNNCho/000114/mouth.mp4,"Lisedeki müfredat belli, başka bir müfredat görme şansınız yok.",3.8,Furkan Ozturk
szxWQTNNCho,000115,data/iborotti/clips/szxWQTNNCho/000115/mouth.mp4,"Ama üniversitede almak istediğiniz dersleri, gitmek istediğiniz yerleri, belki de öğrenmek istediğiniz şeyleri siz seçiyorsunuz.",10.04,Furkan Ozturk
szxWQTNNCho,000116,data/iborotti/clips/szxWQTNNCho/000116/mouth.mp4,Tamamen özgürlük sizin elinizde. Tabii ki de belirli bir bölümü okuduğunuz için o bölümün temel derslerini almak zorundasınız.,7.26,Furkan Ozturk
szxWQTNNCho,000117,data/iborotti/clips/szxWQTNNCho/000117/mouth.mp4,Ama umarım ki severek girdiğiniz bir bölümdür bu.,3.2,Furkan Ozturk
szxWQTNNCho,000118,data/iborotti/clips/szxWQTNNCho/000118/mouth.mp4,Dolayısıyla o dersler de sizin için heyecan verici şeyler olacaktır.,3.78,Furkan Ozturk
szxWQTNNCho,000119,data/iborotti/clips/szxWQTNNCho/000119/mouth.mp4,Sadece bölümünüzden dersler de almayacaksınız.,3.44,Furkan Ozturk
szxWQTNNCho,000120,data/iborotti/clips/szxWQTNNCho/000120/mouth.mp4,"Bunun dışında işte fizik okuyorsanız, beşeri bilimlerden,",4.0,Furkan Ozturk
szxWQTNNCho,000121,data/iborotti/clips/szxWQTNNCho/000121/mouth.mp4,"tarihten, ne bileyim güzel sanatlardan da dersler alabileceksiniz.",3.68,Furkan Ozturk
szxWQTNNCho,000122,data/iborotti/clips/szxWQTNNCho/000122/mouth.mp4,"Bunu belirleme özgürlüğünüz olacak, seçmeli dersleriniz olacak.",3.5,Furkan Ozturk
szxWQTNNCho,000123,data/iborotti/clips/szxWQTNNCho/000123/mouth.mp4,Bunları ayarlayarak birçok farklı konuda kendinizi geliştirebilirsiniz.,3.82,Furkan Ozturk
szxWQTNNCho,000124,data/iborotti/clips/szxWQTNNCho/000124/mouth.mp4,Meraklı olduğunuz alanlarda kendinizi eğitebilirsiniz. Bunun hiçbir sınırı yok.,3.9,Furkan Ozturk
szxWQTNNCho,000125,data/iborotti/clips/szxWQTNNCho/000125/mouth.mp4,Elbette temel derslerin belli sayıda almak zorundasınız.,3.16,Furkan Ozturk
szxWQTNNCho,000126,data/iborotti/clips/szxWQTNNCho/000126/mouth.mp4,Belli işte krediyi doldurmak zorundasınız. Yani belli sınırlar elbette ki var.,4.46,Furkan Ozturk
szxWQTNNCho,000127,data/iborotti/clips/szxWQTNNCho/000127/mouth.mp4,Ama büyük ölçüde özgürsünüz. Dil öğreneceksiniz eğer İngilizce okuyorsanız bu önemli bir şey yani hazırlık okumak vakit kaybı olarak düşünmeyin eğer o zamana kadar öyle bir hazırlık yapmadıysanız o aşamada yapmak için elinizde güzel bir imkan var ve insanlar öğreniyor yani,15.7,Furkan Ozturk
szxWQTNNCho,000128,data/iborotti/clips/szxWQTNNCho/000128/mouth.mp4,OTTÜ'de Bilkent'te benim gördüğüm hazırlık okuyan insanlar daha öncesinde bilgisi olmayan insanlar bu bilgileri öğreniyor öğrendi.,6.72,Furkan Ozturk
szxWQTNNCho,000129,data/iborotti/clips/szxWQTNNCho/000129/mouth.mp4,Sonrasında da işte dediğim gibi dersler alıyorsunuz.,3.44,Furkan Ozturk
szxWQTNNCho,000130,data/iborotti/clips/szxWQTNNCho/000130/mouth.mp4,Lisansta zaten en önemli şey aslında bu aldığınız dersler ve bu derslerde gösterdiğiniz kavrayış ve başarı ve bunun neticesinde gelen notlar.,8.38,Furkan Ozturk
szxWQTNNCho,000131,data/iborotti/clips/szxWQTNNCho/000131/mouth.mp4,Çünkü araştırma ve işte başka makale yazma gibi diyeyim mesela araştırma ve bunun neticesinde makale yazma gibi şeyler ikinci hatta üçüncü derecede önemli.,9.94,Furkan Ozturk
szxWQTNNCho,000132,data/iborotti/clips/szxWQTNNCho/000132/mouth.mp4,"Yani lisansta asıl önemli olan şeyler dersleriniz ve bu derslere istikrarlı olarak katılmanız, bu derslerden bir şeyler öğrenmeniz ve kendinizi geliştirmeniz.",9.16,Furkan Ozturk
szxWQTNNCho,000133,data/iborotti/clips/szxWQTNNCho/000133/mouth.mp4,Ben hani üniversiteye başladığımda doğrusunu söylemek gerekirse daha öncesinde fiziğe çok meraklı olmama rağmen ve işte bilim -sanat merkezine gitmiş olmama rağmen ve kendimi bayağı bu konuda eğitmeye çalışmış olmama rağmen gördüm ki hani temel düzeyde bilgim hiç yok derecesinde.,15.86,Furkan Ozturk
szxWQTNNCho,000134,data/iborotti/clips/szxWQTNNCho/000134/mouth.mp4,Ve büyük ölçüde öğrendiğim şeylerin tamamını temel anlamda Bilkent'te fizik okurken öğrendim.,5.46,Furkan Ozturk
szxWQTNNCho,000135,data/iborotti/clips/szxWQTNNCho/000135/mouth.mp4,Dolayısıyla şey diye düşünmeyin ya ben öncesinde bir şeyler bilmem gerekiyordu aksi halde bu dersleri yapamam.,4.94,Furkan Ozturk
szxWQTNNCho,000136,data/iborotti/clips/szxWQTNNCho/000136/mouth.mp4,Orada öğreneceksiniz. Öğrenmek için yeteri kadar vaktiniz var.,3.22,Furkan Ozturk
szxWQTNNCho,000137,data/iborotti/clips/szxWQTNNCho/000137/mouth.mp4,"Eğer çalışırsanız, çok çalışırsanız bunu yapabilirsiniz.",3.22,Furkan Ozturk
szxWQTNNCho,000138,data/iborotti/clips/szxWQTNNCho/000138/mouth.mp4,Bazen bana işte insanlar yazıyorlar. Bunu yazan insanlar 18 -19 yaşında insanlar.,4.4,Furkan Ozturk
szxWQTNNCho,000139,data/iborotti/clips/szxWQTNNCho/000139/mouth.mp4,Belli şeyleri yapmak için çok geç kaldım diye. Kesinlikle değil.,3.2,Furkan Ozturk
szxWQTNNCho,000140,data/iborotti/clips/szxWQTNNCho/000140/mouth.mp4,Yani özellikle akademik işler için değil.,2.44,Furkan Ozturk
szxWQTNNCho,000141,data/iborotti/clips/szxWQTNNCho/000141/mouth.mp4,"Bunu üniversitede yapabilecek vaktiniz, enerjiniz, zamanınız var.",3.82,Furkan Ozturk
szxWQTNNCho,000142,data/iborotti/clips/szxWQTNNCho/000142/mouth.mp4,Özellikle de zamanınız var. Dediğim gibi sonrasında bu zamanınız olmayacak.,3.64,Furkan Ozturk
szxWQTNNCho,000143,data/iborotti/clips/szxWQTNNCho/000143/mouth.mp4,İşleri baştan sıkı tutun. Kesinlikle ders kaçırmayın.,3.26,Furkan Ozturk
szxWQTNNCho,000144,data/iborotti/clips/szxWQTNNCho/000144/mouth.mp4,"Elinizde olan şeyleri, yani sizin elinizde olan şeyleri olabildiğince en iyi şekilde yapmaya çalışın.",5.7,Furkan Ozturk
szxWQTNNCho,000145,data/iborotti/clips/szxWQTNNCho/000145/mouth.mp4,Çünkü bir sürü sizin elinizde olmayan ve şans faktörü dediğimiz şeyler olacak.,5.36,Furkan Ozturk
szxWQTNNCho,000146,data/iborotti/clips/szxWQTNNCho/000146/mouth.mp4,Elinizde olan şeyleri ne kadar düzgün yaparsanız işinize o kadar az şansa bırakırsınız.,6.0,Furkan Ozturk
szxWQTNNCho,000147,data/iborotti/clips/szxWQTNNCho/000147/mouth.mp4,Şansın rolü elbette yatsınamaz. Ancak şansın rolünü minimize edecek şekilde çalışın.,6.4,Furkan Ozturk
szxWQTNNCho,000148,data/iborotti/clips/szxWQTNNCho/000148/mouth.mp4,İş etiğinizi o şekilde oturtmaya çalışın.,2.76,Furkan Ozturk
szxWQTNNCho,000149,data/iborotti/clips/szxWQTNNCho/000149/mouth.mp4,"Plan yapma, çalışma düzeni oturtma, kendinizi tanıma.",3.44,Furkan Ozturk
szxWQTNNCho,000150,data/iborotti/clips/szxWQTNNCho/000150/mouth.mp4,Bunlar hep lisans sürecinde olacak şeyler. Kolay olmayacak ama 4 seneniz var.,4.28,Furkan Ozturk
szxWQTNNCho,000151,data/iborotti/clips/szxWQTNNCho/000151/mouth.mp4,Ve bu süreçte yapabileceklerinizin limitleri çok çok yukarıda.,4.38,Furkan Ozturk
szxWQTNNCho,000152,data/iborotti/clips/szxWQTNNCho/000152/mouth.mp4,Tahmin ettiğinizden de muhtemelen çok yukarıda.,2.26,Furkan Ozturk
szxWQTNNCho,000153,data/iborotti/clips/szxWQTNNCho/000153/mouth.mp4,Onun için düzeninizi oturtmaya başlayın.,2.62,Furkan Ozturk
szxWQTNNCho,000154,data/iborotti/clips/szxWQTNNCho/000154/mouth.mp4,Birinci haftadan itibaren üniversitenin sonuncu haftasına kadar işleri sıkı tutun.,4.88,Furkan Ozturk
szxWQTNNCho,000155,data/iborotti/clips/szxWQTNNCho/000155/mouth.mp4,"Yani ders ihmal etme, ders kaçırma diye bir şeyiniz bana kalırsa kesinlikle olmasın.",4.26,Furkan Ozturk
szxWQTNNCho,000156,data/iborotti/clips/szxWQTNNCho/000156/mouth.mp4,Yani kötü bile olsa dersi anlatan kişi.,2.52,Furkan Ozturk
szxWQTNNCho,000157,data/iborotti/clips/szxWQTNNCho/000157/mouth.mp4,"Dersten faydalanmadığınızı düşünseniz bile plana oturtmak adına, kendi düzeninizi devam ettirmek adına ve bir iş etiği anlamında derslerinizi kaçırmayın derim.",8.3,Furkan Ozturk
szxWQTNNCho,000158,data/iborotti/clips/szxWQTNNCho/000158/mouth.mp4,Yani benim hastalık dışında ve çok çok istisnai durumlar dışında üniversitede kaçırdığım hiç ders ve laboratuvar olmadı.,6.68,Furkan Ozturk
szxWQTNNCho,000159,data/iborotti/clips/szxWQTNNCho/000159/mouth.mp4,Bunların hepsini de elbette aynı derecede öğrenmedim.,2.58,Furkan Ozturk
szxWQTNNCho,000160,data/iborotti/clips/szxWQTNNCho/000160/mouth.mp4,"Bazı dersler çok öğreticiydi, bazı dersler hiç öğretici değildi.",3.46,Furkan Ozturk
szxWQTNNCho,000161,data/iborotti/clips/szxWQTNNCho/000161/mouth.mp4,"Yani belirli şeyleri nasıl diyeyim, böyle ibadet gibi yaparsanız sonrasında onlardan caymanız da daha zor oluyor.",6.24,Furkan Ozturk
szxWQTNNCho,000162,data/iborotti/clips/szxWQTNNCho/000162/mouth.mp4,Çünkü onu oturtmuş oluyorsunuz. Üniversitenin bir de birçok imkanı var.,3.46,Furkan Ozturk
szxWQTNNCho,000163,data/iborotti/clips/szxWQTNNCho/000163/mouth.mp4,"Bu imkanları kullanın. Yani kütüphanesi var, kitaplar çok pahalı olabilir.",4.3,Furkan Ozturk
szxWQTNNCho,000164,data/iborotti/clips/szxWQTNNCho/000164/mouth.mp4,"Almanıza gerek yok, kütüphaneden kullanın. Konserler çok pahalı oluyor.",3.76,Furkan Ozturk
szxWQTNNCho,000165,data/iborotti/clips/szxWQTNNCho/000165/mouth.mp4,Dışarıda belki öğrenci olarak gidemiyorsunuz ama üniversite öğrencilerine bedava olmasa da indirimli olarak bunları sağlıyor.,6.58,Furkan Ozturk
szxWQTNNCho,000166,data/iborotti/clips/szxWQTNNCho/000166/mouth.mp4,"Bir sosyal hayat var üniversitenin içinde. Sonra sosyalleşmek için de enerji, para ve zaman harcamanız gerekecek.",6.68,Furkan Ozturk
szxWQTNNCho,000167,data/iborotti/clips/szxWQTNNCho/000167/mouth.mp4,"Bu sosyal hayatı, arkadaş çevresini hani networking deniyor ya bunu da üniversitede oturtmaya çalışın.",6.34,Furkan Ozturk
szxWQTNNCho,000168,data/iborotti/clips/szxWQTNNCho/000168/mouth.mp4,Bu imkanlardan da yararlanın. Üniversitede hocalar yani size bir şey öğretmek için çabalıyorlar.,5.64,Furkan Ozturk
szxWQTNNCho,000169,data/iborotti/clips/szxWQTNNCho/000169/mouth.mp4,Daha doğrusu çabalayanlar var. Bu hocaları bulduğunuz zaman onların yakasına sıkı sıkı sarılın.,4.66,Furkan Ozturk
szxWQTNNCho,000170,data/iborotti/clips/szxWQTNNCho/000170/mouth.mp4,ofis saatlerini kaçırmayın. Onlardan bir şeyler öğrenmeye çalışın.,3.58,Furkan Ozturk
szxWQTNNCho,000171,data/iborotti/clips/szxWQTNNCho/000171/mouth.mp4,Israrcı olmanız lazım. Hocanın vakti olmayabilir.,3.2,Furkan Ozturk
szxWQTNNCho,000172,data/iborotti/clips/szxWQTNNCho/000172/mouth.mp4,"E -maillerinize dönmeyebilir. Bazen gidersiniz, istediğiniz öğrenemezsiniz.",5.17,Furkan Ozturk
szxWQTNNCho,000173,data/iborotti/clips/szxWQTNNCho/000173/mouth.mp4,Beklediğiniz soruya beklediğiniz cevabı alamayabilirsiniz.,2.44,Furkan Ozturk
szxWQTNNCho,000174,data/iborotti/clips/szxWQTNNCho/000174/mouth.mp4,Olsun. Yani bunlar hep olan şeyler.,2.34,Furkan Ozturk
szxWQTNNCho,000175,data/iborotti/clips/szxWQTNNCho/000175/mouth.mp4,Mutlaka ısrarcı olun. Ana hedefinize odaklanın.,2.72,Furkan Ozturk
szxWQTNNCho,000176,data/iborotti/clips/szxWQTNNCho/000176/mouth.mp4,Orada öğrenmek için varsınız. Kendinizi geliştirmek için varsınız.,3.46,Furkan Ozturk
szxWQTNNCho,000177,data/iborotti/clips/szxWQTNNCho/000177/mouth.mp4,"İnsanlara küsmeyin, darılmayın. İşte bu hoca beni sevmedi.",3.4,Furkan Ozturk
szxWQTNNCho,000178,data/iborotti/clips/szxWQTNNCho/000178/mouth.mp4,O arkadaşım şey yapmadı. Bunlar sonrasında geriye baktığınızda çok da aslında önemi olmayan şeyler.,5.8,Furkan Ozturk
szxWQTNNCho,000179,data/iborotti/clips/szxWQTNNCho/000179/mouth.mp4,Sizinle kalan şey orada kendinizi nasıl geliştirdiğiniz ve o yetişmeniz neticesinde bir sonraki aşamaya ne kadar iyi bir şekilde geçebildiğiniz.,8.68,Furkan Ozturk
szxWQTNNCho,000180,data/iborotti/clips/szxWQTNNCho/000180/mouth.mp4,Bu hedefe yönelik olarak durmadan ilerlemeye çalışın.,3.62,Furkan Ozturk
szxWQTNNCho,000181,data/iborotti/clips/szxWQTNNCho/000181/mouth.mp4,Lisans çok çok önemli. Çünkü lisansta tökezlerseniz sonrasında iyi bir doktora programına kabul almanız çok zor oluyor.,7.0,Furkan Ozturk
szxWQTNNCho,000182,data/iborotti/clips/szxWQTNNCho/000182/mouth.mp4,İyi bir doktora programına kabul alamadığınızda araştırmanız bundan çok etkilenecek.,4.52,Furkan Ozturk
szxWQTNNCho,000183,data/iborotti/clips/szxWQTNNCho/000183/mouth.mp4,Akademik kariyerinizde o ölçüde parlak bir şekilde başlayamayacak.,3.76,Furkan Ozturk
szxWQTNNCho,000184,data/iborotti/clips/szxWQTNNCho/000184/mouth.mp4,Ondan sonra rayına oturtmanız mümkün olmayabilir.,2.76,Furkan Ozturk
szxWQTNNCho,000185,data/iborotti/clips/szxWQTNNCho/000185/mouth.mp4,"Yani baştan ne kadar sıkı tutturursanız, bir sonraki aşamaya ne kadar iyi geçerseniz, ondan bir sonraki aşamaya da o kadar iyi bir şekilde geçme ihtimaliniz artıyor.",8.98,Furkan Ozturk
szxWQTNNCho,000186,data/iborotti/clips/szxWQTNNCho/000186/mouth.mp4,Dediğim gibi lisans önemli ölçüde eğitim alma yeri.,3.56,Furkan Ozturk
szxWQTNNCho,000187,data/iborotti/clips/szxWQTNNCho/000187/mouth.mp4,"Dersleriniz burada önemli, not ortalamanız önemli, GPA 'niz önemli.",3.66,Furkan Ozturk
szxWQTNNCho,000188,data/iborotti/clips/szxWQTNNCho/000188/mouth.mp4,Ama araştırmanın da bir ölçüde önemi var.,2.88,Furkan Ozturk
szxWQTNNCho,000189,data/iborotti/clips/szxWQTNNCho/000189/mouth.mp4,Çünkü araştırma tecrübesini size farklı alanları görmenizi sağlıyor.,4.1,Furkan Ozturk
szxWQTNNCho,000190,data/iborotti/clips/szxWQTNNCho/000190/mouth.mp4,Hocalarla daha yakın bir ilişki kurmanızı sağlıyor.,2.34,Furkan Ozturk
szxWQTNNCho,000191,data/iborotti/clips/szxWQTNNCho/000191/mouth.mp4,Onlardan belki referans mektubu almanızı sağlıyor.,2.32,Furkan Ozturk
szxWQTNNCho,000192,data/iborotti/clips/szxWQTNNCho/000192/mouth.mp4,birazcık kendinizi araştırmacı olarak tanımanızı sağlıyor.,2.8,Furkan Ozturk
szxWQTNNCho,000193,data/iborotti/clips/szxWQTNNCho/000193/mouth.mp4,Bir de bir sonraki aşamada tercih yapacağınız için doktora eğer yapacaksanız hangi alanda uzmanlaşmak istediğiniz konusunda size bilgi veriyor.,7.16,Furkan Ozturk
szxWQTNNCho,000194,data/iborotti/clips/szxWQTNNCho/000194/mouth.mp4,Kanalımdan da biliyorsunuz yaz stajlarını bir metot olarak kendime belirlemiştim üniversiteye başladığımda ve birinci sınıfın yazından itibaren yurt dışında staj programları kendime ayarlamıştım.,9.96,Furkan Ozturk
szxWQTNNCho,000195,data/iborotti/clips/szxWQTNNCho/000195/mouth.mp4,Bunları tamamen insanlar çok soruyor ama kendim e -mail atarak buldum araştırma gruplarına.,5.2,Furkan Ozturk
szxWQTNNCho,000196,data/iborotti/clips/szxWQTNNCho/000196/mouth.mp4,Biraz zor olmuştu. Çok deneme yapmanız gerekiyor.,3.34,Furkan Ozturk
szxWQTNNCho,000197,data/iborotti/clips/szxWQTNNCho/000197/mouth.mp4,Bu tarz şeylerde başarı gösterebilmeniz için.,2.72,Furkan Ozturk
szxWQTNNCho,000198,data/iborotti/clips/szxWQTNNCho/000198/mouth.mp4,Benim o zaman bulduğum metot oydu. Elbette benim aldığım 2 -3 farklı yerden burs vardı.,4.82,Furkan Ozturk
szxWQTNNCho,000199,data/iborotti/clips/szxWQTNNCho/000199/mouth.mp4,Ve kendi seyahatimi kendim finanse edebilecek kadar burs kazanıyordum.,4.04,Furkan Ozturk
szxWQTNNCho,000200,data/iborotti/clips/szxWQTNNCho/000200/mouth.mp4,O zamanki ekonomik durumda buna el veriyordu.,2.68,Furkan Ozturk
szxWQTNNCho,000201,data/iborotti/clips/szxWQTNNCho/000201/mouth.mp4,"Böyle bir durumunuz varsa, dışarıdan burs alıyorsanız ve burslarla seyahat etmenize imkan varsa bu büyük bir avantaj.",6.02,Furkan Ozturk
szxWQTNNCho,000202,data/iborotti/clips/szxWQTNNCho/000202/mouth.mp4,"Çünkü gittiğiniz okuldaki kişi, hoca size fon vermiyor olabilir.",4.24,Furkan Ozturk
szxWQTNNCho,000203,data/iborotti/clips/szxWQTNNCho/000203/mouth.mp4,Kendinizi fonlamanız gerekebilir özellikle seyahat ve konaklama konusunda.,3.5,Furkan Ozturk
szxWQTNNCho,000204,data/iborotti/clips/szxWQTNNCho/000204/mouth.mp4,Burada ne yapacağınız size bağlı birazcık.,2.24,Furkan Ozturk
szxWQTNNCho,000205,data/iborotti/clips/szxWQTNNCho/000205/mouth.mp4,Belki başka yöntemlerle de bunu çözebilirsiniz.,2.7,Furkan Ozturk
szxWQTNNCho,000206,data/iborotti/clips/szxWQTNNCho/000206/mouth.mp4,İşte work and travel vesaire gibi. Tam o kısımlarını bilmiyorum ama benim bunu yapmama gerek kalmamıştı onu söyleyeyim.,5.12,Furkan Ozturk
szxWQTNNCho,000207,data/iborotti/clips/szxWQTNNCho/000207/mouth.mp4,Araştırma stajları neticesinde elde ettiğim referans mektupları ve tabi buralardaki tecrübenin de özgeçmişimde bulunmasıyla birlikte sonrasında doktora programında iyi bir okula kabul alma şansım oldu.,11.46,Furkan Ozturk
szxWQTNNCho,000208,data/iborotti/clips/szxWQTNNCho/000208/mouth.mp4,Dolayısıyla bu tarz bir deneyim elde etmeniz bir şekilde gerekecek.,3.64,Furkan Ozturk
szxWQTNNCho,000209,data/iborotti/clips/szxWQTNNCho/000209/mouth.mp4,Bunu kendi üniversitenizde hiç değilse yapmaya çalışın.,3.34,Furkan Ozturk
szxWQTNNCho,000210,data/iborotti/clips/szxWQTNNCho/000210/mouth.mp4,"Bulunduğunuz okuldaki araştırma gruplarından birine, birinci, ikinci, üçüncü sınıfta yerleşmeye çalışın.",5.82,Furkan Ozturk
szxWQTNNCho,000211,data/iborotti/clips/szxWQTNNCho/000211/mouth.mp4,Burada elde edindiğiniz tecrübe sizin için önemli olacak.,2.94,Furkan Ozturk
szxWQTNNCho,000212,data/iborotti/clips/szxWQTNNCho/000212/mouth.mp4,Lisansta kesinlikle özelleşmenize gerek yok.,3.02,Furkan Ozturk
szxWQTNNCho,000213,data/iborotti/clips/szxWQTNNCho/000213/mouth.mp4,"Yani ben işte lisansta başladım, ben artık bir parçacık fizikçisiyim veya ben artık işte biyofizikçiyim demenize gerek yok.",6.76,Furkan Ozturk
szxWQTNNCho,000214,data/iborotti/clips/szxWQTNNCho/000214/mouth.mp4,"Bunu sonrasında yapacaksınız zaten, doktoranızda özelleşeceksiniz.",3.62,Furkan Ozturk
szxWQTNNCho,000215,data/iborotti/clips/szxWQTNNCho/000215/mouth.mp4,Doktoranız da dahi konu değiştirebilirsiniz ki ben yaptım.,2.86,Furkan Ozturk
szxWQTNNCho,000216,data/iborotti/clips/szxWQTNNCho/000216/mouth.mp4,Doktora sonrasında da değiştirebilirsiniz ki insanlar yapıyorlar.,3.06,Furkan Ozturk
szxWQTNNCho,000217,data/iborotti/clips/szxWQTNNCho/000217/mouth.mp4,Lisansta bunu kesinlikle yapabilirsiniz. Yani lisansta yaptığınız şeyi kesinlikle sonrasında değiştirebilirsiniz.,5.78,Furkan Ozturk
szxWQTNNCho,000218,data/iborotti/clips/szxWQTNNCho/000218/mouth.mp4,Ve lisans genel bir eğitim olduğu için zaten özelleşmenize gerek yok.,3.74,Furkan Ozturk
szxWQTNNCho,000219,data/iborotti/clips/szxWQTNNCho/000219/mouth.mp4,"Hatta özelleşmemeniz sizin için daha iyi olur ki farklı farklı birçok alanda düşünme biçimlerini, metotları, teknikleri öğrenmiş olun.",7.74,Furkan Ozturk
szxWQTNNCho,000220,data/iborotti/clips/szxWQTNNCho/000220/mouth.mp4,Yani demek istediğim olabildiğince genel bir şekilde kendinizi lisansta eğitmeye çalışın.,6.0,Furkan Ozturk
szxWQTNNCho,000221,data/iborotti/clips/szxWQTNNCho/000221/mouth.mp4,"Belirli konuları da belirleyin. Bu konularda araştırma tecrübesi edinin ki bu alanları seviyor musunuz, sevmiyor musunuz?",6.3,Furkan Ozturk
szxWQTNNCho,000222,data/iborotti/clips/szxWQTNNCho/000222/mouth.mp4,Bizzat deneyimleyerek görün. Sosyalleşmeyi unutmayın.,3.2,Furkan Ozturk
szxWQTNNCho,000223,data/iborotti/clips/szxWQTNNCho/000223/mouth.mp4,Üniversite sizin için dediğim gibi birçok imkan tanıyor.,2.9,Furkan Ozturk
szxWQTNNCho,000224,data/iborotti/clips/szxWQTNNCho/000224/mouth.mp4,"Sosyalleşerek elde edeceğiniz beceriler, genel kültür, görgü, sosyal ortamlarda nasıl davrandığınızda akademik kariyerinizde çok ciddi etkisi oluyor.",8.9,Furkan Ozturk
szxWQTNNCho,000225,data/iborotti/clips/szxWQTNNCho/000225/mouth.mp4,Bunu elbette illa bunun için yapmak zorunda değilsiniz.,2.24,Furkan Ozturk
szxWQTNNCho,000226,data/iborotti/clips/szxWQTNNCho/000226/mouth.mp4,"Neticesinde sizin kariyerinizde bir beşeri, hani münasebetlerden etkilenen bir şey.",6.0,Furkan Ozturk
szxWQTNNCho,000227,data/iborotti/clips/szxWQTNNCho/000227/mouth.mp4,İletişim becerileriniz çok önemli.,2.34,Furkan Ozturk
szxWQTNNCho,000228,data/iborotti/clips/szxWQTNNCho/000228/mouth.mp4,İletişim becerilerinizde iletişim kura kura gelişiyor.,3.28,Furkan Ozturk
szxWQTNNCho,000229,data/iborotti/clips/szxWQTNNCho/000229/mouth.mp4,Üniversitede bunu da yapmayı ihmal etmeyin derim.,2.56,Furkan Ozturk
szxWQTNNCho,000230,data/iborotti/clips/szxWQTNNCho/000230/mouth.mp4,"Muhakkak bir arkadaş çevreniz olsun, belirli aktiviteleri birlikte yaptığınız bir arkadaş çevreniz olsun.",5.4,Furkan Ozturk
szxWQTNNCho,000231,data/iborotti/clips/szxWQTNNCho/000231/mouth.mp4,Bu çok dar bir çevre de olabilir. Bunu oturtabileceğinizi düşünüyorum.,3.2,Furkan Ozturk
szxWQTNNCho,000232,data/iborotti/clips/szxWQTNNCho/000232/mouth.mp4,Özetlemek gerekirse çok heyecan verici.,2.72,Furkan Ozturk
szxWQTNNCho,000233,data/iborotti/clips/szxWQTNNCho/000233/mouth.mp4,Hayatınızın çok güzel bir dört yılı sizi bekliyor.,2.6,Furkan Ozturk
szxWQTNNCho,000234,data/iborotti/clips/szxWQTNNCho/000234/mouth.mp4,"Umarım istediğiniz, sevdiğiniz bölüme yerleşirsiniz ve bu bölümde çok çalışarak çok başarılı olursunuz.",6.14,Furkan Ozturk
szxWQTNNCho,000235,data/iborotti/clips/szxWQTNNCho/000235/mouth.mp4,"En başta dediğim gibi çok çalışmak geliyor ve fırsatları kovalamak, bu fırsatları realize etmek gerekiyor.",7.24,Furkan Ozturk
szxWQTNNCho,000236,data/iborotti/clips/szxWQTNNCho/000236/mouth.mp4,"Çünkü fırsatlar imkan, yani bunlar sizin onları değerlendirebileceğiniz anlamına gelmiyor.",4.9,Furkan Ozturk
szxWQTNNCho,000237,data/iborotti/clips/szxWQTNNCho/000237/mouth.mp4,"Üniversitede fırsatlar var ama bunlar sizin hikayenizde ancak siz onları değerlendirirseniz, siz o fırsatları kendi hikayenize dahil ederseniz anlamlı oluyor.",10.28,Furkan Ozturk
szxWQTNNCho,000238,data/iborotti/clips/szxWQTNNCho/000238/mouth.mp4,Bunu da hiç unutmayın. Yani bunları olabildiğince çok değerlendirmeye çalışın.,4.58,Furkan Ozturk
szxWQTNNCho,000239,data/iborotti/clips/szxWQTNNCho/000239/mouth.mp4,Çünkü değerlendiremediğiniz fırsatın hiçbir manası yok.,3.66,Furkan Ozturk
szxWQTNNCho,000240,data/iborotti/clips/szxWQTNNCho/000240/mouth.mp4,Söyleyeceklerim bu kadar. Tercih döneminde başarılar.,3.06,Furkan Ozturk
tLL1l2x2XBw,000000,data/iborotti/clips/tLL1l2x2XBw/000000/mouth.mp4,"Herkese merhaba, Güncel Türkçe 'ye tekrar hoş geldin.",3.86,Guncel Turkce Learn Turkish
tLL1l2x2XBw,000001,data/iborotti/clips/tLL1l2x2XBw/000001/mouth.mp4,Ben Feyza. Yabancılar için Türkçe serimizin 3.,4.16,Guncel Turkce Learn Turkish
tLL1l2x2XBw,000002,data/iborotti/clips/tLL1l2x2XBw/000002/mouth.mp4,dersindeyiz. Önceki videoları izlemediysen onları izlemeni tavsiye ederim.,5.54,Guncel Turkce Learn Turkish
tLL1l2x2XBw,000003,data/iborotti/clips/tLL1l2x2XBw/000003/mouth.mp4,"Bu dersimizde şahıs zamirlerini, işaret zamirlerini ve çoğul ekini öğreneceğiz.",7.2,Guncel Turkce Learn Turkish
tLL1l2x2XBw,000004,data/iborotti/clips/tLL1l2x2XBw/000004/mouth.mp4,Hadi başlayalım! Çoğul eki ile başlayabiliriz.,4.12,Guncel Turkce Learn Turkish
tLL1l2x2XBw,000005,data/iborotti/clips/tLL1l2x2XBw/000005/mouth.mp4,Birden fazla varlığı ifade etmek istiyorsak çoğul ekini kullanabiliriz.,5.58,Guncel Turkce Learn Turkish
tLL1l2x2XBw,000006,data/iborotti/clips/tLL1l2x2XBw/000006/mouth.mp4,Örneğin bu elimdeki bir kalem.,2.64,Guncel Turkce Learn Turkish
tLL1l2x2XBw,000007,data/iborotti/clips/tLL1l2x2XBw/000007/mouth.mp4,Eğer benim birden fazla kalemim varsa bunu kalemler diyerek ifade edebilirim.,7.6,Guncel Turkce Learn Turkish
tLL1l2x2XBw,000022,data/iborotti/clips/tLL1l2x2XBw/000022/mouth.mp4,"Hadi bakalım sen bir düşün, bulabilecek misin?",3.3,Guncel Turkce Learn Turkish
tLL1l2x2XBw,000023,data/iborotti/clips/tLL1l2x2XBw/000023/mouth.mp4,"Çanta Evet, doğru söyledin.",3.4,Guncel Turkce Learn Turkish
tLL1l2x2XBw,000029,data/iborotti/clips/tLL1l2x2XBw/000029/mouth.mp4,Şimdi istisna durumlara bakalım.,2.58,Guncel Turkce Learn Turkish
tLL1l2x2XBw,000032,data/iborotti/clips/tLL1l2x2XBw/000032/mouth.mp4,Türkçe saatler. Kurala göre doğru gibi gözükse de yanlış.,5.42,Guncel Turkce Learn Turkish
tLL1l2x2XBw,000034,data/iborotti/clips/tLL1l2x2XBw/000034/mouth.mp4,"Saatler. Çünkü saatler bizim için söylemesi, telaffuz etmesi gerçekten zor.",6.72,Guncel Turkce Learn Turkish
tLL1l2x2XBw,000040,data/iborotti/clips/tLL1l2x2XBw/000040/mouth.mp4,Varlıkların yerini gösteren zamirlerdir.,3.46,Guncel Turkce Learn Turkish
tLL1l2x2XBw,000059,data/iborotti/clips/tLL1l2x2XBw/000059/mouth.mp4,Az önce örnek de vermiştim. Bir bakalım.,2.8,Guncel Turkce Learn Turkish
tLL1l2x2XBw,000060,data/iborotti/clips/tLL1l2x2XBw/000060/mouth.mp4,Bunlar kalemler.,2.58,Guncel Turkce Learn Turkish
tLL1l2x2XBw,000073,data/iborotti/clips/tLL1l2x2XBw/000073/mouth.mp4,Eğer olumsuz söyleyeceksem şu defter değil.,3.92,Guncel Turkce Learn Turkish
tLL1l2x2XBw,000074,data/iborotti/clips/tLL1l2x2XBw/000074/mouth.mp4,O defter değil olarak söyleyebilirim.,4.62,Guncel Turkce Learn Turkish
tLL1l2x2XBw,000089,data/iborotti/clips/tLL1l2x2XBw/000089/mouth.mp4,Videonun sonundaki alıştırmaları yapıp yorumlara yazmayı unutma.,4.74,Guncel Turkce Learn Turkish
tLL1l2x2XBw,000090,data/iborotti/clips/tLL1l2x2XBw/000090/mouth.mp4,Hepinizin cevaplarını bekliyorum.,2.34,Guncel Turkce Learn Turkish
tLL1l2x2XBw,000091,data/iborotti/clips/tLL1l2x2XBw/000091/mouth.mp4,Bir dahaki derste görüşmek üzere. Kendine çok iyi bak. Hoşçakal!,4.06,Guncel Turkce Learn Turkish
